-- phpMyAdmin SQL Dump
-- version 4.8.2
-- https://www.phpmyadmin.net/
--
-- Hôte : 127.0.0.1
-- Généré le :  mer. 24 oct. 2018 à 13:03
-- Version du serveur :  10.1.34-MariaDB
-- Version de PHP :  7.2.7

SET SQL_MODE = "NO_AUTO_VALUE_ON_ZERO";
SET AUTOCOMMIT = 0;
START TRANSACTION;
SET time_zone = "+00:00";


/*!40101 SET @OLD_CHARACTER_SET_CLIENT=@@CHARACTER_SET_CLIENT */;
/*!40101 SET @OLD_CHARACTER_SET_RESULTS=@@CHARACTER_SET_RESULTS */;
/*!40101 SET @OLD_COLLATION_CONNECTION=@@COLLATION_CONNECTION */;
/*!40101 SET NAMES utf8mb4 */;

--
-- Base de données :  `observatory`
--

-- --------------------------------------------------------

--
-- Structure de la table `commentaire`
--

CREATE TABLE `commentaire` (
  `id` int(11) NOT NULL,
  `titre` varchar(255) DEFAULT NULL,
  `content` text,
  `dateComment` datetime DEFAULT NULL,
  `etat` varchar(10) DEFAULT NULL,
  `is_quest` tinyint(1) DEFAULT NULL,
  `is_rep` tinyint(1) DEFAULT NULL,
  `id_parent` int(11) DEFAULT NULL,
  `emetteur` int(11) DEFAULT NULL,
  `recepteur` int(11) DEFAULT NULL,
  `form_item_id` int(11) DEFAULT NULL
) ENGINE=InnoDB DEFAULT CHARSET=utf8;

--
-- Déchargement des données de la table `commentaire`
--

INSERT INTO `commentaire` (`id`, `titre`, `content`, `dateComment`, `etat`, `is_quest`, `is_rep`, `id_parent`, `emetteur`, `recepteur`, `form_item_id`) VALUES
(7, NULL, 'moi le pere vngfg xsfsdd ', '2018-07-06 21:39:30', '1', NULL, NULL, NULL, 8, 8, 5),
(8, NULL, 'test123654', '2018-07-06 21:39:42', '1', NULL, NULL, NULL, 8, 8, 518),
(9, NULL, 'il a un papa sdlkfhsdkjfhksd qsdfkjdsf qsdhkfkdhf sqgdqy eyyrez ezryzuit retreit zrturiote zyiryrztiure zyreziuret rztyeruter zrtyretuiert rziutrezutre zrtieriytrez zriyteriutze', '2018-07-06 23:29:27', '1', 1, NULL, 7, 8, 8, 772),
(10, NULL, 'fdsfds sdfdsf', '2018-07-13 23:37:56', '1', NULL, NULL, NULL, 8, 8, 769),
(11, 'comment 1', 'test titre', '2018-09-23 21:52:29', '1', NULL, NULL, NULL, 8, 8, NULL);

-- --------------------------------------------------------

--
-- Structure de la table `commentaire_reponse`
--

CREATE TABLE `commentaire_reponse` (
  `id` int(11) NOT NULL,
  `content` text,
  `dateResponse` datetime DEFAULT NULL,
  `etat` varchar(10) DEFAULT NULL,
  `id_commentaire` int(11) DEFAULT NULL,
  `dateComment` datetime DEFAULT NULL
) ENGINE=InnoDB DEFAULT CHARSET=utf8;

--
-- Déchargement des données de la table `commentaire_reponse`
--

INSERT INTO `commentaire_reponse` (`id`, `content`, `dateResponse`, `etat`, `id_commentaire`, `dateComment`) VALUES
(1, 'test 123 hdkjsfhkds sdkjfhsdkjfs sdkfhsqkjdf sdjhfkjsdf dsjhfqkjsdg', NULL, NULL, 7, NULL),
(2, '2 hjdsfsd sdhfsdkjf dsfdjfklds dfhskfsd sdfsdkghfdg d', NULL, NULL, 7, NULL),
(3, '4test 123 hdkjsfhkds sdkjfhsdkjfs sdkfhsqkjdf sdjhfkjsdf dsjhfqkjsdg', NULL, NULL, 9, NULL),
(4, '3 hjdsfsd sdhfsdkjf dsfdjfklds dfhskfsd sdfsdkghfdg d', NULL, NULL, 7, NULL);

-- --------------------------------------------------------

--
-- Structure de la table `formulaire`
--

CREATE TABLE `formulaire` (
  `id` int(11) NOT NULL,
  `code_dossier` varchar(255) DEFAULT NULL,
  `etat` varchar(20) DEFAULT NULL,
  `date_creation` datetime DEFAULT NULL,
  `q1_fi` varchar(3) DEFAULT NULL,
  `q2_fi` varchar(3) DEFAULT NULL,
  `q3_fi` varchar(3) DEFAULT NULL,
  `q4_fi` varchar(3) DEFAULT NULL,
  `q5_fi` varchar(3) DEFAULT NULL,
  `q6_fi` varchar(3) DEFAULT NULL,
  `q7_fi` varchar(255) DEFAULT NULL,
  `statutEtapeDescription` varchar(10) DEFAULT NULL,
  `id_organe` int(11) DEFAULT NULL,
  `id_patient` int(11) DEFAULT NULL,
  `medecinIns` varchar(255) DEFAULT NULL,
  `id_utilisateur` int(11) DEFAULT NULL
) ENGINE=InnoDB DEFAULT CHARSET=utf8;

--
-- Déchargement des données de la table `formulaire`
--

INSERT INTO `formulaire` (`id`, `code_dossier`, `etat`, `date_creation`, `q1_fi`, `q2_fi`, `q3_fi`, `q4_fi`, `q5_fi`, `q6_fi`, `q7_fi`, `statutEtapeDescription`, `id_organe`, `id_patient`, `medecinIns`, `id_utilisateur`) VALUES
(1, 'e6c6e305-3fcc-4fbb-8156-2982e8d3660c', '7', '2018-10-22 10:46:16', '1', '1', '0', '0', '0', '0', NULL, 'ok', 5, 84, NULL, NULL),
(2, '3ae1c1a8-04a1-4890-8e6d-74a9a2179cf7', '7', '2018-10-23 21:07:31', '1', '1', '0', '0', '0', '0', NULL, 'ok', 5, 85, NULL, NULL),
(3, 'd8663834-652a-4792-8751-6d1306b3765a', '7', '2018-10-23 21:39:01', '1', '1', '0', '0', '0', '0', NULL, 'ok', 5, 86, NULL, NULL),
(4, 'ba205c21-4321-45cf-adf5-1e219eb7cbf4', '7', '2018-10-23 21:56:32', '1', '1', '0', '0', '0', '0', NULL, 'ok', 5, 87, NULL, NULL),
(5, '68d9f001-3e8d-445b-a63a-3b9850baae81', '7', '2018-10-23 22:39:34', '1', '1', '0', '0', '0', '0', NULL, 'ok', 5, 88, NULL, NULL),
(6, '4a4a712e-aca7-4559-95e6-5d698fdb46c8', '7', '2018-10-23 22:54:31', '1', '1', '0', '0', '0', '0', NULL, 'ok', 5, 89, NULL, NULL),
(7, '63e3077d-651d-4e97-a571-74f01a758532', 'initial', '2018-10-23 23:12:47', NULL, NULL, NULL, NULL, NULL, NULL, NULL, NULL, NULL, 90, NULL, NULL),
(8, 'ddf0f451-1843-470a-849b-6c3a62dff172', '7', '2018-10-23 23:13:04', '1', '1', '0', '0', '0', '0', NULL, 'ok', 5, 91, NULL, NULL),
(9, '4e9219b7-580e-4f92-8d23-32926a0d212d', '7', '2018-10-23 23:18:28', '1', '1', '0', '0', '0', '0', NULL, 'ok', 5, 92, NULL, NULL),
(10, 'cb50b998-2456-4b39-a2a1-68cdbe0028a6', '7', '2018-10-23 23:33:29', '1', '1', '0', '0', '0', '0', NULL, 'ok', 5, 93, NULL, NULL),
(11, 'ccb82e0e-e7ce-446f-8cd0-e6882431933a', '7', '2018-10-23 23:35:52', '1', '1', '0', '0', '0', '0', NULL, 'ok', 5, 94, NULL, NULL),
(12, 'a6736038-dc53-4946-957d-9f285e0c0e76', '7', '2018-10-23 23:53:13', '1', '1', '0', '0', '0', '0', NULL, 'ok', 5, 95, NULL, NULL),
(13, '18491c7c-80b2-4d1a-bcf5-63de8180bef3', '7', '2018-10-24 00:06:29', '1', '1', '0', '0', '0', '0', NULL, 'ok', 5, 96, NULL, NULL),
(14, '9e233076-88a8-4458-9e51-0cf435e33201', '7', '2018-10-24 00:09:28', '1', '1', '0', '0', '0', '0', NULL, 'ok', 5, 97, NULL, NULL),
(15, '6ed3aa5b-bae8-4c54-b990-ed5506a58be3', '7', '2018-10-24 00:25:27', '1', '1', '0', '0', '0', '0', NULL, 'ok', 5, 98, NULL, NULL),
(16, '1d07ea5e-133d-43b7-918b-a6261edef9d7', '7', '2018-10-24 00:30:58', '1', '1', '0', '0', '0', '0', NULL, 'ok', 5, 99, NULL, NULL),
(17, '51e2fdf0-0365-4dc7-9d3c-271d02b64dbd', '7', '2018-10-24 00:36:54', '1', '1', '0', '0', '0', '0', NULL, 'ok', 5, 100, NULL, NULL),
(18, '6f490189-bed0-446a-b786-c576c1ad2011', '7', '2018-10-24 00:47:44', '1', '1', '0', '0', '0', '0', NULL, 'ok', 5, 101, NULL, NULL),
(19, 'c3c10d77-eb0b-4145-9db5-bbcd570337f4', '7', '2018-10-24 00:51:21', '1', '1', '0', '0', '0', '0', NULL, 'ok', 5, 102, NULL, NULL),
(20, '67658d7b-56ca-462d-a0d4-7b44ccee385d', '7', '2018-10-24 01:08:33', '1', '1', '0', '0', '0', '0', NULL, 'ok', 5, 103, NULL, NULL),
(21, '35b4bb2a-c809-4aa4-aa97-a118e3feb218', '7', '2018-10-24 01:19:05', '1', '1', '0', '0', '0', '0', NULL, 'ok', 5, 104, NULL, NULL),
(22, 'e23c2c63-2b41-41c4-a51d-06c40b6a15fa', '7', '2018-10-24 01:24:15', '1', '1', '0', '0', '0', '0', NULL, 'ok', 5, 105, NULL, NULL),
(23, '36243312-ed42-4b94-bf22-8d0fcdf415af', '3', '2018-10-24 01:37:52', '1', '1', '0', '0', '0', '0', NULL, 'ok', 5, 106, NULL, NULL);

-- --------------------------------------------------------

--
-- Structure de la table `formulaire_historique`
--

CREATE TABLE `formulaire_historique` (
  `id` int(11) NOT NULL,
  `operation` varchar(200) DEFAULT NULL,
  `etape` varchar(10) DEFAULT NULL,
  `date_modification` datetime DEFAULT NULL,
  `id_utilisateur` int(11) DEFAULT NULL,
  `id_formulaire` int(11) DEFAULT NULL
) ENGINE=InnoDB DEFAULT CHARSET=utf8;

--
-- Déchargement des données de la table `formulaire_historique`
--

INSERT INTO `formulaire_historique` (`id`, `operation`, `etape`, `date_modification`, `id_utilisateur`, `id_formulaire`) VALUES
(1, 'creation', '1', '2018-10-22 10:46:16', 8, 1),
(2, 'creation', '1', '2018-10-23 21:07:31', 8, 2),
(3, 'creation', '1', '2018-10-23 21:39:01', 8, 3),
(4, 'creation', '1', '2018-10-23 21:56:32', 8, 4),
(5, 'creation', '1', '2018-10-23 22:39:34', 8, 5),
(6, 'creation', '1', '2018-10-23 22:54:31', 8, 6),
(7, 'creation', '1', '2018-10-23 23:13:04', 8, 8),
(8, 'creation', '1', '2018-10-23 23:18:28', 8, 9),
(9, 'creation', '1', '2018-10-23 23:33:29', 8, 10),
(10, 'creation', '1', '2018-10-23 23:35:52', 8, 11),
(11, 'creation', '1', '2018-10-23 23:53:13', 8, 12),
(12, 'creation', '1', '2018-10-24 00:06:29', 8, 13),
(13, 'creation', '1', '2018-10-24 00:09:28', 8, 14),
(14, 'creation', '1', '2018-10-24 00:25:27', 8, 15),
(15, 'creation', '1', '2018-10-24 00:30:58', 8, 16),
(16, 'creation', '1', '2018-10-24 00:36:54', 8, 17),
(17, 'creation', '1', '2018-10-24 00:47:44', 8, 18),
(18, 'creation', '1', '2018-10-24 00:51:21', 8, 19),
(19, 'creation', '1', '2018-10-24 01:08:33', 8, 20),
(20, 'creation', '1', '2018-10-24 01:19:05', 8, 21),
(21, 'creation', '1', '2018-10-24 01:24:15', 8, 22),
(22, 'creation', '1', '2018-10-24 01:37:52', 8, 23);

-- --------------------------------------------------------

--
-- Structure de la table `formulaire_item`
--

CREATE TABLE `formulaire_item` (
  `id` int(11) NOT NULL,
  `date` datetime DEFAULT NULL,
  `valeur_item` varchar(255) DEFAULT NULL,
  `etape` varchar(10) DEFAULT NULL,
  `statut` varchar(50) DEFAULT NULL,
  `id_formulaire` int(11) DEFAULT NULL,
  `id_item` int(11) DEFAULT NULL,
  `id_pj` int(11) DEFAULT NULL
) ENGINE=InnoDB DEFAULT CHARSET=utf8;

--
-- Déchargement des données de la table `formulaire_item`
--

INSERT INTO `formulaire_item` (`id`, `date`, `valeur_item`, `etape`, `statut`, `id_formulaire`, `id_item`, `id_pj`) VALUES
(1, '2018-10-22 16:35:47', '0', '2', 'ko', 1, 1, NULL),
(2, '2018-10-22 16:35:47', '0', '2', 'ko', 1, 2, NULL),
(3, '2018-10-22 16:35:47', '0', '2', 'ko', 1, 3, NULL),
(4, '2018-10-22 16:35:47', '0', '2', 'ko', 1, 4, NULL),
(5, '2018-10-22 16:35:47', '0', '2', 'ko', 1, 5, NULL),
(6, '2018-10-22 16:35:47', '', '2', 'ko', 1, 9, NULL),
(7, '2018-10-22 16:35:47', '', '2', 'ko', 1, 10, NULL),
(8, '2018-10-22 16:35:47', '40', '2', 'ko', 1, 11, NULL),
(9, '2018-10-22 16:35:47', '1.5', '2', 'ko', 1, 12, NULL),
(10, '2018-10-22 16:35:47', '17.78', '2', 'ko', 1, 13, NULL),
(11, '2018-10-22 16:35:47', '10', '2', 'ko', 1, 14, NULL),
(12, '2018-10-22 16:35:47', '20.00', '2', 'ko', 1, 15, NULL),
(13, '2018-10-22 16:35:47', '11.8', '2', 'ko', 1, 16, NULL),
(14, '2018-10-22 16:35:47', '32.95', '2', 'ko', 1, 20, NULL),
(15, '2018-10-23 21:05:18', '9.31', '3', 'termine', 1, 26, NULL),
(16, '2018-10-23 21:05:18', '33.6', '3', 'termine', 1, 27, NULL),
(17, '2018-10-23 21:05:18', '1', '3', 'termine', 1, 29, NULL),
(18, '2018-10-23 21:05:18', '0', '3', 'termine', 1, 30, NULL),
(19, '2018-10-23 21:05:18', '0', '3', 'termine', 1, 31, NULL),
(20, '2018-10-23 21:05:18', '0', '3', 'termine', 1, 32, NULL),
(21, '2018-10-23 21:05:18', '', '3', 'termine', 1, 33, NULL),
(22, '2018-10-23 21:05:18', '1', '3', 'termine', 1, 34, NULL),
(23, '2018-10-23 21:05:18', '1', '3', 'termine', 1, 35, NULL),
(24, '2018-10-23 21:05:18', '0', '3', 'termine', 1, 38, NULL),
(25, '2018-10-23 21:05:18', '0', '3', 'termine', 1, 42, NULL),
(26, '2018-10-23 21:05:18', '0', '3', 'termine', 1, 43, NULL),
(27, '2018-10-23 21:05:18', '0', '3', 'termine', 1, 48, NULL),
(28, '2018-10-23 21:05:18', '4', '3', 'termine', 1, 55, NULL),
(29, '2018-10-23 21:05:18', '0', '3', 'termine', 1, 56, NULL),
(30, '2018-10-23 21:05:18', '0', '3', 'termine', 1, 67, NULL),
(31, '2018-10-23 21:05:18', '1', '3', 'termine', 1, 68, NULL),
(32, '2018-10-23 21:05:18', '1', '3', 'termine', 1, 69, NULL),
(33, '2018-10-23 21:05:18', '0', '3', 'termine', 1, 217, NULL),
(34, '2018-10-23 21:05:18', '0', '3', 'termine', 1, 218, NULL),
(35, '2018-10-23 21:05:18', '0', '3', 'termine', 1, 219, NULL),
(36, '2018-10-23 21:05:18', '0', '3', 'termine', 1, 220, NULL),
(37, '2018-10-22 23:00:12', '28/09/2017', '4', 'termine', 1, 72, NULL),
(38, '2018-10-22 23:00:12', '03/01/2018', '4', 'termine', 1, 73, NULL),
(39, '2018-10-22 23:00:12', '97', '4', 'termine', 1, 74, NULL),
(40, '2018-10-22 23:00:12', '0', '4', 'termine', 1, 75, NULL),
(41, '2018-10-22 23:00:12', '0', '4', 'termine', 1, 77, NULL),
(42, '2018-10-22 23:00:12', '0', '4', 'termine', 1, 76, NULL),
(43, '2018-10-22 23:00:12', '09/09/9999', '4', 'termine', 1, 78, NULL),
(44, '2018-10-22 23:00:12', '09/09/9999', '4', 'termine', 1, 79, NULL),
(45, '2018-10-22 23:00:12', '36', '4', 'termine', 1, 83, NULL),
(46, '2018-10-22 23:00:12', '0', '4', 'termine', 1, 84, NULL),
(47, '2018-10-22 23:00:12', '03/01/2018', '4', 'termine', 1, 85, NULL),
(48, '2018-10-22 23:00:12', '0', '4', 'termine', 1, 86, NULL),
(49, '2018-10-22 23:00:12', '0', '4', 'termine', 1, 87, NULL),
(50, '2018-10-22 23:00:12', '0', '4', 'termine', 1, 88, NULL),
(51, '2018-10-22 23:00:12', '0', '4', 'termine', 1, 89, NULL),
(52, '2018-10-22 23:00:12', '0', '4', 'termine', 1, 96, NULL),
(53, '2018-10-22 23:00:12', '1', '4', 'termine', 2, 99, NULL),
(54, '2018-10-22 23:00:12', '2', '4', 'termine', 1, 100, NULL),
(55, '2018-10-22 23:00:12', '5', '4', 'termine', 1, 104, NULL),
(56, '2018-10-22 23:00:12', '', '4', 'termine', 1, 105, NULL),
(57, '2018-10-22 23:00:12', '4', '4', 'termine', 1, 108, NULL),
(58, '2018-10-22 23:00:12', '0', '4', 'termine', 1, 135, NULL),
(59, '2018-10-22 23:00:12', '0', '4', 'termine', 1, 262, NULL),
(60, '2018-10-22 23:00:12', '0', '4', 'termine', 1, 257, NULL),
(61, '2018-10-22 23:00:12', '0', '4', 'termine', 1, 258, NULL),
(62, '2018-10-22 23:00:12', '0', '4', 'termine', 1, 259, NULL),
(63, '2018-10-22 23:00:12', '0', '4', 'termine', 1, 265, NULL),
(64, '2018-10-22 23:00:12', '0', '4', 'termine', 1, 260, NULL),
(65, '2018-10-22 23:00:12', '0', '4', 'termine', 1, 241, NULL),
(66, '2018-10-22 23:00:12', '0', '4', 'termine', 1, 221, NULL),
(67, '2018-10-22 23:00:12', '0', '4', 'termine', 1, 222, NULL),
(68, '2018-10-22 23:00:12', '0', '4', 'termine', 1, 106, NULL),
(69, '2018-10-22 23:00:12', '1', '4', 'termine', 1, 146, NULL),
(70, '2018-10-22 23:00:12', '1', '4', 'termine', 1, 147, NULL),
(71, '2018-10-22 23:00:12', '270', '4', 'termine', 1, 148, NULL),
(72, '2018-10-22 23:00:12', '500', '4', 'termine', 1, 149, NULL),
(73, '2018-10-22 23:00:12', '0', '4', 'termine', 1, 150, NULL),
(74, '2018-10-23 20:57:15', '0', '5', 'ko', 1, 151, NULL),
(75, '2018-10-23 20:57:15', '0', '5', 'ko', 1, 152, NULL),
(76, '2018-10-23 20:57:15', '0', '5', 'ko', 1, 153, NULL),
(77, '2018-10-23 20:57:15', '0', '5', 'ko', 1, 154, NULL),
(78, '2018-10-23 20:57:15', '0', '5', 'ko', 1, 155, NULL),
(79, '2018-10-23 20:57:15', '1', '5', 'ko', 1, 268, NULL),
(80, '2018-10-23 20:57:15', '0', '5', 'ko', 1, 223, NULL),
(81, '2018-10-23 20:57:15', '0', '5', 'ko', 1, 224, NULL),
(82, '2018-10-23 20:57:15', '0', '5', 'ko', 1, 225, NULL),
(83, '2018-10-23 20:57:15', '5', '5', 'ko', 1, 166, NULL),
(84, '2018-10-23 20:57:15', '', '5', 'ko', 1, 163, NULL),
(85, '2018-10-23 20:57:15', '', '5', 'ko', 1, 230, NULL),
(86, '2018-10-23 20:57:15', '5', '5', 'ko', 1, 167, NULL),
(87, '2018-10-23 20:57:15', '12/01/2018', '5', 'ko', 1, 168, NULL),
(88, '2018-10-23 20:57:15', '9', '5', 'ko', 1, 169, NULL),
(89, '2018-10-23 20:57:15', '0', '5', 'ko', 1, 170, NULL),
(90, '2018-10-23 20:57:15', '6', '5', 'ko', 1, 231, NULL),
(91, '2018-10-23 20:57:15', '0', '5', 'ko', 1, 269, NULL),
(92, '2018-10-23 20:57:15', '', '5', 'ko', 1, 270, NULL),
(93, '2018-10-23 21:01:24', '0', '6', 'termine', 1, 174, NULL),
(94, '2018-10-23 21:01:24', '0', '6', 'termine', 1, 175, NULL),
(95, '2018-10-23 21:01:24', '0', '6', 'termine', 1, 176, NULL),
(96, '2018-10-23 21:01:24', '0', '6', 'termine', 1, 226, NULL),
(97, '2018-10-23 21:01:24', '1', '6', 'termine', 1, 227, NULL),
(98, '2018-10-23 21:01:24', '0', '6', 'termine', 1, 228, NULL),
(99, '2018-10-23 21:01:24', '1', '6', 'termine', 1, 185, NULL),
(100, '2018-10-23 21:01:24', '4', '6', 'termine', 1, 178, NULL),
(101, '2018-10-23 21:01:24', '4', '6', 'termine', 1, 192, NULL),
(102, '2018-10-23 21:01:24', '3', '6', 'termine', 1, 193, NULL),
(103, '2018-10-23 21:01:24', '0', '6', 'termine', 1, 194, NULL),
(104, '2018-10-23 21:01:24', '4', '6', 'termine', 1, 195, NULL),
(105, '2018-10-23 21:01:24', '0', '6', 'termine', 1, 196, NULL),
(106, '2018-10-23 21:01:24', '0', '6', 'termine', 1, 197, NULL),
(107, '2018-10-23 21:01:24', '', '6', 'termine', 1, 198, NULL),
(108, '2018-10-23 21:01:24', '', '6', 'termine', 1, 199, NULL),
(109, '2018-10-23 21:01:24', '1', '6', 'termine', 1, 202, NULL),
(110, '2018-10-23 21:01:24', '0', '6', 'termine', 1, 203, NULL),
(111, '2018-10-23 21:01:24', '09/09/9999', '6', 'termine', 1, 204, NULL),
(112, '2018-10-23 21:01:24', '', '6', 'termine', 1, 205, NULL),
(113, '2018-10-23 21:02:48', '25/02/2018', '7', 'ko', 1, 208, NULL),
(114, '2018-10-23 21:02:48', '122', '7', 'ko', 1, 209, NULL),
(115, '2018-10-23 21:02:48', '', '7', 'ko', 1, 210, NULL),
(116, '2018-10-23 21:02:48', '0', '7', 'ko', 1, 211, NULL),
(117, '2018-10-23 21:02:48', '', '7', 'ko', 1, 212, NULL),
(118, '2018-10-23 21:02:48', '', '7', 'ko', 1, 213, NULL),
(119, '2018-10-23 21:02:48', '0', '7', 'ko', 1, 214, NULL),
(120, '2018-10-23 21:02:48', '', '7', 'ko', 1, 216, NULL),
(121, '2018-10-23 21:02:48', '', '7', 'ko', 1, 229, NULL),
(122, '2018-10-23 21:12:54', '0', '2', 'ko', 2, 1, NULL),
(123, '2018-10-23 21:12:54', '0', '2', 'ko', 2, 2, NULL),
(124, '2018-10-23 21:12:54', '0', '2', 'ko', 2, 3, NULL),
(125, '2018-10-23 21:12:54', '0', '2', 'ko', 2, 4, NULL),
(126, '2018-10-23 21:12:54', '0', '2', 'ko', 2, 5, NULL),
(127, '2018-10-23 21:12:54', '', '2', 'ko', 2, 9, NULL),
(128, '2018-10-23 21:12:54', '', '2', 'ko', 2, 10, NULL),
(129, '2018-10-23 21:12:54', '50', '2', 'ko', 2, 11, NULL),
(130, '2018-10-23 21:12:54', '1.6', '2', 'ko', 2, 12, NULL),
(131, '2018-10-23 21:12:54', '19.53', '2', 'ko', 2, 13, NULL),
(132, '2018-10-23 21:12:54', '999', '2', 'ko', 2, 14, NULL),
(133, '2018-10-23 21:12:54', '999', '2', 'ko', 2, 15, NULL),
(134, '2018-10-23 21:12:54', '9.6', '2', 'ko', 2, 16, NULL),
(135, '2018-10-23 21:12:54', '999', '2', 'ko', 2, 20, NULL),
(136, '2018-10-23 21:23:19', '999', '3', 'termine', 2, 26, NULL),
(137, '2018-10-23 21:23:19', '999', '3', 'termine', 2, 27, NULL),
(138, '2018-10-23 21:23:19', '1', '3', 'termine', 2, 29, NULL),
(139, '2018-10-23 21:23:19', '0', '3', 'termine', 2, 30, NULL),
(140, '2018-10-23 21:23:19', '1', '3', 'termine', 2, 31, NULL),
(141, '2018-10-23 21:23:19', '0', '3', 'termine', 2, 32, NULL),
(142, '2018-10-23 21:23:19', '', '3', 'termine', 2, 33, NULL),
(143, '2018-10-23 21:23:19', '1', '3', 'termine', 2, 34, NULL),
(144, '2018-10-23 21:23:19', '1', '3', 'termine', 2, 35, NULL),
(145, '2018-10-23 21:23:19', '1', '3', 'termine', 2, 38, NULL),
(146, '2018-10-23 21:23:19', '0', '3', 'termine', 2, 42, NULL),
(147, '2018-10-23 21:23:19', '1', '3', 'termine', 2, 43, NULL),
(148, '2018-10-23 21:23:19', '0', '3', 'termine', 2, 48, NULL),
(149, '2018-10-23 21:23:19', '5', '3', 'termine', 2, 55, NULL),
(150, '2018-10-23 21:23:19', '0', '3', 'termine', 2, 56, NULL),
(151, '2018-10-23 21:23:19', '5', '3', 'termine', 2, 67, NULL),
(152, '2018-10-23 21:23:19', '2', '3', 'termine', 2, 68, NULL),
(153, '2018-10-23 21:23:19', '1', '3', 'termine', 2, 69, NULL),
(154, '2018-10-23 21:23:19', '0', '3', 'termine', 2, 217, NULL),
(155, '2018-10-23 21:23:19', '0', '3', 'termine', 2, 218, NULL),
(156, '2018-10-23 21:23:19', '0', '3', 'termine', 2, 219, NULL),
(157, '2018-10-23 21:23:19', '0', '3', 'termine', 2, 220, NULL),
(158, '2018-10-23 21:33:01', '09/09/9999', '4', 'ko', 2, 72, NULL),
(159, '2018-10-23 21:33:01', '20/09/2017', '4', 'ko', 2, 73, NULL),
(160, '2018-10-23 21:33:01', '0', '4', 'ko', 2, 74, NULL),
(161, '2018-10-23 21:33:01', '1', '4', 'ko', 2, 75, NULL),
(162, '2018-10-23 21:33:01', '0', '4', 'ko', 2, 77, NULL),
(163, '2018-10-23 21:33:01', '0', '4', 'ko', 2, 76, NULL),
(164, '2018-10-23 21:33:01', '20/09/2017', '4', 'ko', 2, 78, NULL),
(165, '2018-10-23 21:33:01', '30/10/2017', '4', 'ko', 2, 79, NULL),
(166, '2018-10-23 21:33:01', '39', '4', 'ko', 2, 83, NULL),
(167, '2018-10-23 21:33:01', '0', '4', 'ko', 2, 84, NULL),
(168, '2018-10-23 21:33:01', '09/01/2018', '4', 'ko', 2, 85, NULL),
(169, '2018-10-23 21:33:01', '0', '4', 'ko', 2, 86, NULL),
(170, '2018-10-23 21:33:01', '71', '4', 'ko', 2, 87, NULL),
(171, '2018-10-23 21:33:01', '0', '4', 'ko', 2, 88, NULL),
(172, '2018-10-23 21:33:01', '0', '4', 'ko', 2, 89, NULL),
(173, '2018-10-23 21:33:01', '0', '4', 'ko', 2, 96, NULL),
(174, '2018-10-23 21:33:01', '1', '4', 'ko', 2, 99, NULL),
(175, '2018-10-23 21:33:01', '1', '4', 'ko', 2, 100, NULL),
(176, '2018-10-23 21:33:01', '1', '4', 'ko', 2, 104, NULL),
(177, '2018-10-23 21:33:01', '999', '4', 'ko', 2, 105, NULL),
(178, '2018-10-23 21:33:01', '999', '4', 'ko', 2, 108, NULL),
(179, '2018-10-23 21:33:01', '1', '4', 'ko', 2, 135, NULL),
(180, '2018-10-23 21:33:01', '', '4', 'ko', 2, 262, NULL),
(181, '2018-10-23 21:33:01', '', '4', 'ko', 2, 257, NULL),
(182, '2018-10-23 21:33:01', '', '4', 'ko', 2, 258, NULL),
(183, '2018-10-23 21:33:01', '', '4', 'ko', 2, 259, NULL),
(184, '2018-10-23 21:33:01', '', '4', 'ko', 2, 265, NULL),
(185, '2018-10-23 21:33:01', '', '4', 'ko', 2, 260, NULL),
(186, '2018-10-23 21:33:01', '2', '4', 'ko', 2, 241, NULL),
(187, '2018-10-23 21:33:01', '2', '4', 'ko', 2, 221, NULL),
(188, '2018-10-23 21:33:01', '2', '4', 'ko', 2, 222, NULL),
(189, '2018-10-23 21:33:01', '2', '4', 'ko', 2, 106, NULL),
(190, '2018-10-23 21:33:01', '0', '4', 'ko', 2, 146, NULL),
(191, '2018-10-23 21:33:01', '0', '4', 'ko', 2, 147, NULL),
(192, '2018-10-23 21:33:01', '360', '4', 'ko', 2, 148, NULL),
(193, '2018-10-23 21:33:01', '300', '4', 'ko', 2, 149, NULL),
(194, '2018-10-23 21:33:01', '0', '4', 'ko', 2, 150, NULL),
(195, '2018-10-23 21:35:02', '0', '5', 'ko', 2, 151, NULL),
(196, '2018-10-23 21:35:02', '2', '5', 'ko', 2, 152, NULL),
(197, '2018-10-23 21:35:02', '0', '5', 'ko', 2, 153, NULL),
(198, '2018-10-23 21:35:02', '0', '5', 'ko', 2, 154, NULL),
(199, '2018-10-23 21:35:02', '0', '5', 'ko', 2, 155, NULL),
(200, '2018-10-23 21:35:02', '0', '5', 'ko', 2, 268, NULL),
(201, '2018-10-23 21:35:02', '0', '5', 'ko', 2, 223, NULL),
(202, '2018-10-23 21:35:02', '0', '5', 'ko', 2, 224, NULL),
(203, '2018-10-23 21:35:02', '0', '5', 'ko', 2, 225, NULL),
(204, '2018-10-23 21:35:02', '1', '5', 'ko', 2, 166, NULL),
(205, '2018-10-23 21:35:02', '', '5', 'ko', 2, 163, NULL),
(206, '2018-10-23 21:35:02', '', '5', 'ko', 2, 230, NULL),
(207, '2018-10-23 21:35:02', '2', '5', 'ko', 2, 167, NULL),
(208, '2018-10-23 21:35:02', '16/01/2018', '5', 'ko', 2, 168, NULL),
(209, '2018-10-23 21:35:02', '7', '5', 'ko', 2, 169, NULL),
(210, '2018-10-23 21:35:02', '0', '5', 'ko', 2, 170, NULL),
(211, '2018-10-23 21:35:02', '2', '5', 'ko', 2, 231, NULL),
(212, '2018-10-23 21:35:02', '0', '5', 'ko', 2, 269, NULL),
(213, '2018-10-23 21:35:02', '', '5', 'ko', 2, 270, NULL),
(214, '2018-10-23 21:37:45', '0', '6', 'ko', 2, 174, NULL),
(215, '2018-10-23 21:37:45', '1', '6', 'ko', 2, 175, NULL),
(216, '2018-10-23 21:37:45', '0', '6', 'ko', 2, 176, NULL),
(217, '2018-10-23 21:37:45', '0', '6', 'ko', 2, 226, NULL),
(218, '2018-10-23 21:37:45', '1', '6', 'ko', 2, 227, NULL),
(219, '2018-10-23 21:37:45', '1', '6', 'ko', 2, 228, NULL),
(220, '2018-10-23 21:37:45', '4', '6', 'ko', 2, 185, NULL),
(221, '2018-10-23 21:37:45', '0.6', '6', 'ko', 2, 178, NULL),
(222, '2018-10-23 21:37:45', '', '6', 'ko', 2, 192, NULL),
(223, '2018-10-23 21:37:45', '9', '6', 'ko', 2, 193, NULL),
(224, '2018-10-23 21:37:45', '3', '6', 'ko', 2, 194, NULL),
(225, '2018-10-23 21:37:45', '3', '6', 'ko', 2, 195, NULL),
(226, '2018-10-23 21:37:45', '5', '6', 'ko', 2, 196, NULL),
(227, '2018-10-23 21:37:45', '1', '6', 'ko', 2, 197, NULL),
(228, '2018-10-23 21:37:45', '', '6', 'ko', 2, 198, NULL),
(229, '2018-10-23 21:37:45', '2', '6', 'ko', 2, 199, NULL),
(230, '2018-10-23 21:37:45', '0', '6', 'ko', 2, 202, NULL),
(231, '2018-10-23 21:37:45', '1', '6', 'ko', 2, 203, NULL),
(232, '2018-10-23 21:37:45', '12/04/2018', '6', 'ko', 2, 204, NULL),
(233, '2018-10-23 21:37:45', '92', '6', 'ko', 2, 205, NULL),
(234, '2018-10-23 21:38:30', '12/04/2018', '7', 'ko', 2, 208, NULL),
(235, '2018-10-23 21:38:30', '303', '7', 'ko', 2, 209, NULL),
(236, '2018-10-23 21:38:30', '1', '7', 'ko', 2, 210, NULL),
(237, '2018-10-23 21:38:30', '0', '7', 'ko', 2, 211, NULL),
(238, '2018-10-23 21:38:30', '', '7', 'ko', 2, 212, NULL),
(239, '2018-10-23 21:38:30', '', '7', 'ko', 2, 213, NULL),
(240, '2018-10-23 21:38:30', '0', '7', 'ko', 2, 214, NULL),
(241, '2018-10-23 21:38:30', '', '7', 'ko', 2, 216, NULL),
(242, '2018-10-23 21:38:30', '', '7', 'ko', 2, 229, NULL),
(243, '2018-10-23 21:40:35', '0', '2', 'termine', 3, 1, NULL),
(244, '2018-10-23 21:40:35', '0', '2', 'termine', 3, 2, NULL),
(245, '2018-10-23 21:40:35', '0', '2', 'termine', 3, 3, NULL),
(246, '2018-10-23 21:40:35', '0', '2', 'termine', 3, 4, NULL),
(247, '2018-10-23 21:40:35', '0', '2', 'termine', 3, 5, NULL),
(248, '2018-10-23 21:40:35', '1', '2', 'termine', 3, 9, NULL),
(249, '2018-10-23 21:40:35', '1', '2', 'termine', 3, 10, NULL),
(250, '2018-10-23 21:40:35', '64', '2', 'termine', 3, 11, NULL),
(251, '2018-10-23 21:40:35', '1.77', '2', 'termine', 3, 12, NULL),
(252, '2018-10-23 21:40:35', '20.43', '2', 'termine', 3, 13, NULL),
(253, '2018-10-23 21:40:35', '13', '2', 'termine', 3, 14, NULL),
(254, '2018-10-23 21:40:35', '16.88', '2', 'termine', 3, 15, NULL),
(255, '2018-10-23 21:40:35', '11.6', '2', 'termine', 3, 16, NULL),
(256, '2018-10-23 21:40:35', '39', '2', 'termine', 3, 20, NULL),
(257, '2018-10-23 21:42:21', '34.58', '3', 'termine', 3, 26, NULL),
(258, '2018-10-23 21:42:21', '142.9', '3', 'termine', 3, 27, NULL),
(259, '2018-10-23 21:42:21', '1', '3', 'termine', 3, 29, NULL),
(260, '2018-10-23 21:42:21', '0', '3', 'termine', 3, 30, NULL),
(261, '2018-10-23 21:42:21', '1', '3', 'termine', 3, 31, NULL),
(262, '2018-10-23 21:42:21', '1', '3', 'termine', 3, 32, NULL),
(263, '2018-10-23 21:42:21', '', '3', 'termine', 3, 33, NULL),
(264, '2018-10-23 21:42:21', '1', '3', 'termine', 3, 34, NULL),
(265, '2018-10-23 21:42:21', '1', '3', 'termine', 3, 35, NULL),
(266, '2018-10-23 21:42:21', '0', '3', 'termine', 3, 38, NULL),
(267, '2018-10-23 21:42:21', '0', '3', 'termine', 3, 42, NULL),
(268, '2018-10-23 21:42:21', '1', '3', 'termine', 3, 43, NULL),
(269, '2018-10-23 21:42:21', '0', '3', 'termine', 3, 48, NULL),
(270, '2018-10-23 21:42:21', '12', '3', 'termine', 3, 55, NULL),
(271, '2018-10-23 21:42:21', '0', '3', 'termine', 3, 56, NULL),
(272, '2018-10-23 21:42:21', '5', '3', 'termine', 3, 67, NULL),
(273, '2018-10-23 21:42:21', '2', '3', 'termine', 3, 68, NULL),
(274, '2018-10-23 21:42:21', '1', '3', 'termine', 3, 69, NULL),
(275, '2018-10-23 21:42:21', '0', '3', 'termine', 3, 217, NULL),
(276, '2018-10-23 21:42:21', '0', '3', 'termine', 3, 218, NULL),
(277, '2018-10-23 21:42:21', '0', '3', 'termine', 3, 219, NULL),
(278, '2018-10-23 21:42:21', '0', '3', 'termine', 3, 220, NULL),
(279, '2018-10-23 21:49:56', '09/09/9999', '4', 'termine', 3, 72, NULL),
(280, '2018-10-23 21:49:56', '08/01/2018', '4', 'termine', 3, 73, NULL),
(281, '2018-10-23 21:49:56', '0', '4', 'termine', 3, 74, NULL),
(282, '2018-10-23 21:49:56', '0', '4', 'termine', 3, 75, NULL),
(283, '2018-10-23 21:49:56', '0', '4', 'termine', 3, 77, NULL),
(284, '2018-10-23 21:49:56', '0', '4', 'termine', 3, 76, NULL),
(285, '2018-10-23 21:49:56', '09/09/9999', '4', 'termine', 3, 78, NULL),
(286, '2018-10-23 21:49:56', '09/09/9999', '4', 'termine', 3, 79, NULL),
(287, '2018-10-23 21:49:56', '37', '4', 'termine', 3, 83, NULL),
(288, '2018-10-23 21:49:56', '1', '4', 'termine', 3, 84, NULL),
(289, '2018-10-23 21:49:56', '08/01/2018', '4', 'termine', 3, 85, NULL),
(290, '2018-10-23 21:49:56', '1', '4', 'termine', 3, 86, NULL),
(291, '2018-10-23 21:49:56', '0', '4', 'termine', 3, 87, NULL),
(292, '2018-10-23 21:49:56', '0', '4', 'termine', 3, 88, NULL),
(293, '2018-10-23 21:49:56', '0', '4', 'termine', 3, 89, NULL),
(294, '2018-10-23 21:49:56', '0', '4', 'termine', 3, 96, NULL),
(295, '2018-10-23 21:49:56', '0', '4', 'termine', 3, 99, NULL),
(296, '2018-10-23 21:49:56', '4', '4', 'termine', 3, 100, NULL),
(297, '2018-10-23 21:49:56', '7', '4', 'termine', 3, 104, NULL),
(298, '2018-10-23 21:49:56', '444', '4', 'termine', 3, 105, NULL),
(299, '2018-10-23 21:49:56', '2', '4', 'termine', 3, 108, NULL),
(300, '2018-10-23 21:49:56', '', '4', 'termine', 3, 135, NULL),
(301, '2018-10-23 21:49:56', '2', '4', 'termine', 3, 262, NULL),
(302, '2018-10-23 21:49:56', '2', '4', 'termine', 3, 257, NULL),
(303, '2018-10-23 21:49:56', '2', '4', 'termine', 3, 258, NULL),
(304, '2018-10-23 21:49:56', '2', '4', 'termine', 3, 259, NULL),
(305, '2018-10-23 21:49:56', '2', '4', 'termine', 3, 265, NULL),
(306, '2018-10-23 21:49:56', '2', '4', 'termine', 3, 260, NULL),
(307, '2018-10-23 21:49:56', '2', '4', 'termine', 3, 241, NULL),
(308, '2018-10-23 21:49:56', '2', '4', 'termine', 3, 221, NULL),
(309, '2018-10-23 21:49:56', '2', '4', 'termine', 3, 222, NULL),
(310, '2018-10-23 21:49:56', '2', '4', 'termine', 3, 106, NULL),
(311, '2018-10-23 21:49:56', '0', '4', 'termine', 3, 146, NULL),
(312, '2018-10-23 21:49:56', '0', '4', 'termine', 3, 147, NULL),
(313, '2018-10-23 21:49:56', '90', '4', 'termine', 3, 148, NULL),
(314, '2018-10-23 21:49:56', '40', '4', 'termine', 3, 149, NULL),
(315, '2018-10-23 21:49:56', '0', '4', 'termine', 3, 150, NULL),
(316, '2018-10-23 21:55:25', '0', '5', 'ko', 3, 151, NULL),
(317, '2018-10-23 21:55:25', '0', '5', 'ko', 3, 152, NULL),
(318, '2018-10-23 21:55:25', '0', '5', 'ko', 3, 153, NULL),
(319, '2018-10-23 21:55:25', '0', '5', 'ko', 3, 154, NULL),
(320, '2018-10-23 21:55:25', '4', '5', 'ko', 3, 155, NULL),
(321, '2018-10-23 21:55:25', '0', '5', 'ko', 3, 268, NULL),
(322, '2018-10-23 21:55:25', '0', '5', 'ko', 3, 223, NULL),
(323, '2018-10-23 21:55:25', '0', '5', 'ko', 3, 224, NULL),
(324, '2018-10-23 21:55:25', '0', '5', 'ko', 3, 225, NULL),
(325, '2018-10-23 21:55:25', '0', '5', 'ko', 3, 166, NULL),
(326, '2018-10-23 21:55:25', '', '5', 'ko', 3, 163, NULL),
(327, '2018-10-23 21:55:25', '', '5', 'ko', 3, 230, NULL),
(328, '2018-10-23 21:55:25', '0', '5', 'ko', 3, 167, NULL),
(329, '2018-10-23 21:55:25', '10/01/2018', '5', 'ko', 3, 168, NULL),
(330, '2018-10-23 21:55:25', '2', '5', 'ko', 3, 169, NULL),
(331, '2018-10-23 21:55:25', '0', '5', 'ko', 3, 170, NULL),
(332, '2018-10-23 21:55:25', '0', '5', 'ko', 3, 231, NULL),
(333, '2018-10-23 21:55:25', '0', '5', 'ko', 3, 269, NULL),
(334, '2018-10-23 21:55:25', '', '5', 'ko', 3, 270, NULL),
(335, '2018-10-23 21:55:32', '', '6', 'termine', 3, 174, NULL),
(336, '2018-10-23 21:55:32', '', '6', 'termine', 3, 175, NULL),
(337, '2018-10-23 21:55:32', '', '6', 'termine', 3, 176, NULL),
(338, '2018-10-23 21:55:32', '2', '6', 'termine', 3, 226, NULL),
(339, '2018-10-23 21:55:32', '2', '6', 'termine', 3, 227, NULL),
(340, '2018-10-23 21:55:32', '2', '6', 'termine', 3, 228, NULL),
(341, '2018-10-23 21:55:32', '', '6', 'termine', 3, 185, NULL),
(342, '2018-10-23 21:55:32', '', '6', 'termine', 3, 178, NULL),
(343, '2018-10-23 21:55:32', '', '6', 'termine', 3, 192, NULL),
(344, '2018-10-23 21:55:32', '', '6', 'termine', 3, 193, NULL),
(345, '2018-10-23 21:55:32', '', '6', 'termine', 3, 194, NULL),
(346, '2018-10-23 21:55:32', '', '6', 'termine', 3, 195, NULL),
(347, '2018-10-23 21:55:32', '', '6', 'termine', 3, 196, NULL),
(348, '2018-10-23 21:55:32', '', '6', 'termine', 3, 197, NULL),
(349, '2018-10-23 21:55:32', '', '6', 'termine', 3, 198, NULL),
(350, '2018-10-23 21:55:32', '', '6', 'termine', 3, 199, NULL),
(351, '2018-10-23 21:55:32', '', '6', 'termine', 3, 202, NULL),
(352, '2018-10-23 21:55:32', '', '6', 'termine', 3, 203, NULL),
(353, '2018-10-23 21:55:32', '', '6', 'termine', 3, 204, NULL),
(354, '2018-10-23 21:55:32', '', '6', 'termine', 3, 205, NULL),
(355, '2018-10-23 21:56:20', '20/06/2018', '7', 'ko', 3, 208, NULL),
(356, '2018-10-23 21:56:20', '512', '7', 'ko', 3, 209, NULL),
(357, '2018-10-23 21:56:20', '1', '7', 'ko', 3, 210, NULL),
(358, '2018-10-23 21:56:20', '', '7', 'ko', 3, 211, NULL),
(359, '2018-10-23 21:56:20', '', '7', 'ko', 3, 212, NULL),
(360, '2018-10-23 21:56:20', '', '7', 'ko', 3, 213, NULL),
(361, '2018-10-23 21:56:20', '', '7', 'ko', 3, 214, NULL),
(362, '2018-10-23 21:56:20', '', '7', 'ko', 3, 216, NULL),
(363, '2018-10-23 21:56:20', '', '7', 'ko', 3, 229, NULL),
(364, '2018-10-23 22:23:48', '0', '2', 'termine', 4, 1, NULL),
(365, '2018-10-23 22:23:48', '0', '2', 'termine', 4, 2, NULL),
(366, '2018-10-23 22:23:48', '0', '2', 'termine', 4, 3, NULL),
(367, '2018-10-23 22:23:48', '0', '2', 'termine', 4, 4, NULL),
(368, '2018-10-23 22:23:48', '0', '2', 'termine', 4, 5, NULL),
(369, '2018-10-23 22:23:48', '1', '2', 'termine', 4, 9, NULL),
(370, '2018-10-23 22:23:48', '1', '2', 'termine', 4, 10, NULL),
(371, '2018-10-23 22:23:48', '57', '2', 'termine', 4, 11, NULL),
(372, '2018-10-23 22:23:48', '1.47', '2', 'termine', 4, 12, NULL),
(373, '2018-10-23 22:23:48', '26.38', '2', 'termine', 4, 13, NULL),
(374, '2018-10-23 22:23:48', '13', '2', 'termine', 4, 14, NULL),
(375, '2018-10-23 22:23:48', '18.57', '2', 'termine', 4, 15, NULL),
(376, '2018-10-23 22:23:48', '12.9', '2', 'termine', 4, 16, NULL),
(377, '2018-10-23 22:23:48', '42.42', '2', 'termine', 4, 20, NULL),
(378, '2018-10-23 22:28:05', '2.57', '3', 'termine', 4, 26, NULL),
(379, '2018-10-23 22:28:05', '21.7', '3', 'termine', 4, 27, NULL),
(380, '2018-10-23 22:28:05', '1', '3', 'termine', 4, 29, NULL),
(381, '2018-10-23 22:28:05', '1', '3', 'termine', 4, 30, NULL),
(382, '2018-10-23 22:28:05', '1', '3', 'termine', 4, 31, NULL),
(383, '2018-10-23 22:28:05', '0', '3', 'termine', 4, 32, NULL),
(384, '2018-10-23 22:28:05', '', '3', 'termine', 4, 33, NULL),
(385, '2018-10-23 22:28:05', '1', '3', 'termine', 4, 34, NULL),
(386, '2018-10-23 22:28:05', '1', '3', 'termine', 4, 35, NULL),
(387, '2018-10-23 22:28:05', '0', '3', 'termine', 4, 38, NULL),
(388, '2018-10-23 22:28:05', '1', '3', 'termine', 4, 42, NULL),
(389, '2018-10-23 22:28:05', '1', '3', 'termine', 4, 43, NULL),
(390, '2018-10-23 22:28:05', '0', '3', 'termine', 4, 48, NULL),
(391, '2018-10-23 22:28:05', '8', '3', 'termine', 4, 55, NULL),
(392, '2018-10-23 22:28:05', '1', '3', 'termine', 4, 56, NULL),
(393, '2018-10-23 22:28:05', '6', '3', 'termine', 4, 67, NULL),
(394, '2018-10-23 22:28:05', '2', '3', 'termine', 4, 68, NULL),
(395, '2018-10-23 22:28:05', '1', '3', 'termine', 4, 69, NULL),
(396, '2018-10-23 22:28:05', '0', '3', 'termine', 4, 217, NULL),
(397, '2018-10-23 22:28:05', '0', '3', 'termine', 4, 218, NULL),
(398, '2018-10-23 22:28:05', '0', '3', 'termine', 4, 219, NULL),
(399, '2018-10-23 22:28:05', '0', '3', 'termine', 4, 220, NULL),
(400, '2018-10-23 22:33:16', '09/09/9999', '4', 'termine', 4, 72, NULL),
(401, '2018-10-23 22:33:16', '30/01/2018', '4', 'termine', 4, 73, NULL),
(402, '2018-10-23 22:33:16', '0', '4', 'termine', 4, 74, NULL),
(403, '2018-10-23 22:33:16', '0', '4', 'termine', 4, 75, NULL),
(404, '2018-10-23 22:33:16', '0', '4', 'termine', 4, 77, NULL),
(405, '2018-10-23 22:33:16', '0', '4', 'termine', 4, 76, NULL),
(406, '2018-10-23 22:33:16', '09/09/9999', '4', 'termine', 4, 78, NULL),
(407, '2018-10-23 22:33:16', '09/09/9999', '4', 'termine', 4, 79, NULL),
(408, '2018-10-23 22:33:16', '37', '4', 'termine', 4, 83, NULL),
(409, '2018-10-23 22:33:16', '1', '4', 'termine', 4, 84, NULL),
(410, '2018-10-23 22:33:16', '30/01/2018', '4', 'termine', 4, 85, NULL),
(411, '2018-10-23 22:33:16', '0', '4', 'termine', 4, 86, NULL),
(412, '2018-10-23 22:33:16', '0', '4', 'termine', 4, 87, NULL),
(413, '2018-10-23 22:33:16', '0', '4', 'termine', 4, 88, NULL),
(414, '2018-10-23 22:33:16', '999', '4', 'termine', 4, 89, NULL),
(415, '2018-10-23 22:33:16', '0', '4', 'termine', 4, 96, NULL),
(416, '2018-10-23 22:33:16', '1', '4', 'termine', 4, 99, NULL),
(417, '2018-10-23 22:33:16', '0', '4', 'termine', 4, 100, NULL),
(418, '2018-10-23 22:33:16', '3', '4', 'termine', 4, 104, NULL),
(419, '2018-10-23 22:33:16', '3', '4', 'termine', 4, 105, NULL),
(420, '2018-10-23 22:33:16', '1', '4', 'termine', 4, 108, NULL),
(421, '2018-10-23 22:33:16', '1', '4', 'termine', 4, 135, NULL),
(422, '2018-10-23 22:33:16', '0', '4', 'termine', 4, 262, NULL),
(423, '2018-10-23 22:33:16', '0', '4', 'termine', 4, 257, NULL),
(424, '2018-10-23 22:33:16', '1', '4', 'termine', 4, 258, NULL),
(425, '2018-10-23 22:33:16', '0', '4', 'termine', 4, 259, NULL),
(426, '2018-10-23 22:33:16', '0', '4', 'termine', 4, 265, NULL),
(427, '2018-10-23 22:33:16', '0', '4', 'termine', 4, 260, NULL),
(428, '2018-10-23 22:33:16', '2', '4', 'termine', 4, 241, NULL),
(429, '2018-10-23 22:33:16', '2', '4', 'termine', 4, 221, NULL),
(430, '2018-10-23 22:33:16', '2', '4', 'termine', 4, 222, NULL),
(431, '2018-10-23 22:33:16', '2', '4', 'termine', 4, 106, NULL),
(432, '2018-10-23 22:33:16', '0', '4', 'termine', 4, 146, NULL),
(433, '2018-10-23 22:33:16', '0', '4', 'termine', 4, 147, NULL),
(434, '2018-10-23 22:33:16', '999', '4', 'termine', 4, 148, NULL),
(435, '2018-10-23 22:33:16', '0', '4', 'termine', 4, 149, NULL),
(436, '2018-10-23 22:33:16', '0', '4', 'termine', 4, 150, NULL),
(437, '2018-10-23 22:36:18', '0', '5', 'ko', 4, 151, NULL),
(438, '2018-10-23 22:36:18', '0', '5', 'ko', 4, 152, NULL),
(439, '2018-10-23 22:36:18', '0', '5', 'ko', 4, 153, NULL),
(440, '2018-10-23 22:36:18', '0', '5', 'ko', 4, 154, NULL),
(441, '2018-10-23 22:36:18', '0', '5', 'ko', 4, 155, NULL),
(442, '2018-10-23 22:36:18', '0', '5', 'ko', 4, 268, NULL),
(443, '2018-10-23 22:36:18', '0', '5', 'ko', 4, 223, NULL),
(444, '2018-10-23 22:36:18', '0', '5', 'ko', 4, 224, NULL),
(445, '2018-10-23 22:36:18', '0', '5', 'ko', 4, 225, NULL),
(446, '2018-10-23 22:36:18', '1', '5', 'ko', 4, 166, NULL),
(447, '2018-10-23 22:36:18', '', '5', 'ko', 4, 163, NULL),
(448, '2018-10-23 22:36:18', '', '5', 'ko', 4, 230, NULL),
(449, '2018-10-23 22:36:18', '0', '5', 'ko', 4, 167, NULL),
(450, '2018-10-23 22:36:18', '05/02/2018', '5', 'ko', 4, 168, NULL),
(451, '2018-10-23 22:36:18', '75', '5', 'ko', 4, 169, NULL),
(452, '2018-10-23 22:36:18', '0', '5', 'ko', 4, 170, NULL),
(453, '2018-10-23 22:36:18', '6', '5', 'ko', 4, 231, NULL),
(454, '2018-10-23 22:36:18', '0', '5', 'ko', 4, 269, NULL),
(455, '2018-10-23 22:36:18', '', '5', 'ko', 4, 270, NULL),
(456, '2018-10-23 22:39:08', '0', '6', 'ko', 4, 174, NULL),
(457, '2018-10-23 22:39:08', '1', '6', 'ko', 4, 175, NULL),
(458, '2018-10-23 22:39:08', '0', '6', 'ko', 4, 176, NULL),
(459, '2018-10-23 22:39:08', '0', '6', 'ko', 4, 226, NULL),
(460, '2018-10-23 22:39:08', '0', '6', 'ko', 4, 227, NULL),
(461, '2018-10-23 22:39:08', '0', '6', 'ko', 4, 228, NULL),
(462, '2018-10-23 22:39:08', '1', '6', 'ko', 4, 185, NULL),
(463, '2018-10-23 22:39:08', '3.5', '6', 'ko', 4, 178, NULL),
(464, '2018-10-23 22:39:08', '', '6', 'ko', 4, 192, NULL),
(465, '2018-10-23 22:39:08', '17', '6', 'ko', 4, 193, NULL),
(466, '2018-10-23 22:39:08', '2', '6', 'ko', 4, 194, NULL),
(467, '2018-10-23 22:39:08', '2', '6', 'ko', 4, 195, NULL),
(468, '2018-10-23 22:39:08', '5', '6', 'ko', 4, 196, NULL),
(469, '2018-10-23 22:39:08', '0', '6', 'ko', 4, 197, NULL),
(470, '2018-10-23 22:39:08', '', '6', 'ko', 4, 198, NULL),
(471, '2018-10-23 22:39:08', '', '6', 'ko', 4, 199, NULL),
(472, '2018-10-23 22:39:08', '0', '6', 'ko', 4, 202, NULL),
(473, '2018-10-23 22:39:08', '1', '6', 'ko', 4, 203, NULL),
(474, '2018-10-23 22:39:08', '30/03/2018', '6', 'ko', 4, 204, NULL),
(475, '2018-10-23 22:39:08', '58', '6', 'ko', 4, 205, NULL),
(476, '2018-10-23 22:39:16', '', '7', 'ko', 4, 208, NULL),
(477, '2018-10-23 22:39:16', '', '7', 'ko', 4, 209, NULL),
(478, '2018-10-23 22:39:16', '', '7', 'ko', 4, 210, NULL),
(479, '2018-10-23 22:39:16', '', '7', 'ko', 4, 211, NULL),
(480, '2018-10-23 22:39:16', '', '7', 'ko', 4, 212, NULL),
(481, '2018-10-23 22:39:16', '', '7', 'ko', 4, 213, NULL),
(482, '2018-10-23 22:39:16', '', '7', 'ko', 4, 214, NULL),
(483, '2018-10-23 22:39:16', '', '7', 'ko', 4, 216, NULL),
(484, '2018-10-23 22:39:16', '', '7', 'ko', 4, 229, NULL),
(485, '2018-10-23 22:42:26', '0', '2', 'termine', 5, 1, NULL),
(486, '2018-10-23 22:42:26', '0', '2', 'termine', 5, 2, NULL),
(487, '2018-10-23 22:42:26', '0', '2', 'termine', 5, 3, NULL),
(488, '2018-10-23 22:42:26', '0', '2', 'termine', 5, 4, NULL),
(489, '2018-10-23 22:42:26', '0', '2', 'termine', 5, 5, NULL),
(490, '2018-10-23 22:42:26', '1', '2', 'termine', 5, 9, NULL),
(491, '2018-10-23 22:42:26', '0', '2', 'termine', 5, 10, NULL),
(492, '2018-10-23 22:42:26', '39', '2', 'termine', 5, 11, NULL),
(493, '2018-10-23 22:42:26', '1.5', '2', 'termine', 5, 12, NULL),
(494, '2018-10-23 22:42:26', '', '2', 'termine', 5, 13, NULL),
(495, '2018-10-23 22:42:26', '999', '2', 'termine', 5, 14, NULL),
(496, '2018-10-23 22:42:26', '', '2', 'termine', 5, 15, NULL),
(497, '2018-10-23 22:42:26', '7.3', '2', 'termine', 5, 16, NULL),
(498, '2018-10-23 22:42:26', '999', '2', 'termine', 5, 20, NULL),
(499, '2018-10-23 22:44:21', '9', '3', 'termine', 5, 26, NULL),
(500, '2018-10-23 22:44:21', '56.87', '3', 'termine', 5, 27, NULL),
(501, '2018-10-23 22:44:21', '1', '3', 'termine', 5, 29, NULL),
(502, '2018-10-23 22:44:21', '0', '3', 'termine', 5, 30, NULL),
(503, '2018-10-23 22:44:21', '1', '3', 'termine', 5, 31, NULL),
(504, '2018-10-23 22:44:21', '0', '3', 'termine', 5, 32, NULL),
(505, '2018-10-23 22:44:21', '', '3', 'termine', 5, 33, NULL),
(506, '2018-10-23 22:44:21', '1', '3', 'termine', 5, 34, NULL),
(507, '2018-10-23 22:44:21', '1', '3', 'termine', 5, 35, NULL),
(508, '2018-10-23 22:44:21', '1', '3', 'termine', 5, 38, NULL),
(509, '2018-10-23 22:44:21', '0', '3', 'termine', 5, 42, NULL),
(510, '2018-10-23 22:44:21', '0', '3', 'termine', 5, 43, NULL),
(511, '2018-10-23 22:44:21', '0', '3', 'termine', 5, 48, NULL),
(512, '2018-10-23 22:44:21', '5', '3', 'termine', 5, 55, NULL),
(513, '2018-10-23 22:44:21', '999', '3', 'termine', 5, 56, NULL),
(514, '2018-10-23 22:44:21', '6', '3', 'termine', 5, 67, NULL),
(515, '2018-10-23 22:44:21', '2', '3', 'termine', 5, 68, NULL),
(516, '2018-10-23 22:44:21', '1', '3', 'termine', 5, 69, NULL),
(517, '2018-10-23 22:44:21', '0', '3', 'termine', 5, 217, NULL),
(518, '2018-10-23 22:44:21', '0', '3', 'termine', 5, 218, NULL),
(519, '2018-10-23 22:44:21', '0', '3', 'termine', 5, 219, NULL),
(520, '2018-10-23 22:44:21', '0', '3', 'termine', 5, 220, NULL),
(521, '2018-10-23 22:49:07', '09/09/9999', '4', 'termine', 5, 72, NULL),
(522, '2018-10-23 22:49:07', '11/10/2017', '4', 'termine', 5, 73, NULL),
(523, '2018-10-23 22:49:07', '0', '4', 'termine', 5, 74, NULL),
(524, '2018-10-23 22:49:07', '1', '4', 'termine', 5, 75, NULL),
(525, '2018-10-23 22:49:07', '3', '4', 'termine', 5, 77, NULL),
(526, '2018-10-23 22:49:07', '0', '4', 'termine', 5, 76, NULL),
(527, '2018-10-23 22:49:07', '11/10/2017', '4', 'termine', 5, 78, NULL),
(528, '2018-10-23 22:49:07', '21/11/2017', '4', 'termine', 5, 79, NULL),
(529, '2018-10-23 22:49:07', '39', '4', 'termine', 5, 83, NULL),
(530, '2018-10-23 22:49:07', '1', '4', 'termine', 5, 84, NULL),
(531, '2018-10-23 22:49:07', '23/01/2018', '4', 'termine', 5, 85, NULL),
(532, '2018-10-23 22:49:07', '0', '4', 'termine', 5, 86, NULL),
(533, '2018-10-23 22:49:07', '63', '4', 'termine', 5, 87, NULL),
(534, '2018-10-23 22:49:07', '0', '4', 'termine', 5, 88, NULL),
(535, '2018-10-23 22:49:07', '3', '4', 'termine', 5, 89, NULL),
(536, '2018-10-23 22:49:07', '0', '4', 'termine', 5, 96, NULL),
(537, '2018-10-23 22:49:07', '1', '4', 'termine', 5, 99, NULL),
(538, '2018-10-23 22:49:07', '2', '4', 'termine', 5, 100, NULL),
(539, '2018-10-23 22:49:07', '6', '4', 'termine', 5, 104, NULL),
(540, '2018-10-23 22:49:07', '', '4', 'termine', 5, 105, NULL),
(541, '2018-10-23 22:49:07', '0', '4', 'termine', 5, 108, NULL),
(542, '2018-10-23 22:49:07', '1', '4', 'termine', 5, 135, NULL),
(543, '2018-10-23 22:49:07', '0', '4', 'termine', 5, 262, NULL),
(544, '2018-10-23 22:49:07', '0', '4', 'termine', 5, 257, NULL),
(545, '2018-10-23 22:49:07', '1', '4', 'termine', 5, 258, NULL),
(546, '2018-10-23 22:49:07', '0', '4', 'termine', 5, 259, NULL),
(547, '2018-10-23 22:49:07', '0', '4', 'termine', 5, 265, NULL),
(548, '2018-10-23 22:49:07', '0', '4', 'termine', 5, 260, NULL),
(549, '2018-10-23 22:49:07', '2', '4', 'termine', 5, 241, NULL),
(550, '2018-10-23 22:49:07', '2', '4', 'termine', 5, 221, NULL),
(551, '2018-10-23 22:49:07', '2', '4', 'termine', 5, 222, NULL),
(552, '2018-10-23 22:49:07', '2', '4', 'termine', 5, 106, NULL),
(553, '2018-10-23 22:49:07', '1', '4', 'termine', 5, 146, NULL),
(554, '2018-10-23 22:49:07', '1', '4', 'termine', 5, 147, NULL),
(555, '2018-10-23 22:49:07', '330', '4', 'termine', 5, 148, NULL),
(556, '2018-10-23 22:49:07', '700', '4', 'termine', 5, 149, NULL),
(557, '2018-10-23 22:49:07', '2', '4', 'termine', 5, 150, NULL),
(558, '2018-10-23 22:51:32', '1', '5', 'ko', 5, 151, NULL),
(559, '2018-10-23 22:51:32', '2', '5', 'ko', 5, 152, NULL),
(560, '2018-10-23 22:51:32', '0', '5', 'ko', 5, 153, NULL),
(561, '2018-10-23 22:51:32', '0', '5', 'ko', 5, 154, NULL),
(562, '2018-10-23 22:51:32', '4', '5', 'ko', 5, 155, NULL),
(563, '2018-10-23 22:51:32', '1', '5', 'ko', 5, 268, NULL),
(564, '2018-10-23 22:51:32', '0', '5', 'ko', 5, 223, NULL),
(565, '2018-10-23 22:51:32', '1', '5', 'ko', 5, 224, NULL),
(566, '2018-10-23 22:51:32', '0', '5', 'ko', 5, 225, NULL),
(567, '2018-10-23 22:51:32', '8', '5', 'ko', 5, 166, NULL),
(568, '2018-10-23 22:51:32', '', '5', 'ko', 5, 163, NULL),
(569, '2018-10-23 22:51:32', '', '5', 'ko', 5, 230, NULL),
(570, '2018-10-23 22:51:32', '5', '5', 'ko', 5, 167, NULL),
(571, '2018-10-23 22:51:32', '26/02/2018', '5', 'ko', 5, 168, NULL),
(572, '2018-10-23 22:51:32', '103', '5', 'ko', 5, 169, NULL),
(573, '2018-10-23 22:51:32', '0', '5', 'ko', 5, 170, NULL),
(574, '2018-10-23 22:51:32', '5', '5', 'ko', 5, 231, NULL),
(575, '2018-10-23 22:51:32', '0', '5', 'ko', 5, 269, NULL),
(576, '2018-10-23 22:51:32', '', '5', 'ko', 5, 270, NULL),
(577, '2018-10-23 22:53:38', '0', '6', 'termine', 5, 174, NULL),
(578, '2018-10-23 22:53:38', '0', '6', 'termine', 5, 175, NULL),
(579, '2018-10-23 22:53:38', '0', '6', 'termine', 5, 176, NULL),
(580, '2018-10-23 22:53:38', '999', '6', 'termine', 5, 226, NULL),
(581, '2018-10-23 22:53:38', '999', '6', 'termine', 5, 227, NULL),
(582, '2018-10-23 22:53:38', '999', '6', 'termine', 5, 228, NULL),
(583, '2018-10-23 22:53:38', '999', '6', 'termine', 5, 185, NULL),
(584, '2018-10-23 22:53:38', '999', '6', 'termine', 5, 178, NULL),
(585, '2018-10-23 22:53:38', '4', '6', 'termine', 5, 192, NULL),
(586, '2018-10-23 22:53:38', '0', '6', 'termine', 5, 193, NULL),
(587, '2018-10-23 22:53:38', '0', '6', 'termine', 5, 194, NULL),
(588, '2018-10-23 22:53:38', '6', '6', 'termine', 5, 195, NULL),
(589, '2018-10-23 22:53:38', '3', '6', 'termine', 5, 196, NULL),
(590, '2018-10-23 22:53:38', '0', '6', 'termine', 5, 197, NULL),
(591, '2018-10-23 22:53:38', '', '6', 'termine', 5, 198, NULL),
(592, '2018-10-23 22:53:38', '999', '6', 'termine', 5, 199, NULL),
(593, '2018-10-23 22:53:38', '1', '6', 'termine', 5, 202, NULL),
(594, '2018-10-23 22:53:38', '1', '6', 'termine', 5, 203, NULL),
(595, '2018-10-23 22:53:38', '02/07/2018', '6', 'termine', 5, 204, NULL),
(596, '2018-10-23 22:53:38', '159', '6', 'termine', 5, 205, NULL),
(597, '2018-10-23 22:53:53', '', '7', 'ko', 5, 208, NULL),
(598, '2018-10-23 22:53:53', '', '7', 'ko', 5, 209, NULL),
(599, '2018-10-23 22:53:53', '1', '7', 'ko', 5, 210, NULL),
(600, '2018-10-23 22:53:53', '0', '7', 'ko', 5, 211, NULL),
(601, '2018-10-23 22:53:53', '', '7', 'ko', 5, 212, NULL),
(602, '2018-10-23 22:53:53', '', '7', 'ko', 5, 213, NULL),
(603, '2018-10-23 22:53:53', '0', '7', 'ko', 5, 214, NULL),
(604, '2018-10-23 22:53:53', '', '7', 'ko', 5, 216, NULL),
(605, '2018-10-23 22:53:53', '', '7', 'ko', 5, 229, NULL),
(606, '2018-10-23 22:57:13', '0', '2', 'termine', 6, 1, NULL),
(607, '2018-10-23 22:57:13', '0', '2', 'termine', 6, 2, NULL),
(608, '2018-10-23 22:57:13', '0', '2', 'termine', 6, 3, NULL),
(609, '2018-10-23 22:57:13', '0', '2', 'termine', 6, 4, NULL),
(610, '2018-10-23 22:57:13', '0', '2', 'termine', 6, 5, NULL),
(611, '2018-10-23 22:57:13', '1', '2', 'termine', 6, 9, NULL),
(612, '2018-10-23 22:57:13', '0', '2', 'termine', 6, 10, NULL),
(613, '2018-10-23 22:57:13', '70', '2', 'termine', 6, 11, NULL),
(614, '2018-10-23 22:57:13', '1.74', '2', 'termine', 6, 12, NULL),
(615, '2018-10-23 22:57:13', '23.12', '2', 'termine', 6, 13, NULL),
(616, '2018-10-23 22:57:13', '3', '2', 'termine', 6, 14, NULL),
(617, '2018-10-23 22:57:13', '4.11', '2', 'termine', 6, 15, NULL),
(618, '2018-10-23 22:57:13', '12', '2', 'termine', 6, 16, NULL),
(619, '2018-10-23 22:57:13', '45.32', '2', 'termine', 6, 20, NULL),
(620, '2018-10-23 22:59:22', '1.44', '3', 'termine', 6, 26, NULL),
(621, '2018-10-23 22:59:22', '3.3', '3', 'termine', 6, 27, NULL),
(622, '2018-10-23 22:59:22', '1', '3', 'termine', 6, 29, NULL),
(623, '2018-10-23 22:59:22', '0', '3', 'termine', 6, 30, NULL),
(624, '2018-10-23 22:59:22', '0', '3', 'termine', 6, 31, NULL),
(625, '2018-10-23 22:59:22', '0', '3', 'termine', 6, 32, NULL),
(626, '2018-10-23 22:59:22', '', '3', 'termine', 6, 33, NULL),
(627, '2018-10-23 22:59:22', '1', '3', 'termine', 6, 34, NULL),
(628, '2018-10-23 22:59:22', '1', '3', 'termine', 6, 35, NULL),
(629, '2018-10-23 22:59:22', '1', '3', 'termine', 6, 38, NULL),
(630, '2018-10-23 22:59:22', '0', '3', 'termine', 6, 42, NULL),
(631, '2018-10-23 22:59:22', '0', '3', 'termine', 6, 43, NULL),
(632, '2018-10-23 22:59:22', '0', '3', 'termine', 6, 48, NULL),
(633, '2018-10-23 22:59:22', '6', '3', 'termine', 6, 55, NULL),
(634, '2018-10-23 22:59:22', '0', '3', 'termine', 6, 56, NULL),
(635, '2018-10-23 22:59:22', '5', '3', 'termine', 6, 67, NULL),
(636, '2018-10-23 22:59:22', '2', '3', 'termine', 6, 68, NULL),
(637, '2018-10-23 22:59:22', '1', '3', 'termine', 6, 69, NULL),
(638, '2018-10-23 22:59:22', '0', '3', 'termine', 6, 217, NULL),
(639, '2018-10-23 22:59:22', '0', '3', 'termine', 6, 218, NULL),
(640, '2018-10-23 22:59:22', '0', '3', 'termine', 6, 219, NULL),
(641, '2018-10-23 22:59:22', '0', '3', 'termine', 6, 220, NULL),
(642, '2018-10-23 23:14:37', '04/01/2018', '4', 'ko', 6, 72, NULL),
(643, '2018-10-23 23:14:37', '25/01/2018', '4', 'ko', 6, 73, NULL),
(644, '2018-10-23 23:14:37', '21', '4', 'ko', 6, 74, NULL),
(645, '2018-10-23 23:14:37', '0', '4', 'ko', 6, 75, NULL),
(646, '2018-10-23 23:14:37', '0', '4', 'ko', 6, 77, NULL),
(647, '2018-10-23 23:14:37', '0', '4', 'ko', 6, 76, NULL),
(648, '2018-10-23 23:14:37', '09/09/9999', '4', 'ko', 6, 78, NULL),
(649, '2018-10-23 23:14:37', '09/09/9999', '4', 'ko', 6, 79, NULL),
(650, '2018-10-23 23:14:37', '', '4', 'ko', 6, 83, NULL),
(651, '2018-10-23 23:14:37', '1', '4', 'ko', 6, 84, NULL),
(652, '2018-10-23 23:14:37', '25/01/2018', '4', 'ko', 6, 85, NULL),
(653, '2018-10-23 23:14:37', '1', '4', 'ko', 6, 86, NULL),
(654, '2018-10-23 23:14:37', '0', '4', 'ko', 6, 87, NULL),
(655, '2018-10-23 23:14:37', '0', '4', 'ko', 6, 88, NULL),
(656, '2018-10-23 23:14:37', '0', '4', 'ko', 6, 89, NULL),
(657, '2018-10-23 23:14:37', '0', '4', 'ko', 6, 96, NULL),
(658, '2018-10-23 23:14:37', '0', '4', 'ko', 6, 99, NULL),
(659, '2018-10-23 23:14:37', '3', '4', 'ko', 6, 100, NULL),
(660, '2018-10-23 23:14:37', '0', '4', 'ko', 6, 104, NULL),
(661, '2018-10-23 23:14:37', '', '4', 'ko', 6, 105, NULL),
(662, '2018-10-23 23:14:37', '2', '4', 'ko', 6, 108, NULL),
(663, '2018-10-23 23:14:37', '', '4', 'ko', 6, 135, NULL),
(664, '2018-10-23 23:14:37', '2', '4', 'ko', 6, 262, NULL),
(665, '2018-10-23 23:14:37', '2', '4', 'ko', 6, 257, NULL),
(666, '2018-10-23 23:14:37', '2', '4', 'ko', 6, 258, NULL),
(667, '2018-10-23 23:14:37', '2', '4', 'ko', 6, 259, NULL),
(668, '2018-10-23 23:14:37', '2', '4', 'ko', 6, 265, NULL),
(669, '2018-10-23 23:14:37', '2', '4', 'ko', 6, 260, NULL),
(670, '2018-10-23 23:14:37', '2', '4', 'ko', 6, 241, NULL),
(671, '2018-10-23 23:14:37', '2', '4', 'ko', 6, 221, NULL),
(672, '2018-10-23 23:14:37', '2', '4', 'ko', 6, 222, NULL),
(673, '2018-10-23 23:14:37', '2', '4', 'ko', 6, 106, NULL),
(674, '2018-10-23 23:14:37', '0', '4', 'ko', 6, 146, NULL),
(675, '2018-10-23 23:14:37', '0', '4', 'ko', 6, 147, NULL),
(676, '2018-10-23 23:14:37', '30', '4', 'ko', 6, 148, NULL),
(677, '2018-10-23 23:14:37', '0', '4', 'ko', 6, 149, NULL),
(678, '2018-10-23 23:14:37', '0', '4', 'ko', 6, 150, NULL),
(679, '2018-10-23 23:17:09', '0', '5', 'ko', 6, 151, NULL),
(680, '2018-10-23 23:17:09', '0', '5', 'ko', 6, 152, NULL),
(681, '2018-10-23 23:17:09', '0', '5', 'ko', 6, 153, NULL),
(682, '2018-10-23 23:17:09', '0', '5', 'ko', 6, 154, NULL),
(683, '2018-10-23 23:17:09', '0', '5', 'ko', 6, 155, NULL),
(684, '2018-10-23 23:17:09', '0', '5', 'ko', 6, 268, NULL),
(685, '2018-10-23 23:17:09', '0', '5', 'ko', 6, 223, NULL),
(686, '2018-10-23 23:17:09', '0', '5', 'ko', 6, 224, NULL),
(687, '2018-10-23 23:17:09', '0', '5', 'ko', 6, 225, NULL),
(688, '2018-10-23 23:17:09', '0', '5', 'ko', 6, 166, NULL),
(689, '2018-10-23 23:17:09', '', '5', 'ko', 6, 163, NULL),
(690, '2018-10-23 23:17:09', '', '5', 'ko', 6, 230, NULL),
(691, '2018-10-23 23:17:09', '0', '5', 'ko', 6, 167, NULL),
(692, '2018-10-23 23:17:09', '26/01/2018', '5', 'ko', 6, 168, NULL),
(693, '2018-10-23 23:17:09', '1', '5', 'ko', 6, 169, NULL),
(694, '2018-10-23 23:17:09', '', '5', 'ko', 6, 170, NULL),
(695, '2018-10-23 23:17:09', '0', '5', 'ko', 6, 231, NULL),
(696, '2018-10-23 23:17:09', '0', '5', 'ko', 6, 269, NULL),
(697, '2018-10-23 23:17:09', '', '5', 'ko', 6, 270, NULL),
(698, '2018-10-23 23:17:24', '', '6', 'termine', 6, 174, NULL),
(699, '2018-10-23 23:17:24', '', '6', 'termine', 6, 175, NULL),
(700, '2018-10-23 23:17:24', '', '6', 'termine', 6, 176, NULL),
(701, '2018-10-23 23:17:24', '2', '6', 'termine', 6, 226, NULL),
(702, '2018-10-23 23:17:24', '2', '6', 'termine', 6, 227, NULL),
(703, '2018-10-23 23:17:24', '2', '6', 'termine', 6, 228, NULL),
(704, '2018-10-23 23:17:24', '', '6', 'termine', 6, 185, NULL),
(705, '2018-10-23 23:17:24', '', '6', 'termine', 6, 178, NULL),
(706, '2018-10-23 23:17:24', '', '6', 'termine', 6, 192, NULL),
(707, '2018-10-23 23:17:24', '', '6', 'termine', 6, 193, NULL),
(708, '2018-10-23 23:17:24', '', '6', 'termine', 6, 194, NULL),
(709, '2018-10-23 23:17:24', '', '6', 'termine', 6, 195, NULL),
(710, '2018-10-23 23:17:24', '', '6', 'termine', 6, 196, NULL),
(711, '2018-10-23 23:17:24', '', '6', 'termine', 6, 197, NULL),
(712, '2018-10-23 23:17:24', '', '6', 'termine', 6, 198, NULL),
(713, '2018-10-23 23:17:24', '', '6', 'termine', 6, 199, NULL),
(714, '2018-10-23 23:17:24', '', '6', 'termine', 6, 202, NULL),
(715, '2018-10-23 23:17:24', '', '6', 'termine', 6, 203, NULL),
(716, '2018-10-23 23:17:24', '', '6', 'termine', 6, 204, NULL),
(717, '2018-10-23 23:17:24', '', '6', 'termine', 6, 205, NULL),
(718, '2018-10-23 23:17:25', '0', '2', 'termine', 8, 1, NULL),
(719, '2018-10-23 23:17:25', '0', '2', 'termine', 8, 2, NULL),
(720, '2018-10-23 23:17:25', '0', '2', 'termine', 8, 3, NULL),
(721, '2018-10-23 23:17:25', '0', '2', 'termine', 8, 4, NULL),
(722, '2018-10-23 23:17:25', '0', '2', 'termine', 8, 5, NULL),
(723, '2018-10-23 23:17:25', '1', '2', 'termine', 8, 9, NULL),
(724, '2018-10-23 23:17:25', '1', '2', 'termine', 8, 10, NULL),
(725, '2018-10-23 23:17:25', '55', '2', 'termine', 8, 11, NULL),
(726, '2018-10-23 23:17:25', '1.78', '2', 'termine', 8, 12, NULL),
(727, '2018-10-23 23:17:25', '17.36', '2', 'termine', 8, 13, NULL),
(728, '2018-10-23 23:17:25', '999', '2', 'termine', 8, 14, NULL),
(729, '2018-10-23 23:17:25', '999', '2', 'termine', 8, 15, NULL),
(730, '2018-10-23 23:17:25', '9.6', '2', 'termine', 8, 16, NULL),
(731, '2018-10-23 23:17:25', '27', '2', 'termine', 8, 20, NULL),
(732, '2018-10-23 23:17:52', '21/05/2018', '7', 'ko', 6, 208, NULL),
(733, '2018-10-23 23:17:52', '396', '7', 'ko', 6, 209, NULL),
(734, '2018-10-23 23:17:52', '1', '7', 'ko', 6, 210, NULL),
(735, '2018-10-23 23:17:52', '', '7', 'ko', 6, 211, NULL),
(736, '2018-10-23 23:17:52', '', '7', 'ko', 6, 212, NULL),
(737, '2018-10-23 23:17:52', '', '7', 'ko', 6, 213, NULL),
(738, '2018-10-23 23:17:52', '', '7', 'ko', 6, 214, NULL),
(739, '2018-10-23 23:17:52', '', '7', 'ko', 6, 216, NULL),
(740, '2018-10-23 23:17:52', '', '7', 'ko', 6, 229, NULL),
(741, '2018-10-23 23:20:04', '0', '2', 'termine', 9, 1, NULL),
(742, '2018-10-23 23:20:04', '0', '2', 'termine', 9, 2, NULL),
(743, '2018-10-23 23:20:04', '0', '2', 'termine', 9, 3, NULL),
(744, '2018-10-23 23:20:04', '0', '2', 'termine', 9, 4, NULL),
(745, '2018-10-23 23:20:04', '0', '2', 'termine', 9, 5, NULL),
(746, '2018-10-23 23:20:04', '1', '2', 'termine', 9, 9, NULL),
(747, '2018-10-23 23:20:04', '0', '2', 'termine', 9, 10, NULL),
(748, '2018-10-23 23:20:04', '84', '2', 'termine', 9, 11, NULL),
(749, '2018-10-23 23:20:04', '1.67', '2', 'termine', 9, 12, NULL),
(750, '2018-10-23 23:20:04', '30.12', '2', 'termine', 9, 13, NULL),
(751, '2018-10-23 23:20:04', '999', '2', 'termine', 9, 14, NULL),
(752, '2018-10-23 23:20:04', '999', '2', 'termine', 9, 15, NULL),
(753, '2018-10-23 23:20:04', '11.1', '2', 'termine', 9, 16, NULL),
(754, '2018-10-23 23:20:04', '39.2', '2', 'termine', 9, 20, NULL),
(755, '2018-10-23 23:22:47', '1.3', '3', 'termine', 9, 26, NULL),
(756, '2018-10-23 23:22:47', '6.4', '3', 'termine', 9, 27, NULL),
(757, '2018-10-23 23:22:47', '1', '3', 'termine', 9, 29, NULL),
(758, '2018-10-23 23:22:47', '0', '3', 'termine', 9, 30, NULL),
(759, '2018-10-23 23:22:47', '1', '3', 'termine', 9, 31, NULL),
(760, '2018-10-23 23:22:47', '0', '3', 'termine', 9, 32, NULL),
(761, '2018-10-23 23:22:47', '', '3', 'termine', 9, 33, NULL),
(762, '2018-10-23 23:22:47', '1', '3', 'termine', 9, 34, NULL),
(763, '2018-10-23 23:22:47', '1', '3', 'termine', 9, 35, NULL),
(764, '2018-10-23 23:22:47', '1', '3', 'termine', 9, 38, NULL),
(765, '2018-10-23 23:22:47', '0', '3', 'termine', 9, 42, NULL),
(766, '2018-10-23 23:22:47', '1', '3', 'termine', 9, 43, NULL),
(767, '2018-10-23 23:22:47', '0', '3', 'termine', 9, 48, NULL),
(768, '2018-10-23 23:22:47', '6', '3', 'termine', 9, 55, NULL),
(769, '2018-10-23 23:22:47', '0', '3', 'termine', 9, 56, NULL),
(770, '2018-10-23 23:22:47', '5', '3', 'termine', 9, 67, NULL),
(771, '2018-10-23 23:22:47', '2', '3', 'termine', 9, 68, NULL),
(772, '2018-10-23 23:22:47', '1', '3', 'termine', 9, 69, NULL),
(773, '2018-10-23 23:22:47', '0', '3', 'termine', 9, 217, NULL),
(774, '2018-10-23 23:22:47', '0', '3', 'termine', 9, 218, NULL),
(775, '2018-10-23 23:22:47', '0', '3', 'termine', 9, 219, NULL),
(776, '2018-10-23 23:22:47', '0', '3', 'termine', 9, 220, NULL),
(777, '2018-10-23 23:24:01', '999', '3', 'termine', 8, 26, NULL),
(778, '2018-10-23 23:24:01', '999', '3', 'termine', 8, 27, NULL),
(779, '2018-10-23 23:24:01', '1', '3', 'termine', 8, 29, NULL),
(780, '2018-10-23 23:24:01', '1', '3', 'termine', 8, 30, NULL),
(781, '2018-10-23 23:24:01', '1', '3', 'termine', 8, 31, NULL),
(782, '2018-10-23 23:24:01', '0', '3', 'termine', 8, 32, NULL),
(783, '2018-10-23 23:24:01', '', '3', 'termine', 8, 33, NULL),
(784, '2018-10-23 23:24:01', '0', '3', 'termine', 8, 34, NULL),
(785, '2018-10-23 23:24:01', '1', '3', 'termine', 8, 35, NULL),
(786, '2018-10-23 23:24:01', '1', '3', 'termine', 8, 38, NULL),
(787, '2018-10-23 23:24:01', '0', '3', 'termine', 8, 42, NULL),
(788, '2018-10-23 23:24:01', '0', '3', 'termine', 8, 43, NULL),
(789, '2018-10-23 23:24:01', '0', '3', 'termine', 8, 48, NULL),
(790, '2018-10-23 23:24:01', '0', '3', 'termine', 8, 55, NULL),
(791, '2018-10-23 23:24:01', '0', '3', 'termine', 8, 56, NULL),
(792, '2018-10-23 23:24:01', '0', '3', 'termine', 8, 67, NULL),
(793, '2018-10-23 23:24:01', '0', '3', 'termine', 8, 68, NULL),
(794, '2018-10-23 23:24:01', '0', '3', 'termine', 8, 69, NULL),
(795, '2018-10-23 23:24:01', '999', '3', 'termine', 8, 217, NULL),
(796, '2018-10-23 23:24:01', '999', '3', 'termine', 8, 218, NULL),
(797, '2018-10-23 23:24:01', '999', '3', 'termine', 8, 219, NULL),
(798, '2018-10-23 23:24:01', '999', '3', 'termine', 8, 220, NULL),
(799, '2018-10-23 23:26:58', '05/10/2017', '4', 'termine', 9, 72, NULL),
(800, '2018-10-23 23:26:58', '09/09/9999', '4', 'termine', 9, 73, NULL),
(801, '2018-10-23 23:26:58', '2915339', '4', 'termine', 9, 74, NULL),
(802, '2018-10-23 23:26:58', '1', '4', 'termine', 9, 75, NULL),
(803, '2018-10-23 23:26:58', '3', '4', 'termine', 9, 77, NULL),
(804, '2018-10-23 23:26:58', '0', '4', 'termine', 9, 76, NULL),
(805, '2018-10-23 23:26:58', '09/09/9999', '4', 'termine', 9, 78, NULL),
(806, '2018-10-23 23:26:58', '08/12/2017', '4', 'termine', 9, 79, NULL),
(807, '2018-10-23 23:26:58', '36', '4', 'termine', 9, 83, NULL),
(808, '2018-10-23 23:26:58', '1', '4', 'termine', 9, 84, NULL),
(809, '2018-10-23 23:26:58', '23/01/2018', '4', 'termine', 9, 85, NULL),
(810, '2018-10-23 23:26:58', '0', '4', 'termine', 9, 86, NULL),
(811, '2018-10-23 23:26:58', '46', '4', 'termine', 9, 87, NULL),
(812, '2018-10-23 23:26:58', '0', '4', 'termine', 9, 88, NULL),
(813, '2018-10-23 23:26:58', '3', '4', 'termine', 9, 89, NULL),
(814, '2018-10-23 23:26:58', '0', '4', 'termine', 9, 96, NULL),
(815, '2018-10-23 23:26:58', '1', '4', 'termine', 9, 99, NULL);
INSERT INTO `formulaire_item` (`id`, `date`, `valeur_item`, `etape`, `statut`, `id_formulaire`, `id_item`, `id_pj`) VALUES
(816, '2018-10-23 23:26:58', '1', '4', 'termine', 9, 100, NULL),
(817, '2018-10-23 23:26:58', '0', '4', 'termine', 9, 104, NULL),
(818, '2018-10-23 23:26:58', '0', '4', 'termine', 9, 105, NULL),
(819, '2018-10-23 23:26:58', '1', '4', 'termine', 9, 108, NULL),
(820, '2018-10-23 23:26:58', '0', '4', 'termine', 9, 135, NULL),
(821, '2018-10-23 23:26:58', '0', '4', 'termine', 9, 262, NULL),
(822, '2018-10-23 23:26:58', '0', '4', 'termine', 9, 257, NULL),
(823, '2018-10-23 23:26:58', '0', '4', 'termine', 9, 258, NULL),
(824, '2018-10-23 23:26:58', '0', '4', 'termine', 9, 259, NULL),
(825, '2018-10-23 23:26:58', '0', '4', 'termine', 9, 265, NULL),
(826, '2018-10-23 23:26:58', '0', '4', 'termine', 9, 260, NULL),
(827, '2018-10-23 23:26:58', '0', '4', 'termine', 9, 241, NULL),
(828, '2018-10-23 23:26:58', '0', '4', 'termine', 9, 221, NULL),
(829, '2018-10-23 23:26:58', '0', '4', 'termine', 9, 222, NULL),
(830, '2018-10-23 23:26:58', '0', '4', 'termine', 9, 106, NULL),
(831, '2018-10-23 23:26:58', '0', '4', 'termine', 9, 146, NULL),
(832, '2018-10-23 23:26:58', '0', '4', 'termine', 9, 147, NULL),
(833, '2018-10-23 23:26:58', '300', '4', 'termine', 9, 148, NULL),
(834, '2018-10-23 23:26:58', '200', '4', 'termine', 9, 149, NULL),
(835, '2018-10-23 23:26:58', '0', '4', 'termine', 9, 150, NULL),
(836, '2018-10-23 23:28:38', '09/09/9999', '4', 'ko', 8, 72, NULL),
(837, '2018-10-23 23:28:38', '01/03/2018', '4', 'ko', 8, 73, NULL),
(838, '2018-10-23 23:28:38', '0', '4', 'ko', 8, 74, NULL),
(839, '2018-10-23 23:28:38', '0', '4', 'ko', 8, 75, NULL),
(840, '2018-10-23 23:28:38', '0', '4', 'ko', 8, 77, NULL),
(841, '2018-10-23 23:28:38', '0', '4', 'ko', 8, 76, NULL),
(842, '2018-10-23 23:28:38', '09/09/9999', '4', 'ko', 8, 78, NULL),
(843, '2018-10-23 23:28:38', '09/09/9999', '4', 'ko', 8, 79, NULL),
(844, '2018-10-23 23:28:38', '36', '4', 'ko', 8, 83, NULL),
(845, '2018-10-23 23:28:38', '1', '4', 'ko', 8, 84, NULL),
(846, '2018-10-23 23:28:38', '01/03/2018', '4', 'ko', 8, 85, NULL),
(847, '2018-10-23 23:28:38', '1', '4', 'ko', 8, 86, NULL),
(848, '2018-10-23 23:28:38', '0', '4', 'ko', 8, 87, NULL),
(849, '2018-10-23 23:28:38', '0', '4', 'ko', 8, 88, NULL),
(850, '2018-10-23 23:28:38', '0', '4', 'ko', 8, 89, NULL),
(851, '2018-10-23 23:28:38', '0', '4', 'ko', 8, 96, NULL),
(852, '2018-10-23 23:28:38', '0', '4', 'ko', 8, 99, NULL),
(853, '2018-10-23 23:28:38', '3', '4', 'ko', 8, 100, NULL),
(854, '2018-10-23 23:28:38', '7', '4', 'ko', 8, 104, NULL),
(855, '2018-10-23 23:28:38', '', '4', 'ko', 8, 105, NULL),
(856, '2018-10-23 23:28:38', '', '4', 'ko', 8, 108, NULL),
(857, '2018-10-23 23:28:38', '', '4', 'ko', 8, 135, NULL),
(858, '2018-10-23 23:28:38', '2', '4', 'ko', 8, 262, NULL),
(859, '2018-10-23 23:28:38', '2', '4', 'ko', 8, 257, NULL),
(860, '2018-10-23 23:28:38', '2', '4', 'ko', 8, 258, NULL),
(861, '2018-10-23 23:28:38', '2', '4', 'ko', 8, 259, NULL),
(862, '2018-10-23 23:28:38', '2', '4', 'ko', 8, 265, NULL),
(863, '2018-10-23 23:28:38', '2', '4', 'ko', 8, 260, NULL),
(864, '2018-10-23 23:28:38', '2', '4', 'ko', 8, 241, NULL),
(865, '2018-10-23 23:28:38', '2', '4', 'ko', 8, 221, NULL),
(866, '2018-10-23 23:28:38', '2', '4', 'ko', 8, 222, NULL),
(867, '2018-10-23 23:28:38', '2', '4', 'ko', 8, 106, NULL),
(868, '2018-10-23 23:28:38', '0', '4', 'ko', 8, 146, NULL),
(869, '2018-10-23 23:28:38', '0', '4', 'ko', 8, 147, NULL),
(870, '2018-10-23 23:28:38', '45', '4', 'ko', 8, 148, NULL),
(871, '2018-10-23 23:28:38', '0', '4', 'ko', 8, 149, NULL),
(872, '2018-10-23 23:28:38', '0', '4', 'ko', 8, 150, NULL),
(873, '2018-10-23 23:29:26', '0', '5', 'ko', 9, 151, NULL),
(874, '2018-10-23 23:29:26', '0', '5', 'ko', 9, 152, NULL),
(875, '2018-10-23 23:29:26', '1', '5', 'ko', 9, 153, NULL),
(876, '2018-10-23 23:29:26', '0', '5', 'ko', 9, 154, NULL),
(877, '2018-10-23 23:29:26', '1', '5', 'ko', 9, 155, NULL),
(878, '2018-10-23 23:29:26', '0', '5', 'ko', 9, 268, NULL),
(879, '2018-10-23 23:29:26', '0', '5', 'ko', 9, 223, NULL),
(880, '2018-10-23 23:29:26', '0', '5', 'ko', 9, 224, NULL),
(881, '2018-10-23 23:29:26', '0', '5', 'ko', 9, 225, NULL),
(882, '2018-10-23 23:29:26', '2', '5', 'ko', 9, 166, NULL),
(883, '2018-10-23 23:29:26', '', '5', 'ko', 9, 163, NULL),
(884, '2018-10-23 23:29:26', '', '5', 'ko', 9, 230, NULL),
(885, '2018-10-23 23:29:26', '2', '5', 'ko', 9, 167, NULL),
(886, '2018-10-23 23:29:26', '01/02/2018', '5', 'ko', 9, 168, NULL),
(887, '2018-10-23 23:29:26', '78', '5', 'ko', 9, 169, NULL),
(888, '2018-10-23 23:29:26', '0', '5', 'ko', 9, 170, NULL),
(889, '2018-10-23 23:29:26', '2', '5', 'ko', 9, 231, NULL),
(890, '2018-10-23 23:29:26', '0', '5', 'ko', 9, 269, NULL),
(891, '2018-10-23 23:29:26', '', '5', 'ko', 9, 270, NULL),
(892, '2018-10-23 23:32:53', '0', '6', 'termine', 9, 174, NULL),
(893, '2018-10-23 23:32:53', '2', '6', 'termine', 9, 175, NULL),
(894, '2018-10-23 23:32:53', '0', '6', 'termine', 9, 176, NULL),
(895, '2018-10-23 23:32:53', '999', '6', 'termine', 9, 226, NULL),
(896, '2018-10-23 23:32:53', '1', '6', 'termine', 9, 227, NULL),
(897, '2018-10-23 23:32:53', '999', '6', 'termine', 9, 228, NULL),
(898, '2018-10-23 23:32:53', '2', '6', 'termine', 9, 185, NULL),
(899, '2018-10-23 23:32:53', '1.5', '6', 'termine', 9, 178, NULL),
(900, '2018-10-23 23:32:53', '4', '6', 'termine', 9, 192, NULL),
(901, '2018-10-23 23:32:53', '3', '6', 'termine', 9, 193, NULL),
(902, '2018-10-23 23:32:53', '0', '6', 'termine', 9, 194, NULL),
(903, '2018-10-23 23:32:53', '4', '6', 'termine', 9, 195, NULL),
(904, '2018-10-23 23:32:53', '0', '6', 'termine', 9, 196, NULL),
(905, '2018-10-23 23:32:53', '0', '6', 'termine', 9, 197, NULL),
(906, '2018-10-23 23:32:53', '', '6', 'termine', 9, 198, NULL),
(907, '2018-10-23 23:32:53', '999', '6', 'termine', 9, 199, NULL),
(908, '2018-10-23 23:32:53', '0', '6', 'termine', 9, 202, NULL),
(909, '2018-10-23 23:32:53', '1', '6', 'termine', 9, 203, NULL),
(910, '2018-10-23 23:32:53', '22/03/2018', '6', 'termine', 9, 204, NULL),
(911, '2018-10-23 23:32:53', '58', '6', 'termine', 9, 205, NULL),
(912, '2018-10-23 23:33:00', '', '7', 'ko', 9, 208, NULL),
(913, '2018-10-23 23:33:00', '', '7', 'ko', 9, 209, NULL),
(914, '2018-10-23 23:33:00', '', '7', 'ko', 9, 210, NULL),
(915, '2018-10-23 23:33:00', '', '7', 'ko', 9, 211, NULL),
(916, '2018-10-23 23:33:00', '', '7', 'ko', 9, 212, NULL),
(917, '2018-10-23 23:33:00', '', '7', 'ko', 9, 213, NULL),
(918, '2018-10-23 23:33:00', '', '7', 'ko', 9, 214, NULL),
(919, '2018-10-23 23:33:00', '', '7', 'ko', 9, 216, NULL),
(920, '2018-10-23 23:33:00', '', '7', 'ko', 9, 229, NULL),
(921, '2018-10-23 23:34:07', '0', '5', 'ko', 8, 151, NULL),
(922, '2018-10-23 23:34:07', '0', '5', 'ko', 8, 152, NULL),
(923, '2018-10-23 23:34:07', '0', '5', 'ko', 8, 153, NULL),
(924, '2018-10-23 23:34:07', '0', '5', 'ko', 8, 154, NULL),
(925, '2018-10-23 23:34:07', '0', '5', 'ko', 8, 155, NULL),
(926, '2018-10-23 23:34:07', '1', '5', 'ko', 8, 268, NULL),
(927, '2018-10-23 23:34:07', '0', '5', 'ko', 8, 223, NULL),
(928, '2018-10-23 23:34:07', '0', '5', 'ko', 8, 224, NULL),
(929, '2018-10-23 23:34:07', '0', '5', 'ko', 8, 225, NULL),
(930, '2018-10-23 23:34:07', '0', '5', 'ko', 8, 166, NULL),
(931, '2018-10-23 23:34:07', '', '5', 'ko', 8, 163, NULL),
(932, '2018-10-23 23:34:07', '', '5', 'ko', 8, 230, NULL),
(933, '2018-10-23 23:34:07', '4', '5', 'ko', 8, 167, NULL),
(934, '2018-10-23 23:34:07', '03/03/2018', '5', 'ko', 8, 168, NULL),
(935, '2018-10-23 23:34:07', '2', '5', 'ko', 8, 169, NULL),
(936, '2018-10-23 23:34:07', '1', '5', 'ko', 8, 170, NULL),
(937, '2018-10-23 23:34:07', '6', '5', 'ko', 8, 231, NULL),
(938, '2018-10-23 23:34:07', '4', '5', 'ko', 8, 269, NULL),
(939, '2018-10-23 23:34:07', '', '5', 'ko', 8, 270, NULL),
(940, '2018-10-23 23:34:18', '', '6', 'termine', 8, 174, NULL),
(941, '2018-10-23 23:34:18', '', '6', 'termine', 8, 175, NULL),
(942, '2018-10-23 23:34:18', '', '6', 'termine', 8, 176, NULL),
(943, '2018-10-23 23:34:18', '2', '6', 'termine', 8, 226, NULL),
(944, '2018-10-23 23:34:18', '2', '6', 'termine', 8, 227, NULL),
(945, '2018-10-23 23:34:18', '2', '6', 'termine', 8, 228, NULL),
(946, '2018-10-23 23:34:18', '', '6', 'termine', 8, 185, NULL),
(947, '2018-10-23 23:34:18', '', '6', 'termine', 8, 178, NULL),
(948, '2018-10-23 23:34:18', '', '6', 'termine', 8, 192, NULL),
(949, '2018-10-23 23:34:18', '', '6', 'termine', 8, 193, NULL),
(950, '2018-10-23 23:34:18', '', '6', 'termine', 8, 194, NULL),
(951, '2018-10-23 23:34:18', '', '6', 'termine', 8, 195, NULL),
(952, '2018-10-23 23:34:18', '', '6', 'termine', 8, 196, NULL),
(953, '2018-10-23 23:34:18', '', '6', 'termine', 8, 197, NULL),
(954, '2018-10-23 23:34:18', '', '6', 'termine', 8, 198, NULL),
(955, '2018-10-23 23:34:18', '', '6', 'termine', 8, 199, NULL),
(956, '2018-10-23 23:34:18', '', '6', 'termine', 8, 202, NULL),
(957, '2018-10-23 23:34:18', '', '6', 'termine', 8, 203, NULL),
(958, '2018-10-23 23:34:18', '', '6', 'termine', 8, 204, NULL),
(959, '2018-10-23 23:34:18', '', '6', 'termine', 8, 205, NULL),
(960, '2018-10-23 23:34:27', '', '7', 'ko', 8, 208, NULL),
(961, '2018-10-23 23:34:27', '', '7', 'ko', 8, 209, NULL),
(962, '2018-10-23 23:34:27', '', '7', 'ko', 8, 210, NULL),
(963, '2018-10-23 23:34:27', '', '7', 'ko', 8, 211, NULL),
(964, '2018-10-23 23:34:27', '', '7', 'ko', 8, 212, NULL),
(965, '2018-10-23 23:34:27', '', '7', 'ko', 8, 213, NULL),
(966, '2018-10-23 23:34:27', '', '7', 'ko', 8, 214, NULL),
(967, '2018-10-23 23:34:27', '', '7', 'ko', 8, 216, NULL),
(968, '2018-10-23 23:34:27', '', '7', 'ko', 8, 229, NULL),
(969, '2018-10-23 23:37:30', '0', '2', 'termine', 10, 1, NULL),
(970, '2018-10-23 23:37:30', '0', '2', 'termine', 10, 2, NULL),
(971, '2018-10-23 23:37:30', '0', '2', 'termine', 10, 3, NULL),
(972, '2018-10-23 23:37:30', '0', '2', 'termine', 10, 4, NULL),
(973, '2018-10-23 23:37:30', '0', '2', 'termine', 10, 5, NULL),
(974, '2018-10-23 23:37:30', '1', '2', 'termine', 10, 9, NULL),
(975, '2018-10-23 23:37:30', '1', '2', 'termine', 10, 10, NULL),
(976, '2018-10-23 23:37:30', '56', '2', 'termine', 10, 11, NULL),
(977, '2018-10-23 23:37:30', '1.65', '2', 'termine', 10, 12, NULL),
(978, '2018-10-23 23:37:30', '20.57', '2', 'termine', 10, 13, NULL),
(979, '2018-10-23 23:37:30', '15', '2', 'termine', 10, 14, NULL),
(980, '2018-10-23 23:37:30', '21.13', '2', 'termine', 10, 15, NULL),
(981, '2018-10-23 23:37:30', '13.1', '2', 'termine', 10, 16, NULL),
(982, '2018-10-23 23:37:30', '35.89', '2', 'termine', 10, 20, NULL),
(983, '2018-10-23 23:39:02', '2.04', '3', 'termine', 10, 26, NULL),
(984, '2018-10-23 23:39:02', '999', '3', 'termine', 10, 27, NULL),
(985, '2018-10-23 23:39:02', '1', '3', 'termine', 10, 29, NULL),
(986, '2018-10-23 23:39:02', '0', '3', 'termine', 10, 30, NULL),
(987, '2018-10-23 23:39:02', '0', '3', 'termine', 10, 31, NULL),
(988, '2018-10-23 23:39:02', '0', '3', 'termine', 10, 32, NULL),
(989, '2018-10-23 23:39:02', '', '3', 'termine', 10, 33, NULL),
(990, '2018-10-23 23:39:02', '1', '3', 'termine', 10, 34, NULL),
(991, '2018-10-23 23:39:02', '1', '3', 'termine', 10, 35, NULL),
(992, '2018-10-23 23:39:02', '1', '3', 'termine', 10, 38, NULL),
(993, '2018-10-23 23:39:02', '0', '3', 'termine', 10, 42, NULL),
(994, '2018-10-23 23:39:02', '1', '3', 'termine', 10, 43, NULL),
(995, '2018-10-23 23:39:02', '0', '3', 'termine', 10, 48, NULL),
(996, '2018-10-23 23:39:02', '2', '3', 'termine', 10, 55, NULL),
(997, '2018-10-23 23:39:02', '0', '3', 'termine', 10, 56, NULL),
(998, '2018-10-23 23:39:02', '5', '3', 'termine', 10, 67, NULL),
(999, '2018-10-23 23:39:02', '2', '3', 'termine', 10, 68, NULL),
(1000, '2018-10-23 23:39:02', '1', '3', 'termine', 10, 69, NULL),
(1001, '2018-10-23 23:39:02', '0', '3', 'termine', 10, 217, NULL),
(1002, '2018-10-23 23:39:02', '0', '3', 'termine', 10, 218, NULL),
(1003, '2018-10-23 23:39:02', '0', '3', 'termine', 10, 219, NULL),
(1004, '2018-10-23 23:39:02', '0', '3', 'termine', 10, 220, NULL),
(1005, '2018-10-23 23:39:33', '0', '2', 'termine', 11, 1, NULL),
(1006, '2018-10-23 23:39:33', '0', '2', 'termine', 11, 2, NULL),
(1007, '2018-10-23 23:39:33', '0', '2', 'termine', 11, 3, NULL),
(1008, '2018-10-23 23:39:33', '0', '2', 'termine', 11, 4, NULL),
(1009, '2018-10-23 23:39:33', '0', '2', 'termine', 11, 5, NULL),
(1010, '2018-10-23 23:39:33', '1', '2', 'termine', 11, 9, NULL),
(1011, '2018-10-23 23:39:33', '1', '2', 'termine', 11, 10, NULL),
(1012, '2018-10-23 23:39:33', '40', '2', 'termine', 11, 11, NULL),
(1013, '2018-10-23 23:39:33', '1.41', '2', 'termine', 11, 12, NULL),
(1014, '2018-10-23 23:39:33', '20.12', '2', 'termine', 11, 13, NULL),
(1015, '2018-10-23 23:39:33', '999', '2', 'termine', 11, 14, NULL),
(1016, '2018-10-23 23:39:33', '999', '2', 'termine', 11, 15, NULL),
(1017, '2018-10-23 23:39:33', '12.6', '2', 'termine', 11, 16, NULL),
(1018, '2018-10-23 23:39:33', '38.2', '2', 'termine', 11, 20, NULL),
(1019, '2018-10-23 23:42:31', '3.31', '3', 'termine', 11, 26, NULL),
(1020, '2018-10-23 23:42:31', '52', '3', 'termine', 11, 27, NULL),
(1021, '2018-10-23 23:42:31', '1', '3', 'termine', 11, 29, NULL),
(1022, '2018-10-23 23:42:31', '0', '3', 'termine', 11, 30, NULL),
(1023, '2018-10-23 23:42:31', '1', '3', 'termine', 11, 31, NULL),
(1024, '2018-10-23 23:42:31', '0', '3', 'termine', 11, 32, NULL),
(1025, '2018-10-23 23:42:31', '', '3', 'termine', 11, 33, NULL),
(1026, '2018-10-23 23:42:31', '1', '3', 'termine', 11, 34, NULL),
(1027, '2018-10-23 23:42:31', '1', '3', 'termine', 11, 35, NULL),
(1028, '2018-10-23 23:42:31', '0', '3', 'termine', 11, 38, NULL),
(1029, '2018-10-23 23:42:31', '0', '3', 'termine', 11, 42, NULL),
(1030, '2018-10-23 23:42:31', '0', '3', 'termine', 11, 43, NULL),
(1031, '2018-10-23 23:42:31', '0', '3', 'termine', 11, 48, NULL),
(1032, '2018-10-23 23:42:31', '1', '3', 'termine', 11, 55, NULL),
(1033, '2018-10-23 23:42:31', '999', '3', 'termine', 11, 56, NULL),
(1034, '2018-10-23 23:42:31', '5', '3', 'termine', 11, 67, NULL),
(1035, '2018-10-23 23:42:31', '2', '3', 'termine', 11, 68, NULL),
(1036, '2018-10-23 23:42:31', '1', '3', 'termine', 11, 69, NULL),
(1037, '2018-10-23 23:42:31', '0', '3', 'termine', 11, 217, NULL),
(1038, '2018-10-23 23:42:31', '0', '3', 'termine', 11, 218, NULL),
(1039, '2018-10-23 23:42:31', '0', '3', 'termine', 11, 219, NULL),
(1040, '2018-10-23 23:42:31', '0', '3', 'termine', 11, 220, NULL),
(1041, '2018-10-23 23:48:52', '09/09/9999', '4', 'termine', 10, 72, NULL),
(1042, '2018-10-23 23:48:52', '05/09/2017', '4', 'termine', 10, 73, NULL),
(1043, '2018-10-23 23:48:52', '0', '4', 'termine', 10, 74, NULL),
(1044, '2018-10-23 23:48:52', '1', '4', 'termine', 10, 75, NULL),
(1045, '2018-10-23 23:48:52', '0', '4', 'termine', 10, 77, NULL),
(1046, '2018-10-23 23:48:52', '0', '4', 'termine', 10, 76, NULL),
(1047, '2018-10-23 23:48:52', '05/09/2017', '4', 'termine', 10, 78, NULL),
(1048, '2018-10-23 23:48:52', '11/10/2017', '4', 'termine', 10, 79, NULL),
(1049, '2018-10-23 23:48:52', '36', '4', 'termine', 10, 83, NULL),
(1050, '2018-10-23 23:48:52', '1', '4', 'termine', 10, 84, NULL),
(1051, '2018-10-23 23:48:52', '30/01/2018', '4', 'termine', 10, 85, NULL),
(1052, '2018-10-23 23:48:52', '0', '4', 'termine', 10, 86, NULL),
(1053, '2018-10-23 23:48:52', '111', '4', 'termine', 10, 87, NULL),
(1054, '2018-10-23 23:48:52', '0', '4', 'termine', 10, 88, NULL),
(1055, '2018-10-23 23:48:52', '3', '4', 'termine', 10, 89, NULL),
(1056, '2018-10-23 23:48:52', '0', '4', 'termine', 10, 96, NULL),
(1057, '2018-10-23 23:48:52', '1', '4', 'termine', 10, 99, NULL),
(1058, '2018-10-23 23:48:52', '2', '4', 'termine', 10, 100, NULL),
(1059, '2018-10-23 23:48:52', '5', '4', 'termine', 10, 104, NULL),
(1060, '2018-10-23 23:48:52', '', '4', 'termine', 10, 105, NULL),
(1061, '2018-10-23 23:48:52', '4', '4', 'termine', 10, 108, NULL),
(1062, '2018-10-23 23:48:52', '0', '4', 'termine', 10, 135, NULL),
(1063, '2018-10-23 23:48:52', '0', '4', 'termine', 10, 262, NULL),
(1064, '2018-10-23 23:48:52', '0', '4', 'termine', 10, 257, NULL),
(1065, '2018-10-23 23:48:52', '0', '4', 'termine', 10, 258, NULL),
(1066, '2018-10-23 23:48:52', '0', '4', 'termine', 10, 259, NULL),
(1067, '2018-10-23 23:48:52', '0', '4', 'termine', 10, 265, NULL),
(1068, '2018-10-23 23:48:52', '0', '4', 'termine', 10, 260, NULL),
(1069, '2018-10-23 23:48:52', '0', '4', 'termine', 10, 241, NULL),
(1070, '2018-10-23 23:48:52', '0', '4', 'termine', 10, 221, NULL),
(1071, '2018-10-23 23:48:52', '0', '4', 'termine', 10, 222, NULL),
(1072, '2018-10-23 23:48:52', '0', '4', 'termine', 10, 106, NULL),
(1073, '2018-10-23 23:48:52', '0', '4', 'termine', 10, 146, NULL),
(1074, '2018-10-23 23:48:52', '1', '4', 'termine', 10, 147, NULL),
(1075, '2018-10-23 23:48:52', '180', '4', 'termine', 10, 148, NULL),
(1076, '2018-10-23 23:48:52', '100', '4', 'termine', 10, 149, NULL),
(1077, '2018-10-23 23:48:52', '0', '4', 'termine', 10, 150, NULL),
(1078, '2018-10-23 23:50:22', '0', '5', 'ko', 10, 151, NULL),
(1079, '2018-10-23 23:50:22', '0', '5', 'ko', 10, 152, NULL),
(1080, '2018-10-23 23:50:22', '0', '5', 'ko', 10, 153, NULL),
(1081, '2018-10-23 23:50:22', '0', '5', 'ko', 10, 154, NULL),
(1082, '2018-10-23 23:50:22', '4', '5', 'ko', 10, 155, NULL),
(1083, '2018-10-23 23:50:22', '0', '5', 'ko', 10, 268, NULL),
(1084, '2018-10-23 23:50:22', '0', '5', 'ko', 10, 223, NULL),
(1085, '2018-10-23 23:50:22', '0', '5', 'ko', 10, 224, NULL),
(1086, '2018-10-23 23:50:22', '0', '5', 'ko', 10, 225, NULL),
(1087, '2018-10-23 23:50:22', '1', '5', 'ko', 10, 166, NULL),
(1088, '2018-10-23 23:50:22', '', '5', 'ko', 10, 163, NULL),
(1089, '2018-10-23 23:50:22', '', '5', 'ko', 10, 230, NULL),
(1090, '2018-10-23 23:50:22', '0', '5', 'ko', 10, 167, NULL),
(1091, '2018-10-23 23:50:22', '05/02/2018', '5', 'ko', 10, 168, NULL),
(1092, '2018-10-23 23:50:22', '75', '5', 'ko', 10, 169, NULL),
(1093, '2018-10-23 23:50:22', '0', '5', 'ko', 10, 170, NULL),
(1094, '2018-10-23 23:50:22', '0', '5', 'ko', 10, 231, NULL),
(1095, '2018-10-23 23:50:22', '0', '5', 'ko', 10, 269, NULL),
(1096, '2018-10-23 23:50:22', '', '5', 'ko', 10, 270, NULL),
(1097, '2018-10-23 23:52:10', '0', '6', 'termine', 10, 174, NULL),
(1098, '2018-10-23 23:52:10', '0', '6', 'termine', 10, 175, NULL),
(1099, '2018-10-23 23:52:10', '0', '6', 'termine', 10, 176, NULL),
(1100, '2018-10-23 23:52:10', '0', '6', 'termine', 10, 226, NULL),
(1101, '2018-10-23 23:52:10', '1', '6', 'termine', 10, 227, NULL),
(1102, '2018-10-23 23:52:10', '1', '6', 'termine', 10, 228, NULL),
(1103, '2018-10-23 23:52:10', '0', '6', 'termine', 10, 185, NULL),
(1104, '2018-10-23 23:52:10', '999', '6', 'termine', 10, 178, NULL),
(1105, '2018-10-23 23:52:10', '444', '6', 'termine', 10, 192, NULL),
(1106, '2018-10-23 23:52:10', '12', '6', 'termine', 10, 193, NULL),
(1107, '2018-10-23 23:52:10', '0', '6', 'termine', 10, 194, NULL),
(1108, '2018-10-23 23:52:10', '5', '6', 'termine', 10, 195, NULL),
(1109, '2018-10-23 23:52:10', '0', '6', 'termine', 10, 196, NULL),
(1110, '2018-10-23 23:52:10', '0', '6', 'termine', 10, 197, NULL),
(1111, '2018-10-23 23:52:10', '', '6', 'termine', 10, 198, NULL),
(1112, '2018-10-23 23:52:10', '1', '6', 'termine', 10, 199, NULL),
(1113, '2018-10-23 23:52:10', '1', '6', 'termine', 10, 202, NULL),
(1114, '2018-10-23 23:52:10', '1', '6', 'termine', 10, 203, NULL),
(1115, '2018-10-23 23:52:10', '30/05/2018', '6', 'termine', 10, 204, NULL),
(1116, '2018-10-23 23:52:10', '120', '6', 'termine', 10, 205, NULL),
(1117, '2018-10-23 23:52:25', '', '7', 'ko', 10, 208, NULL),
(1118, '2018-10-23 23:52:25', '', '7', 'ko', 10, 209, NULL),
(1119, '2018-10-23 23:52:25', '1', '7', 'ko', 10, 210, NULL),
(1120, '2018-10-23 23:52:25', '', '7', 'ko', 10, 211, NULL),
(1121, '2018-10-23 23:52:25', '', '7', 'ko', 10, 212, NULL),
(1122, '2018-10-23 23:52:25', '', '7', 'ko', 10, 213, NULL),
(1123, '2018-10-23 23:52:25', '', '7', 'ko', 10, 214, NULL),
(1124, '2018-10-23 23:52:25', '', '7', 'ko', 10, 216, NULL),
(1125, '2018-10-23 23:52:25', '', '7', 'ko', 10, 229, NULL),
(1126, '2018-10-23 23:53:31', '07/09/2017', '4', 'termine', 11, 72, NULL),
(1127, '2018-10-23 23:53:31', '10/10/2017', '4', 'termine', 11, 73, NULL),
(1128, '2018-10-23 23:53:31', '33', '4', 'termine', 11, 74, NULL),
(1129, '2018-10-23 23:53:31', '1', '4', 'termine', 11, 75, NULL),
(1130, '2018-10-23 23:53:31', '3', '4', 'termine', 11, 77, NULL),
(1131, '2018-10-23 23:53:31', '0', '4', 'termine', 11, 76, NULL),
(1132, '2018-10-23 23:53:31', '10/10/2017', '4', 'termine', 11, 78, NULL),
(1133, '2018-10-23 23:53:31', '16/11/2017', '4', 'termine', 11, 79, NULL),
(1134, '2018-10-23 23:53:31', '38', '4', 'termine', 11, 83, NULL),
(1135, '2018-10-23 23:53:31', '0', '4', 'termine', 11, 84, NULL),
(1136, '2018-10-23 23:53:31', '07/02/2018', '4', 'termine', 11, 85, NULL),
(1137, '2018-10-23 23:53:31', '0', '4', 'termine', 11, 86, NULL),
(1138, '2018-10-23 23:53:31', '83', '4', 'termine', 11, 87, NULL),
(1139, '2018-10-23 23:53:31', '0', '4', 'termine', 11, 88, NULL),
(1140, '2018-10-23 23:53:31', '3', '4', 'termine', 11, 89, NULL),
(1141, '2018-10-23 23:53:31', '0', '4', 'termine', 11, 96, NULL),
(1142, '2018-10-23 23:53:31', '1', '4', 'termine', 11, 99, NULL),
(1143, '2018-10-23 23:53:31', '2', '4', 'termine', 11, 100, NULL),
(1144, '2018-10-23 23:53:31', '6', '4', 'termine', 11, 104, NULL),
(1145, '2018-10-23 23:53:31', '', '4', 'termine', 11, 105, NULL),
(1146, '2018-10-23 23:53:31', '4', '4', 'termine', 11, 108, NULL),
(1147, '2018-10-23 23:53:31', '0', '4', 'termine', 11, 135, NULL),
(1148, '2018-10-23 23:53:31', '0', '4', 'termine', 11, 262, NULL),
(1149, '2018-10-23 23:53:31', '0', '4', 'termine', 11, 257, NULL),
(1150, '2018-10-23 23:53:31', '0', '4', 'termine', 11, 258, NULL),
(1151, '2018-10-23 23:53:31', '0', '4', 'termine', 11, 259, NULL),
(1152, '2018-10-23 23:53:31', '0', '4', 'termine', 11, 265, NULL),
(1153, '2018-10-23 23:53:31', '0', '4', 'termine', 11, 260, NULL),
(1154, '2018-10-23 23:53:31', '0', '4', 'termine', 11, 241, NULL),
(1155, '2018-10-23 23:53:31', '0', '4', 'termine', 11, 221, NULL),
(1156, '2018-10-23 23:53:31', '0', '4', 'termine', 11, 222, NULL),
(1157, '2018-10-23 23:53:31', '0', '4', 'termine', 11, 106, NULL),
(1158, '2018-10-23 23:53:31', '0', '4', 'termine', 11, 146, NULL),
(1159, '2018-10-23 23:53:31', '0', '4', 'termine', 11, 147, NULL),
(1160, '2018-10-23 23:53:31', '195', '4', 'termine', 11, 148, NULL),
(1161, '2018-10-23 23:53:31', '100', '4', 'termine', 11, 149, NULL),
(1162, '2018-10-23 23:53:31', '0', '4', 'termine', 11, 150, NULL),
(1163, '2018-10-23 23:54:16', '0', '2', 'termine', 12, 1, NULL),
(1164, '2018-10-23 23:54:16', '0', '2', 'termine', 12, 2, NULL),
(1165, '2018-10-23 23:54:16', '0', '2', 'termine', 12, 3, NULL),
(1166, '2018-10-23 23:54:16', '0', '2', 'termine', 12, 4, NULL),
(1167, '2018-10-23 23:54:16', '0', '2', 'termine', 12, 5, NULL),
(1168, '2018-10-23 23:54:16', '2', '2', 'termine', 12, 9, NULL),
(1169, '2018-10-23 23:54:16', '2', '2', 'termine', 12, 10, NULL),
(1170, '2018-10-23 23:54:16', '40', '2', 'termine', 12, 11, NULL),
(1171, '2018-10-23 23:54:16', '1.45', '2', 'termine', 12, 12, NULL),
(1172, '2018-10-23 23:54:16', '19.02', '2', 'termine', 12, 13, NULL),
(1173, '2018-10-23 23:54:16', '999', '2', 'termine', 12, 14, NULL),
(1174, '2018-10-23 23:54:16', '999', '2', 'termine', 12, 15, NULL),
(1175, '2018-10-23 23:54:16', '6.7', '2', 'termine', 12, 16, NULL),
(1176, '2018-10-23 23:54:16', '35', '2', 'termine', 12, 20, NULL),
(1177, '2018-10-23 23:55:46', '33.99', '3', 'termine', 12, 26, NULL),
(1178, '2018-10-23 23:55:46', '32.1', '3', 'termine', 12, 27, NULL),
(1179, '2018-10-23 23:55:46', '1', '3', 'termine', 12, 29, NULL),
(1180, '2018-10-23 23:55:46', '0', '3', 'termine', 12, 30, NULL),
(1181, '2018-10-23 23:55:46', '1', '3', 'termine', 12, 31, NULL),
(1182, '2018-10-23 23:55:46', '0', '3', 'termine', 12, 32, NULL),
(1183, '2018-10-23 23:55:46', '', '3', 'termine', 12, 33, NULL),
(1184, '2018-10-23 23:55:46', '1', '3', 'termine', 12, 34, NULL),
(1185, '2018-10-23 23:55:46', '1', '3', 'termine', 12, 35, NULL),
(1186, '2018-10-23 23:55:46', '1', '3', 'termine', 12, 38, NULL),
(1187, '2018-10-23 23:55:46', '0', '3', 'termine', 12, 42, NULL),
(1188, '2018-10-23 23:55:46', '1', '3', 'termine', 12, 43, NULL),
(1189, '2018-10-23 23:55:46', '0', '3', 'termine', 12, 48, NULL),
(1190, '2018-10-23 23:55:46', '3', '3', 'termine', 12, 55, NULL),
(1191, '2018-10-23 23:55:46', '999', '3', 'termine', 12, 56, NULL),
(1192, '2018-10-23 23:55:46', '5', '3', 'termine', 12, 67, NULL),
(1193, '2018-10-23 23:55:46', '2', '3', 'termine', 12, 68, NULL),
(1194, '2018-10-23 23:55:46', '2', '3', 'termine', 12, 69, NULL),
(1195, '2018-10-23 23:55:46', '1', '3', 'termine', 12, 217, NULL),
(1196, '2018-10-23 23:55:46', '0', '3', 'termine', 12, 218, NULL),
(1197, '2018-10-23 23:55:46', '0', '3', 'termine', 12, 219, NULL),
(1198, '2018-10-23 23:55:46', '0', '3', 'termine', 12, 220, NULL),
(1199, '2018-10-23 23:59:26', '09/09/9999', '4', 'termine', 12, 72, NULL),
(1200, '2018-10-23 23:59:26', '09/09/9999', '4', 'termine', 12, 73, NULL),
(1201, '2018-10-23 23:59:26', '0', '4', 'termine', 12, 74, NULL),
(1202, '2018-10-23 23:59:26', '1', '4', 'termine', 12, 75, NULL),
(1203, '2018-10-23 23:59:26', '3', '4', 'termine', 12, 77, NULL),
(1204, '2018-10-23 23:59:26', '0', '4', 'termine', 12, 76, NULL),
(1205, '2018-10-23 23:59:26', '09/09/9999', '4', 'termine', 12, 78, NULL),
(1206, '2018-10-23 23:59:26', '27/10/2017', '4', 'termine', 12, 79, NULL),
(1207, '2018-10-23 23:59:26', '36', '4', 'termine', 12, 83, NULL),
(1208, '2018-10-23 23:59:26', '0', '4', 'termine', 12, 84, NULL),
(1209, '2018-10-23 23:59:26', '14/02/2018', '4', 'termine', 12, 85, NULL),
(1210, '2018-10-23 23:59:26', '0', '4', 'termine', 12, 86, NULL),
(1211, '2018-10-23 23:59:26', '110', '4', 'termine', 12, 87, NULL),
(1212, '2018-10-23 23:59:26', '0', '4', 'termine', 12, 88, NULL),
(1213, '2018-10-23 23:59:26', '999', '4', 'termine', 12, 89, NULL),
(1214, '2018-10-23 23:59:26', '0', '4', 'termine', 12, 96, NULL),
(1215, '2018-10-23 23:59:26', '0', '4', 'termine', 12, 99, NULL),
(1216, '2018-10-23 23:59:26', '3', '4', 'termine', 12, 100, NULL),
(1217, '2018-10-23 23:59:26', '7', '4', 'termine', 12, 104, NULL),
(1218, '2018-10-23 23:59:26', '', '4', 'termine', 12, 105, NULL),
(1219, '2018-10-23 23:59:26', '4', '4', 'termine', 12, 108, NULL),
(1220, '2018-10-23 23:59:26', '', '4', 'termine', 12, 135, NULL),
(1221, '2018-10-23 23:59:26', '2', '4', 'termine', 12, 262, NULL),
(1222, '2018-10-23 23:59:26', '2', '4', 'termine', 12, 257, NULL),
(1223, '2018-10-23 23:59:26', '2', '4', 'termine', 12, 258, NULL),
(1224, '2018-10-23 23:59:26', '2', '4', 'termine', 12, 259, NULL),
(1225, '2018-10-23 23:59:26', '2', '4', 'termine', 12, 265, NULL),
(1226, '2018-10-23 23:59:26', '2', '4', 'termine', 12, 260, NULL),
(1227, '2018-10-23 23:59:26', '2', '4', 'termine', 12, 241, NULL),
(1228, '2018-10-23 23:59:26', '2', '4', 'termine', 12, 221, NULL),
(1229, '2018-10-23 23:59:26', '2', '4', 'termine', 12, 222, NULL),
(1230, '2018-10-23 23:59:26', '2', '4', 'termine', 12, 106, NULL),
(1231, '2018-10-23 23:59:26', '0', '4', 'termine', 12, 146, NULL),
(1232, '2018-10-23 23:59:26', '0', '4', 'termine', 12, 147, NULL),
(1233, '2018-10-23 23:59:26', '50', '4', 'termine', 12, 148, NULL),
(1234, '2018-10-23 23:59:26', '0', '4', 'termine', 12, 149, NULL),
(1235, '2018-10-23 23:59:26', '0', '4', 'termine', 12, 150, NULL),
(1236, '2018-10-23 23:59:35', '0', '5', 'ko', 11, 151, NULL),
(1237, '2018-10-23 23:59:35', '0', '5', 'ko', 11, 152, NULL),
(1238, '2018-10-23 23:59:35', '0', '5', 'ko', 11, 153, NULL),
(1239, '2018-10-23 23:59:35', '0', '5', 'ko', 11, 154, NULL),
(1240, '2018-10-23 23:59:35', '0', '5', 'ko', 11, 155, NULL),
(1241, '2018-10-23 23:59:35', '0', '5', 'ko', 11, 268, NULL),
(1242, '2018-10-23 23:59:35', '0', '5', 'ko', 11, 223, NULL),
(1243, '2018-10-23 23:59:35', '0', '5', 'ko', 11, 224, NULL),
(1244, '2018-10-23 23:59:35', '0', '5', 'ko', 11, 225, NULL),
(1245, '2018-10-23 23:59:35', '2', '5', 'ko', 11, 166, NULL),
(1246, '2018-10-23 23:59:35', '', '5', 'ko', 11, 163, NULL),
(1247, '2018-10-23 23:59:35', '', '5', 'ko', 11, 230, NULL),
(1248, '2018-10-23 23:59:35', '0', '5', 'ko', 11, 167, NULL),
(1249, '2018-10-23 23:59:35', '16/02/2018', '5', 'ko', 11, 168, NULL),
(1250, '2018-10-23 23:59:35', '9', '5', 'ko', 11, 169, NULL),
(1251, '2018-10-23 23:59:35', '0', '5', 'ko', 11, 170, NULL),
(1252, '2018-10-23 23:59:35', '0', '5', 'ko', 11, 231, NULL),
(1253, '2018-10-23 23:59:35', '0', '5', 'ko', 11, 269, NULL),
(1254, '2018-10-23 23:59:35', '', '5', 'ko', 11, 270, NULL),
(1255, '2018-10-24 00:02:45', '0', '6', 'ko', 11, 174, NULL),
(1256, '2018-10-24 00:02:45', '444', '6', 'ko', 11, 175, NULL),
(1257, '2018-10-24 00:02:45', '', '6', 'ko', 11, 176, NULL),
(1258, '2018-10-24 00:02:45', '2', '6', 'ko', 11, 226, NULL),
(1259, '2018-10-24 00:02:45', '2', '6', 'ko', 11, 227, NULL),
(1260, '2018-10-24 00:02:45', '2', '6', 'ko', 11, 228, NULL),
(1261, '2018-10-24 00:02:45', '999', '6', 'ko', 11, 185, NULL),
(1262, '2018-10-24 00:02:45', '999', '6', 'ko', 11, 178, NULL),
(1263, '2018-10-24 00:02:45', '0', '6', 'ko', 11, 192, NULL),
(1264, '2018-10-24 00:02:45', '28', '6', 'ko', 11, 193, NULL),
(1265, '2018-10-24 00:02:45', '0', '6', 'ko', 11, 194, NULL),
(1266, '2018-10-24 00:02:45', '0', '6', 'ko', 11, 195, NULL),
(1267, '2018-10-24 00:02:45', '0', '6', 'ko', 11, 196, NULL),
(1268, '2018-10-24 00:02:45', '0', '6', 'ko', 11, 197, NULL),
(1269, '2018-10-24 00:02:45', '', '6', 'ko', 11, 198, NULL),
(1270, '2018-10-24 00:02:45', '4', '6', 'ko', 11, 199, NULL),
(1271, '2018-10-24 00:02:45', '0', '6', 'ko', 11, 202, NULL),
(1272, '2018-10-24 00:02:45', '0', '6', 'ko', 11, 203, NULL),
(1273, '2018-10-24 00:02:45', '09/09/9999', '6', 'ko', 11, 204, NULL),
(1274, '2018-10-24 00:02:45', '', '6', 'ko', 11, 205, NULL),
(1275, '2018-10-24 00:05:10', '0', '5', 'ko', 12, 151, NULL),
(1276, '2018-10-24 00:05:10', '0', '5', 'ko', 12, 152, NULL),
(1277, '2018-10-24 00:05:10', '0', '5', 'ko', 12, 153, NULL),
(1278, '2018-10-24 00:05:10', '0', '5', 'ko', 12, 154, NULL),
(1279, '2018-10-24 00:05:10', '999', '5', 'ko', 12, 155, NULL),
(1280, '2018-10-24 00:05:10', '0', '5', 'ko', 12, 268, NULL),
(1281, '2018-10-24 00:05:10', '0', '5', 'ko', 12, 223, NULL),
(1282, '2018-10-24 00:05:10', '0', '5', 'ko', 12, 224, NULL),
(1283, '2018-10-24 00:05:10', '0', '5', 'ko', 12, 225, NULL),
(1284, '2018-10-24 00:05:10', '0', '5', 'ko', 12, 166, NULL),
(1285, '2018-10-24 00:05:10', '', '5', 'ko', 12, 163, NULL),
(1286, '2018-10-24 00:05:10', '', '5', 'ko', 12, 230, NULL),
(1287, '2018-10-24 00:05:10', '0', '5', 'ko', 12, 167, NULL),
(1288, '2018-10-24 00:05:10', '05/03/2018', '5', 'ko', 12, 168, NULL),
(1289, '2018-10-24 00:05:10', '91', '5', 'ko', 12, 169, NULL),
(1290, '2018-10-24 00:05:10', '0', '5', 'ko', 12, 170, NULL),
(1291, '2018-10-24 00:05:10', '0', '5', 'ko', 12, 231, NULL),
(1292, '2018-10-24 00:05:10', '0', '5', 'ko', 12, 269, NULL),
(1293, '2018-10-24 00:05:10', '', '5', 'ko', 12, 270, NULL),
(1294, '2018-10-24 00:05:19', '', '6', 'termine', 12, 174, NULL),
(1295, '2018-10-24 00:05:19', '', '6', 'termine', 12, 175, NULL),
(1296, '2018-10-24 00:05:19', '', '6', 'termine', 12, 176, NULL),
(1297, '2018-10-24 00:05:19', '2', '6', 'termine', 12, 226, NULL),
(1298, '2018-10-24 00:05:19', '2', '6', 'termine', 12, 227, NULL),
(1299, '2018-10-24 00:05:19', '2', '6', 'termine', 12, 228, NULL),
(1300, '2018-10-24 00:05:19', '', '6', 'termine', 12, 185, NULL),
(1301, '2018-10-24 00:05:19', '', '6', 'termine', 12, 178, NULL),
(1302, '2018-10-24 00:05:19', '', '6', 'termine', 12, 192, NULL),
(1303, '2018-10-24 00:05:19', '', '6', 'termine', 12, 193, NULL),
(1304, '2018-10-24 00:05:19', '', '6', 'termine', 12, 194, NULL),
(1305, '2018-10-24 00:05:19', '', '6', 'termine', 12, 195, NULL),
(1306, '2018-10-24 00:05:19', '', '6', 'termine', 12, 196, NULL),
(1307, '2018-10-24 00:05:19', '', '6', 'termine', 12, 197, NULL),
(1308, '2018-10-24 00:05:19', '', '6', 'termine', 12, 198, NULL),
(1309, '2018-10-24 00:05:19', '', '6', 'termine', 12, 199, NULL),
(1310, '2018-10-24 00:05:19', '', '6', 'termine', 12, 202, NULL),
(1311, '2018-10-24 00:05:19', '', '6', 'termine', 12, 203, NULL),
(1312, '2018-10-24 00:05:19', '', '6', 'termine', 12, 204, NULL),
(1313, '2018-10-24 00:05:19', '', '6', 'termine', 12, 205, NULL),
(1314, '2018-10-24 00:05:34', '', '7', 'ko', 11, 208, NULL),
(1315, '2018-10-24 00:05:34', '', '7', 'ko', 11, 209, NULL),
(1316, '2018-10-24 00:05:34', '', '7', 'ko', 11, 210, NULL),
(1317, '2018-10-24 00:05:34', '', '7', 'ko', 11, 211, NULL),
(1318, '2018-10-24 00:05:34', '', '7', 'ko', 11, 212, NULL),
(1319, '2018-10-24 00:05:34', '', '7', 'ko', 11, 213, NULL),
(1320, '2018-10-24 00:05:34', '', '7', 'ko', 11, 214, NULL),
(1321, '2018-10-24 00:05:34', '', '7', 'ko', 11, 216, NULL),
(1322, '2018-10-24 00:05:34', '', '7', 'ko', 11, 229, NULL),
(1323, '2018-10-24 00:05:44', '', '7', 'ko', 12, 208, NULL),
(1324, '2018-10-24 00:05:44', '', '7', 'ko', 12, 209, NULL),
(1325, '2018-10-24 00:05:44', '', '7', 'ko', 12, 210, NULL),
(1326, '2018-10-24 00:05:44', '', '7', 'ko', 12, 211, NULL),
(1327, '2018-10-24 00:05:44', '', '7', 'ko', 12, 212, NULL),
(1328, '2018-10-24 00:05:44', '', '7', 'ko', 12, 213, NULL),
(1329, '2018-10-24 00:05:44', '', '7', 'ko', 12, 214, NULL),
(1330, '2018-10-24 00:05:44', '', '7', 'ko', 12, 216, NULL),
(1331, '2018-10-24 00:05:44', '', '7', 'ko', 12, 229, NULL),
(1332, '2018-10-24 00:08:44', '0', '2', 'termine', 13, 1, NULL),
(1333, '2018-10-24 00:08:44', '0', '2', 'termine', 13, 2, NULL),
(1334, '2018-10-24 00:08:44', '0', '2', 'termine', 13, 3, NULL),
(1335, '2018-10-24 00:08:44', '0', '2', 'termine', 13, 4, NULL),
(1336, '2018-10-24 00:08:44', '0', '2', 'termine', 13, 5, NULL),
(1337, '2018-10-24 00:08:44', '1', '2', 'termine', 13, 9, NULL),
(1338, '2018-10-24 00:08:44', '1', '2', 'termine', 13, 10, NULL),
(1339, '2018-10-24 00:08:44', '49', '2', 'termine', 13, 11, NULL),
(1340, '2018-10-24 00:08:44', '1.69', '2', 'termine', 13, 12, NULL),
(1341, '2018-10-24 00:08:44', '17.16', '2', 'termine', 13, 13, NULL),
(1342, '2018-10-24 00:08:44', '999', '2', 'termine', 13, 14, NULL),
(1343, '2018-10-24 00:08:44', '999', '2', 'termine', 13, 15, NULL),
(1344, '2018-10-24 00:08:44', '8.8', '2', 'termine', 13, 16, NULL),
(1345, '2018-10-24 00:08:44', '38.29', '2', 'termine', 13, 20, NULL),
(1346, '2018-10-24 00:12:31', '89.34', '3', 'termine', 13, 26, NULL),
(1347, '2018-10-24 00:12:31', '4.3', '3', 'termine', 13, 27, NULL),
(1348, '2018-10-24 00:12:31', '1', '3', 'termine', 13, 29, NULL),
(1349, '2018-10-24 00:12:31', '0', '3', 'termine', 13, 30, NULL),
(1350, '2018-10-24 00:12:31', '999', '3', 'termine', 13, 31, NULL),
(1351, '2018-10-24 00:12:31', '0', '3', 'termine', 13, 32, NULL),
(1352, '2018-10-24 00:12:31', '', '3', 'termine', 13, 33, NULL),
(1353, '2018-10-24 00:12:31', '0', '3', 'termine', 13, 34, NULL),
(1354, '2018-10-24 00:12:31', '1', '3', 'termine', 13, 35, NULL),
(1355, '2018-10-24 00:12:31', '0', '3', 'termine', 13, 38, NULL),
(1356, '2018-10-24 00:12:31', '0', '3', 'termine', 13, 42, NULL),
(1357, '2018-10-24 00:12:31', '1', '3', 'termine', 13, 43, NULL),
(1358, '2018-10-24 00:12:31', '0', '3', 'termine', 13, 48, NULL),
(1359, '2018-10-24 00:12:31', '11', '3', 'termine', 13, 55, NULL),
(1360, '2018-10-24 00:12:31', '1', '3', 'termine', 13, 56, NULL),
(1361, '2018-10-24 00:12:31', '0', '3', 'termine', 13, 67, NULL),
(1362, '2018-10-24 00:12:31', '0', '3', 'termine', 13, 68, NULL),
(1363, '2018-10-24 00:12:31', '0', '3', 'termine', 13, 69, NULL),
(1364, '2018-10-24 00:12:31', '999', '3', 'termine', 13, 217, NULL),
(1365, '2018-10-24 00:12:31', '0', '3', 'termine', 13, 218, NULL),
(1366, '2018-10-24 00:12:31', '0', '3', 'termine', 13, 219, NULL),
(1367, '2018-10-24 00:12:31', '0', '3', 'termine', 13, 220, NULL),
(1368, '2018-10-24 00:12:32', '0', '2', 'termine', 14, 1, NULL),
(1369, '2018-10-24 00:12:32', '0', '2', 'termine', 14, 2, NULL),
(1370, '2018-10-24 00:12:32', '0', '2', 'termine', 14, 3, NULL),
(1371, '2018-10-24 00:12:32', '0', '2', 'termine', 14, 4, NULL),
(1372, '2018-10-24 00:12:32', '0', '2', 'termine', 14, 5, NULL),
(1373, '2018-10-24 00:12:32', '1', '2', 'termine', 14, 9, NULL),
(1374, '2018-10-24 00:12:32', '1', '2', 'termine', 14, 10, NULL),
(1375, '2018-10-24 00:12:32', '60', '2', 'termine', 14, 11, NULL),
(1376, '2018-10-24 00:12:32', '1.65', '2', 'termine', 14, 12, NULL),
(1377, '2018-10-24 00:12:32', '22.04', '2', 'termine', 14, 13, NULL),
(1378, '2018-10-24 00:12:32', '999', '2', 'termine', 14, 14, NULL),
(1379, '2018-10-24 00:12:32', '999', '2', 'termine', 14, 15, NULL),
(1380, '2018-10-24 00:12:32', '14', '2', 'termine', 14, 16, NULL),
(1381, '2018-10-24 00:12:32', '37.6', '2', 'termine', 14, 20, NULL),
(1382, '2018-10-24 00:14:08', '999', '3', 'termine', 14, 26, NULL),
(1383, '2018-10-24 00:14:08', '999', '3', 'termine', 14, 27, NULL),
(1384, '2018-10-24 00:14:08', '1', '3', 'termine', 14, 29, NULL),
(1385, '2018-10-24 00:14:08', '0', '3', 'termine', 14, 30, NULL),
(1386, '2018-10-24 00:14:08', '0', '3', 'termine', 14, 31, NULL),
(1387, '2018-10-24 00:14:08', '999', '3', 'termine', 14, 32, NULL),
(1388, '2018-10-24 00:14:08', '', '3', 'termine', 14, 33, NULL),
(1389, '2018-10-24 00:14:08', '1', '3', 'termine', 14, 34, NULL),
(1390, '2018-10-24 00:14:08', '1', '3', 'termine', 14, 35, NULL),
(1391, '2018-10-24 00:14:08', '0', '3', 'termine', 14, 38, NULL),
(1392, '2018-10-24 00:14:08', '0', '3', 'termine', 14, 42, NULL),
(1393, '2018-10-24 00:14:08', '0', '3', 'termine', 14, 43, NULL),
(1394, '2018-10-24 00:14:08', '0', '3', 'termine', 14, 48, NULL),
(1395, '2018-10-24 00:14:08', '18', '3', 'termine', 14, 55, NULL),
(1396, '2018-10-24 00:14:08', '0', '3', 'termine', 14, 56, NULL),
(1397, '2018-10-24 00:14:08', '5', '3', 'termine', 14, 67, NULL),
(1398, '2018-10-24 00:14:08', '0', '3', 'termine', 14, 68, NULL),
(1399, '2018-10-24 00:14:08', '1', '3', 'termine', 14, 69, NULL),
(1400, '2018-10-24 00:14:08', '0', '3', 'termine', 14, 217, NULL),
(1401, '2018-10-24 00:14:08', '0', '3', 'termine', 14, 218, NULL),
(1402, '2018-10-24 00:14:08', '0', '3', 'termine', 14, 219, NULL),
(1403, '2018-10-24 00:14:08', '0', '3', 'termine', 14, 220, NULL),
(1404, '2018-10-24 00:22:13', '28/12/2017', '4', 'termine', 13, 72, NULL),
(1405, '2018-10-24 00:22:13', '15/02/2018', '4', 'termine', 13, 73, NULL),
(1406, '2018-10-24 00:22:13', '49', '4', 'termine', 13, 74, NULL),
(1407, '2018-10-24 00:22:13', '0', '4', 'termine', 13, 75, NULL),
(1408, '2018-10-24 00:22:13', '0', '4', 'termine', 13, 77, NULL),
(1409, '2018-10-24 00:22:13', '0', '4', 'termine', 13, 76, NULL),
(1410, '2018-10-24 00:22:13', '09/09/9999', '4', 'termine', 13, 78, NULL),
(1411, '2018-10-24 00:22:13', '09/09/9999', '4', 'termine', 13, 79, NULL),
(1412, '2018-10-24 00:22:13', '38', '4', 'termine', 13, 83, NULL),
(1413, '2018-10-24 00:22:13', '0', '4', 'termine', 13, 84, NULL),
(1414, '2018-10-24 00:22:13', '15/02/2018', '4', 'termine', 13, 85, NULL),
(1415, '2018-10-24 00:22:13', '0', '4', 'termine', 13, 86, NULL),
(1416, '2018-10-24 00:22:13', '0', '4', 'termine', 13, 87, NULL),
(1417, '2018-10-24 00:22:13', '0', '4', 'termine', 13, 88, NULL),
(1418, '2018-10-24 00:22:13', '3', '4', 'termine', 13, 89, NULL),
(1419, '2018-10-24 00:22:13', '2', '4', 'termine', 13, 96, NULL),
(1420, '2018-10-24 00:22:13', '1', '4', 'termine', 13, 99, NULL),
(1421, '2018-10-24 00:22:13', '0', '4', 'termine', 13, 100, NULL),
(1422, '2018-10-24 00:22:13', '2', '4', 'termine', 13, 104, NULL),
(1423, '2018-10-24 00:22:13', '0', '4', 'termine', 13, 105, NULL),
(1424, '2018-10-24 00:22:13', '1', '4', 'termine', 13, 108, NULL),
(1425, '2018-10-24 00:22:13', '1', '4', 'termine', 13, 135, NULL),
(1426, '2018-10-24 00:22:13', '0', '4', 'termine', 13, 262, NULL),
(1427, '2018-10-24 00:22:13', '1', '4', 'termine', 13, 257, NULL),
(1428, '2018-10-24 00:22:13', '0', '4', 'termine', 13, 258, NULL),
(1429, '2018-10-24 00:22:13', '0', '4', 'termine', 13, 259, NULL),
(1430, '2018-10-24 00:22:13', '0', '4', 'termine', 13, 265, NULL),
(1431, '2018-10-24 00:22:13', '0', '4', 'termine', 13, 260, NULL),
(1432, '2018-10-24 00:22:13', '2', '4', 'termine', 13, 241, NULL),
(1433, '2018-10-24 00:22:13', '2', '4', 'termine', 13, 221, NULL),
(1434, '2018-10-24 00:22:13', '2', '4', 'termine', 13, 222, NULL),
(1435, '2018-10-24 00:22:13', '2', '4', 'termine', 13, 106, NULL),
(1436, '2018-10-24 00:22:13', '1', '4', 'termine', 13, 146, NULL),
(1437, '2018-10-24 00:22:13', '1', '4', 'termine', 13, 147, NULL),
(1438, '2018-10-24 00:22:13', '300', '4', 'termine', 13, 148, NULL),
(1439, '2018-10-24 00:22:13', '50', '4', 'termine', 13, 149, NULL),
(1440, '2018-10-24 00:22:13', '2', '4', 'termine', 13, 150, NULL),
(1441, '2018-10-24 00:22:19', '16/02/2018', '4', 'termine', 14, 72, NULL),
(1442, '2018-10-24 00:22:19', '16/02/2018', '4', 'termine', 14, 73, NULL),
(1443, '2018-10-24 00:22:19', '0', '4', 'termine', 14, 74, NULL),
(1444, '2018-10-24 00:22:19', '0', '4', 'termine', 14, 75, NULL),
(1445, '2018-10-24 00:22:19', '0', '4', 'termine', 14, 77, NULL),
(1446, '2018-10-24 00:22:19', '0', '4', 'termine', 14, 76, NULL),
(1447, '2018-10-24 00:22:19', '09/09/9999', '4', 'termine', 14, 78, NULL),
(1448, '2018-10-24 00:22:19', '09/09/9999', '4', 'termine', 14, 79, NULL),
(1449, '2018-10-24 00:22:19', '36', '4', 'termine', 14, 83, NULL),
(1450, '2018-10-24 00:22:19', '1', '4', 'termine', 14, 84, NULL),
(1451, '2018-10-24 00:22:19', '16/02/2018', '4', 'termine', 14, 85, NULL),
(1452, '2018-10-24 00:22:19', '0', '4', 'termine', 14, 86, NULL),
(1453, '2018-10-24 00:22:19', '0', '4', 'termine', 14, 87, NULL),
(1454, '2018-10-24 00:22:19', '0', '4', 'termine', 14, 88, NULL),
(1455, '2018-10-24 00:22:19', '3', '4', 'termine', 14, 89, NULL),
(1456, '2018-10-24 00:22:19', '2', '4', 'termine', 14, 96, NULL),
(1457, '2018-10-24 00:22:19', '1', '4', 'termine', 14, 99, NULL),
(1458, '2018-10-24 00:22:19', '1', '4', 'termine', 14, 100, NULL),
(1459, '2018-10-24 00:22:19', '0', '4', 'termine', 14, 104, NULL),
(1460, '2018-10-24 00:22:19', '0', '4', 'termine', 14, 105, NULL),
(1461, '2018-10-24 00:22:19', '0', '4', 'termine', 14, 108, NULL),
(1462, '2018-10-24 00:22:19', '0', '4', 'termine', 14, 135, NULL),
(1463, '2018-10-24 00:22:19', '0', '4', 'termine', 14, 262, NULL),
(1464, '2018-10-24 00:22:19', '0', '4', 'termine', 14, 257, NULL),
(1465, '2018-10-24 00:22:19', '0', '4', 'termine', 14, 258, NULL),
(1466, '2018-10-24 00:22:19', '0', '4', 'termine', 14, 259, NULL),
(1467, '2018-10-24 00:22:19', '0', '4', 'termine', 14, 265, NULL),
(1468, '2018-10-24 00:22:19', '0', '4', 'termine', 14, 260, NULL),
(1469, '2018-10-24 00:22:19', '0', '4', 'termine', 14, 241, NULL),
(1470, '2018-10-24 00:22:19', '0', '4', 'termine', 14, 221, NULL),
(1471, '2018-10-24 00:22:19', '0', '4', 'termine', 14, 222, NULL),
(1472, '2018-10-24 00:22:19', '0', '4', 'termine', 14, 106, NULL),
(1473, '2018-10-24 00:22:19', '0', '4', 'termine', 14, 146, NULL),
(1474, '2018-10-24 00:22:19', '0', '4', 'termine', 14, 147, NULL),
(1475, '2018-10-24 00:22:19', '240', '4', 'termine', 14, 148, NULL),
(1476, '2018-10-24 00:22:19', '100', '4', 'termine', 14, 149, NULL),
(1477, '2018-10-24 00:22:19', '0', '4', 'termine', 14, 150, NULL),
(1478, '2018-10-24 00:23:43', '0', '5', 'ko', 14, 151, NULL),
(1479, '2018-10-24 00:23:43', '0', '5', 'ko', 14, 152, NULL),
(1480, '2018-10-24 00:23:43', '0', '5', 'ko', 14, 153, NULL),
(1481, '2018-10-24 00:23:43', '0', '5', 'ko', 14, 154, NULL),
(1482, '2018-10-24 00:23:43', '0', '5', 'ko', 14, 155, NULL),
(1483, '2018-10-24 00:23:43', '0', '5', 'ko', 14, 268, NULL),
(1484, '2018-10-24 00:23:43', '0', '5', 'ko', 14, 223, NULL),
(1485, '2018-10-24 00:23:43', '0', '5', 'ko', 14, 224, NULL),
(1486, '2018-10-24 00:23:43', '0', '5', 'ko', 14, 225, NULL),
(1487, '2018-10-24 00:23:43', '4', '5', 'ko', 14, 166, NULL),
(1488, '2018-10-24 00:23:43', '', '5', 'ko', 14, 163, NULL),
(1489, '2018-10-24 00:23:43', '', '5', 'ko', 14, 230, NULL),
(1490, '2018-10-24 00:23:43', '0', '5', 'ko', 14, 167, NULL),
(1491, '2018-10-24 00:23:43', '24/02/2018', '5', 'ko', 14, 168, NULL),
(1492, '2018-10-24 00:23:43', '8', '5', 'ko', 14, 169, NULL),
(1493, '2018-10-24 00:23:43', '0', '5', 'ko', 14, 170, NULL),
(1494, '2018-10-24 00:23:43', '0', '5', 'ko', 14, 231, NULL),
(1495, '2018-10-24 00:23:43', '0', '5', 'ko', 14, 269, NULL),
(1496, '2018-10-24 00:23:43', '', '5', 'ko', 14, 270, NULL),
(1497, '2018-10-24 00:24:54', '0', '6', 'termine', 14, 174, NULL),
(1498, '2018-10-24 00:24:54', '0', '6', 'termine', 14, 175, NULL),
(1499, '2018-10-24 00:24:54', '0', '6', 'termine', 14, 176, NULL),
(1500, '2018-10-24 00:24:54', '0', '6', 'termine', 14, 226, NULL),
(1501, '2018-10-24 00:24:54', '1', '6', 'termine', 14, 227, NULL),
(1502, '2018-10-24 00:24:54', '999', '6', 'termine', 14, 228, NULL),
(1503, '2018-10-24 00:24:54', '2', '6', 'termine', 14, 185, NULL),
(1504, '2018-10-24 00:24:54', '3', '6', 'termine', 14, 178, NULL),
(1505, '2018-10-24 00:24:54', '4', '6', 'termine', 14, 192, NULL),
(1506, '2018-10-24 00:24:54', '22', '6', 'termine', 14, 193, NULL),
(1507, '2018-10-24 00:24:54', '0', '6', 'termine', 14, 194, NULL),
(1508, '2018-10-24 00:24:54', '4', '6', 'termine', 14, 195, NULL),
(1509, '2018-10-24 00:24:54', '0', '6', 'termine', 14, 196, NULL),
(1510, '2018-10-24 00:24:54', '0', '6', 'termine', 14, 197, NULL),
(1511, '2018-10-24 00:24:54', '', '6', 'termine', 14, 198, NULL),
(1512, '2018-10-24 00:24:54', '', '6', 'termine', 14, 199, NULL),
(1513, '2018-10-24 00:24:54', '0', '6', 'termine', 14, 202, NULL),
(1514, '2018-10-24 00:24:54', '0', '6', 'termine', 14, 203, NULL),
(1515, '2018-10-24 00:24:54', '09/09/9999', '6', 'termine', 14, 204, NULL),
(1516, '2018-10-24 00:24:54', '', '6', 'termine', 14, 205, NULL),
(1517, '2018-10-24 00:25:02', '', '7', 'ko', 14, 208, NULL),
(1518, '2018-10-24 00:25:02', '', '7', 'ko', 14, 209, NULL),
(1519, '2018-10-24 00:25:02', '1', '7', 'ko', 14, 210, NULL),
(1520, '2018-10-24 00:25:02', '', '7', 'ko', 14, 211, NULL),
(1521, '2018-10-24 00:25:02', '', '7', 'ko', 14, 212, NULL),
(1522, '2018-10-24 00:25:02', '', '7', 'ko', 14, 213, NULL),
(1523, '2018-10-24 00:25:02', '', '7', 'ko', 14, 214, NULL),
(1524, '2018-10-24 00:25:02', '', '7', 'ko', 14, 216, NULL),
(1525, '2018-10-24 00:25:02', '', '7', 'ko', 14, 229, NULL),
(1526, '2018-10-24 00:25:39', '0', '5', 'ko', 13, 151, NULL),
(1527, '2018-10-24 00:25:39', '0', '5', 'ko', 13, 152, NULL),
(1528, '2018-10-24 00:25:39', '0', '5', 'ko', 13, 153, NULL),
(1529, '2018-10-24 00:25:39', '0', '5', 'ko', 13, 154, NULL),
(1530, '2018-10-24 00:25:39', '0', '5', 'ko', 13, 155, NULL),
(1531, '2018-10-24 00:25:39', '0', '5', 'ko', 13, 268, NULL),
(1532, '2018-10-24 00:25:39', '0', '5', 'ko', 13, 223, NULL),
(1533, '2018-10-24 00:25:39', '0', '5', 'ko', 13, 224, NULL),
(1534, '2018-10-24 00:25:39', '0', '5', 'ko', 13, 225, NULL),
(1535, '2018-10-24 00:25:39', '2', '5', 'ko', 13, 166, NULL),
(1536, '2018-10-24 00:25:39', '999', '5', 'ko', 13, 163, NULL),
(1537, '2018-10-24 00:25:39', '', '5', 'ko', 13, 230, NULL),
(1538, '2018-10-24 00:25:39', '0', '5', 'ko', 13, 167, NULL),
(1539, '2018-10-24 00:25:39', '20/02/2018', '5', 'ko', 13, 168, NULL),
(1540, '2018-10-24 00:25:39', '5', '5', 'ko', 13, 169, NULL),
(1541, '2018-10-24 00:25:39', '0', '5', 'ko', 13, 170, NULL),
(1542, '2018-10-24 00:25:39', '', '5', 'ko', 13, 231, NULL),
(1543, '2018-10-24 00:25:39', '0', '5', 'ko', 13, 269, NULL),
(1544, '2018-10-24 00:25:39', '', '5', 'ko', 13, 270, NULL),
(1545, '2018-10-24 00:27:13', '0', '2', 'termine', 15, 1, NULL),
(1546, '2018-10-24 00:27:13', '0', '2', 'termine', 15, 2, NULL),
(1547, '2018-10-24 00:27:13', '0', '2', 'termine', 15, 3, NULL),
(1548, '2018-10-24 00:27:13', '0', '2', 'termine', 15, 4, NULL),
(1549, '2018-10-24 00:27:13', '0', '2', 'termine', 15, 5, NULL),
(1550, '2018-10-24 00:27:13', '1', '2', 'termine', 15, 9, NULL),
(1551, '2018-10-24 00:27:13', '1', '2', 'termine', 15, 10, NULL),
(1552, '2018-10-24 00:27:13', '45', '2', 'termine', 15, 11, NULL),
(1553, '2018-10-24 00:27:13', '1.57', '2', 'termine', 15, 12, NULL),
(1554, '2018-10-24 00:27:13', '18.26', '2', 'termine', 15, 13, NULL),
(1555, '2018-10-24 00:27:13', '999', '2', 'termine', 15, 14, NULL),
(1556, '2018-10-24 00:27:13', '999', '2', 'termine', 15, 15, NULL),
(1557, '2018-10-24 00:27:13', '11.2', '2', 'termine', 15, 16, NULL),
(1558, '2018-10-24 00:27:13', '34.67', '2', 'termine', 15, 20, NULL),
(1559, '2018-10-24 00:28:47', '18.84', '3', 'termine', 15, 26, NULL),
(1560, '2018-10-24 00:28:47', '2.5', '3', 'termine', 15, 27, NULL),
(1561, '2018-10-24 00:28:47', '1', '3', 'termine', 15, 29, NULL),
(1562, '2018-10-24 00:28:47', '0', '3', 'termine', 15, 30, NULL),
(1563, '2018-10-24 00:28:47', '0', '3', 'termine', 15, 31, NULL),
(1564, '2018-10-24 00:28:47', '0', '3', 'termine', 15, 32, NULL),
(1565, '2018-10-24 00:28:47', '', '3', 'termine', 15, 33, NULL),
(1566, '2018-10-24 00:28:47', '1', '3', 'termine', 15, 34, NULL),
(1567, '2018-10-24 00:28:47', '1', '3', 'termine', 15, 35, NULL),
(1568, '2018-10-24 00:28:47', '1', '3', 'termine', 15, 38, NULL),
(1569, '2018-10-24 00:28:47', '0', '3', 'termine', 15, 42, NULL),
(1570, '2018-10-24 00:28:47', '0', '3', 'termine', 15, 43, NULL),
(1571, '2018-10-24 00:28:47', '0', '3', 'termine', 15, 48, NULL),
(1572, '2018-10-24 00:28:47', '0.5', '3', 'termine', 15, 55, NULL),
(1573, '2018-10-24 00:28:47', '0', '3', 'termine', 15, 56, NULL),
(1574, '2018-10-24 00:28:47', '0', '3', 'termine', 15, 67, NULL),
(1575, '2018-10-24 00:28:47', '0', '3', 'termine', 15, 68, NULL),
(1576, '2018-10-24 00:28:47', '0', '3', 'termine', 15, 69, NULL),
(1577, '2018-10-24 00:28:47', '999', '3', 'termine', 15, 217, NULL),
(1578, '2018-10-24 00:28:47', '999', '3', 'termine', 15, 218, NULL),
(1579, '2018-10-24 00:28:47', '999', '3', 'termine', 15, 219, NULL),
(1580, '2018-10-24 00:28:47', '999', '3', 'termine', 15, 220, NULL),
(1581, '2018-10-24 00:29:18', '0', '6', 'termine', 13, 174, NULL),
(1582, '2018-10-24 00:29:18', '0', '6', 'termine', 13, 175, NULL),
(1583, '2018-10-24 00:29:18', '49', '6', 'termine', 13, 176, NULL),
(1584, '2018-10-24 00:29:18', '0', '6', 'termine', 13, 226, NULL),
(1585, '2018-10-24 00:29:18', '0', '6', 'termine', 13, 227, NULL),
(1586, '2018-10-24 00:29:18', '0', '6', 'termine', 13, 228, NULL),
(1587, '2018-10-24 00:29:18', '999', '6', 'termine', 13, 185, NULL),
(1588, '2018-10-24 00:29:18', '999', '6', 'termine', 13, 178, NULL),
(1589, '2018-10-24 00:29:18', '4', '6', 'termine', 13, 192, NULL),
(1590, '2018-10-24 00:29:18', '5', '6', 'termine', 13, 193, NULL),
(1591, '2018-10-24 00:29:18', '0', '6', 'termine', 13, 194, NULL),
(1592, '2018-10-24 00:29:18', '2', '6', 'termine', 13, 195, NULL),
(1593, '2018-10-24 00:29:18', '0', '6', 'termine', 13, 196, NULL),
(1594, '2018-10-24 00:29:18', '0', '6', 'termine', 13, 197, NULL),
(1595, '2018-10-24 00:29:18', '', '6', 'termine', 13, 198, NULL),
(1596, '2018-10-24 00:29:18', '', '6', 'termine', 13, 199, NULL),
(1597, '2018-10-24 00:29:18', '1', '6', 'termine', 13, 202, NULL),
(1598, '2018-10-24 00:29:18', '0', '6', 'termine', 13, 203, NULL),
(1599, '2018-10-24 00:29:18', '09/09/9999', '6', 'termine', 13, 204, NULL),
(1600, '2018-10-24 00:29:18', '', '6', 'termine', 13, 205, NULL),
(1601, '2018-10-24 00:29:23', '', '7', 'ko', 13, 208, NULL),
(1602, '2018-10-24 00:29:23', '', '7', 'ko', 13, 209, NULL),
(1603, '2018-10-24 00:29:23', '', '7', 'ko', 13, 210, NULL),
(1604, '2018-10-24 00:29:23', '', '7', 'ko', 13, 211, NULL);
INSERT INTO `formulaire_item` (`id`, `date`, `valeur_item`, `etape`, `statut`, `id_formulaire`, `id_item`, `id_pj`) VALUES
(1605, '2018-10-24 00:29:23', '', '7', 'ko', 13, 212, NULL),
(1606, '2018-10-24 00:29:23', '', '7', 'ko', 13, 213, NULL),
(1607, '2018-10-24 00:29:23', '', '7', 'ko', 13, 214, NULL),
(1608, '2018-10-24 00:29:23', '', '7', 'ko', 13, 216, NULL),
(1609, '2018-10-24 00:29:23', '', '7', 'ko', 13, 229, NULL),
(1610, '2018-10-24 00:32:25', '09/11/2017', '4', 'termine', 15, 72, NULL),
(1611, '2018-10-24 00:32:25', '19/02/2018', '4', 'termine', 15, 73, NULL),
(1612, '2018-10-24 00:32:25', '102', '4', 'termine', 15, 74, NULL),
(1613, '2018-10-24 00:32:25', '0', '4', 'termine', 15, 75, NULL),
(1614, '2018-10-24 00:32:25', '0', '4', 'termine', 15, 77, NULL),
(1615, '2018-10-24 00:32:25', '0', '4', 'termine', 15, 76, NULL),
(1616, '2018-10-24 00:32:25', '09/09/9999', '4', 'termine', 15, 78, NULL),
(1617, '2018-10-24 00:32:25', '09/09/9999', '4', 'termine', 15, 79, NULL),
(1618, '2018-10-24 00:32:25', '38', '4', 'termine', 15, 83, NULL),
(1619, '2018-10-24 00:32:25', '1', '4', 'termine', 15, 84, NULL),
(1620, '2018-10-24 00:32:25', '19/02/2018', '4', 'termine', 15, 85, NULL),
(1621, '2018-10-24 00:32:25', '0', '4', 'termine', 15, 86, NULL),
(1622, '2018-10-24 00:32:25', '0', '4', 'termine', 15, 87, NULL),
(1623, '2018-10-24 00:32:25', '0', '4', 'termine', 15, 88, NULL),
(1624, '2018-10-24 00:32:25', '999', '4', 'termine', 15, 89, NULL),
(1625, '2018-10-24 00:32:25', '0', '4', 'termine', 15, 96, NULL),
(1626, '2018-10-24 00:32:25', '1', '4', 'termine', 15, 99, NULL),
(1627, '2018-10-24 00:32:25', '2', '4', 'termine', 15, 100, NULL),
(1628, '2018-10-24 00:32:25', '5', '4', 'termine', 15, 104, NULL),
(1629, '2018-10-24 00:32:25', '', '4', 'termine', 15, 105, NULL),
(1630, '2018-10-24 00:32:25', '4', '4', 'termine', 15, 108, NULL),
(1631, '2018-10-24 00:32:25', '1', '4', 'termine', 15, 135, NULL),
(1632, '2018-10-24 00:32:25', '0', '4', 'termine', 15, 262, NULL),
(1633, '2018-10-24 00:32:25', '1', '4', 'termine', 15, 257, NULL),
(1634, '2018-10-24 00:32:25', '1', '4', 'termine', 15, 258, NULL),
(1635, '2018-10-24 00:32:25', '1', '4', 'termine', 15, 259, NULL),
(1636, '2018-10-24 00:32:25', '0', '4', 'termine', 15, 265, NULL),
(1637, '2018-10-24 00:32:25', '0', '4', 'termine', 15, 260, NULL),
(1638, '2018-10-24 00:32:25', '2', '4', 'termine', 15, 241, NULL),
(1639, '2018-10-24 00:32:25', '2', '4', 'termine', 15, 221, NULL),
(1640, '2018-10-24 00:32:25', '2', '4', 'termine', 15, 222, NULL),
(1641, '2018-10-24 00:32:25', '2', '4', 'termine', 15, 106, NULL),
(1642, '2018-10-24 00:32:25', '0', '4', 'termine', 15, 146, NULL),
(1643, '2018-10-24 00:32:25', '0', '4', 'termine', 15, 147, NULL),
(1644, '2018-10-24 00:32:25', '300', '4', 'termine', 15, 148, NULL),
(1645, '2018-10-24 00:32:25', '200', '4', 'termine', 15, 149, NULL),
(1646, '2018-10-24 00:32:25', '2', '4', 'termine', 15, 150, NULL),
(1647, '2018-10-24 00:33:56', '1', '2', 'termine', 16, 1, NULL),
(1648, '2018-10-24 00:33:56', '0', '2', 'termine', 16, 2, NULL),
(1649, '2018-10-24 00:33:56', '0', '2', 'termine', 16, 3, NULL),
(1650, '2018-10-24 00:33:56', '0', '2', 'termine', 16, 4, NULL),
(1651, '2018-10-24 00:33:56', '0', '2', 'termine', 16, 5, NULL),
(1652, '2018-10-24 00:33:56', '1', '2', 'termine', 16, 9, NULL),
(1653, '2018-10-24 00:33:56', '1', '2', 'termine', 16, 10, NULL),
(1654, '2018-10-24 00:33:56', '68', '2', 'termine', 16, 11, NULL),
(1655, '2018-10-24 00:33:56', '1.7', '2', 'termine', 16, 12, NULL),
(1656, '2018-10-24 00:33:56', '23.53', '2', 'termine', 16, 13, NULL),
(1657, '2018-10-24 00:33:56', '7', '2', 'termine', 16, 14, NULL),
(1658, '2018-10-24 00:33:56', '9.33', '2', 'termine', 16, 15, NULL),
(1659, '2018-10-24 00:33:56', '13.7', '2', 'termine', 16, 16, NULL),
(1660, '2018-10-24 00:33:56', '43.7', '2', 'termine', 16, 20, NULL),
(1661, '2018-10-24 00:34:26', '0', '5', 'ko', 15, 151, NULL),
(1662, '2018-10-24 00:34:26', '0', '5', 'ko', 15, 152, NULL),
(1663, '2018-10-24 00:34:26', '0', '5', 'ko', 15, 153, NULL),
(1664, '2018-10-24 00:34:26', '0', '5', 'ko', 15, 154, NULL),
(1665, '2018-10-24 00:34:26', '4', '5', 'ko', 15, 155, NULL),
(1666, '2018-10-24 00:34:26', '0', '5', 'ko', 15, 268, NULL),
(1667, '2018-10-24 00:34:26', '0', '5', 'ko', 15, 223, NULL),
(1668, '2018-10-24 00:34:26', '0', '5', 'ko', 15, 224, NULL),
(1669, '2018-10-24 00:34:26', '0', '5', 'ko', 15, 225, NULL),
(1670, '2018-10-24 00:34:26', '1', '5', 'ko', 15, 166, NULL),
(1671, '2018-10-24 00:34:26', '', '5', 'ko', 15, 163, NULL),
(1672, '2018-10-24 00:34:26', '', '5', 'ko', 15, 230, NULL),
(1673, '2018-10-24 00:34:26', '1', '5', 'ko', 15, 167, NULL),
(1674, '2018-10-24 00:34:26', '26/02/2018', '5', 'ko', 15, 168, NULL),
(1675, '2018-10-24 00:34:26', '7', '5', 'ko', 15, 169, NULL),
(1676, '2018-10-24 00:34:26', '0', '5', 'ko', 15, 170, NULL),
(1677, '2018-10-24 00:34:26', '1', '5', 'ko', 15, 231, NULL),
(1678, '2018-10-24 00:34:26', '0', '5', 'ko', 15, 269, NULL),
(1679, '2018-10-24 00:34:26', '', '5', 'ko', 15, 270, NULL),
(1680, '2018-10-24 00:35:52', '0', '6', 'termine', 15, 174, NULL),
(1681, '2018-10-24 00:35:52', '0', '6', 'termine', 15, 175, NULL),
(1682, '2018-10-24 00:35:52', '0', '6', 'termine', 15, 176, NULL),
(1683, '2018-10-24 00:35:52', '999', '6', 'termine', 15, 226, NULL),
(1684, '2018-10-24 00:35:52', '1', '6', 'termine', 15, 227, NULL),
(1685, '2018-10-24 00:35:52', '1', '6', 'termine', 15, 228, NULL),
(1686, '2018-10-24 00:35:52', '6', '6', 'termine', 15, 185, NULL),
(1687, '2018-10-24 00:35:52', '7', '6', 'termine', 15, 178, NULL),
(1688, '2018-10-24 00:35:52', '4', '6', 'termine', 15, 192, NULL),
(1689, '2018-10-24 00:35:52', '14', '6', 'termine', 15, 193, NULL),
(1690, '2018-10-24 00:35:52', '11', '6', 'termine', 15, 194, NULL),
(1691, '2018-10-24 00:35:52', '4', '6', 'termine', 15, 195, NULL),
(1692, '2018-10-24 00:35:52', '7', '6', 'termine', 15, 196, NULL),
(1693, '2018-10-24 00:35:52', '0', '6', 'termine', 15, 197, NULL),
(1694, '2018-10-24 00:35:52', '', '6', 'termine', 15, 198, NULL),
(1695, '2018-10-24 00:35:52', '', '6', 'termine', 15, 199, NULL),
(1696, '2018-10-24 00:35:52', '0', '6', 'termine', 15, 202, NULL),
(1697, '2018-10-24 00:35:52', '2', '6', 'termine', 15, 203, NULL),
(1698, '2018-10-24 00:35:52', '14/06/2018', '6', 'termine', 15, 204, NULL),
(1699, '2018-10-24 00:35:52', '115', '6', 'termine', 15, 205, NULL),
(1700, '2018-10-24 00:35:57', '', '7', 'ko', 15, 208, NULL),
(1701, '2018-10-24 00:35:57', '', '7', 'ko', 15, 209, NULL),
(1702, '2018-10-24 00:35:57', '', '7', 'ko', 15, 210, NULL),
(1703, '2018-10-24 00:35:57', '', '7', 'ko', 15, 211, NULL),
(1704, '2018-10-24 00:35:57', '', '7', 'ko', 15, 212, NULL),
(1705, '2018-10-24 00:35:57', '', '7', 'ko', 15, 213, NULL),
(1706, '2018-10-24 00:35:57', '', '7', 'ko', 15, 214, NULL),
(1707, '2018-10-24 00:35:57', '', '7', 'ko', 15, 216, NULL),
(1708, '2018-10-24 00:35:57', '', '7', 'ko', 15, 229, NULL),
(1709, '2018-10-24 00:38:16', '1', '2', 'termine', 17, 1, NULL),
(1710, '2018-10-24 00:38:16', '0', '2', 'termine', 17, 2, NULL),
(1711, '2018-10-24 00:38:16', '0', '2', 'termine', 17, 3, NULL),
(1712, '2018-10-24 00:38:16', '0', '2', 'termine', 17, 4, NULL),
(1713, '2018-10-24 00:38:16', '0', '2', 'termine', 17, 5, NULL),
(1714, '2018-10-24 00:38:16', '1', '2', 'termine', 17, 9, NULL),
(1715, '2018-10-24 00:38:16', '1', '2', 'termine', 17, 10, NULL),
(1716, '2018-10-24 00:38:16', '55', '2', 'termine', 17, 11, NULL),
(1717, '2018-10-24 00:38:16', '1.78', '2', 'termine', 17, 12, NULL),
(1718, '2018-10-24 00:38:16', '17.36', '2', 'termine', 17, 13, NULL),
(1719, '2018-10-24 00:38:16', '999', '2', 'termine', 17, 14, NULL),
(1720, '2018-10-24 00:38:16', '999', '2', 'termine', 17, 15, NULL),
(1721, '2018-10-24 00:38:16', '11.9', '2', 'termine', 17, 16, NULL),
(1722, '2018-10-24 00:38:16', '999', '2', 'termine', 17, 20, NULL),
(1723, '2018-10-24 00:39:41', '1.94', '3', 'termine', 16, 26, NULL),
(1724, '2018-10-24 00:39:41', '9.51', '3', 'termine', 16, 27, NULL),
(1725, '2018-10-24 00:39:41', '1', '3', 'termine', 16, 29, NULL),
(1726, '2018-10-24 00:39:41', '0', '3', 'termine', 16, 30, NULL),
(1727, '2018-10-24 00:39:41', '1', '3', 'termine', 16, 31, NULL),
(1728, '2018-10-24 00:39:41', '0', '3', 'termine', 16, 32, NULL),
(1729, '2018-10-24 00:39:41', '', '3', 'termine', 16, 33, NULL),
(1730, '2018-10-24 00:39:41', '0', '3', 'termine', 16, 34, NULL),
(1731, '2018-10-24 00:39:41', '1', '3', 'termine', 16, 35, NULL),
(1732, '2018-10-24 00:39:41', '0', '3', 'termine', 16, 38, NULL),
(1733, '2018-10-24 00:39:41', '0', '3', 'termine', 16, 42, NULL),
(1734, '2018-10-24 00:39:41', '1', '3', 'termine', 16, 43, NULL),
(1735, '2018-10-24 00:39:41', '0', '3', 'termine', 16, 48, NULL),
(1736, '2018-10-24 00:39:41', '18', '3', 'termine', 16, 55, NULL),
(1737, '2018-10-24 00:39:41', '0', '3', 'termine', 16, 56, NULL),
(1738, '2018-10-24 00:39:41', '0', '3', 'termine', 16, 67, NULL),
(1739, '2018-10-24 00:39:41', '0', '3', 'termine', 16, 68, NULL),
(1740, '2018-10-24 00:39:41', '1', '3', 'termine', 16, 69, NULL),
(1741, '2018-10-24 00:39:41', '0', '3', 'termine', 16, 217, NULL),
(1742, '2018-10-24 00:39:41', '0', '3', 'termine', 16, 218, NULL),
(1743, '2018-10-24 00:39:41', '0', '3', 'termine', 16, 219, NULL),
(1744, '2018-10-24 00:39:41', '0', '3', 'termine', 16, 220, NULL),
(1745, '2018-10-24 00:39:55', '999', '3', 'termine', 17, 26, NULL),
(1746, '2018-10-24 00:39:55', '999', '3', 'termine', 17, 27, NULL),
(1747, '2018-10-24 00:39:55', '1', '3', 'termine', 17, 29, NULL),
(1748, '2018-10-24 00:39:55', '0', '3', 'termine', 17, 30, NULL),
(1749, '2018-10-24 00:39:55', '0', '3', 'termine', 17, 31, NULL),
(1750, '2018-10-24 00:39:55', '0', '3', 'termine', 17, 32, NULL),
(1751, '2018-10-24 00:39:55', '', '3', 'termine', 17, 33, NULL),
(1752, '2018-10-24 00:39:55', '1', '3', 'termine', 17, 34, NULL),
(1753, '2018-10-24 00:39:55', '1', '3', 'termine', 17, 35, NULL),
(1754, '2018-10-24 00:39:55', '0', '3', 'termine', 17, 38, NULL),
(1755, '2018-10-24 00:39:55', '0', '3', 'termine', 17, 42, NULL),
(1756, '2018-10-24 00:39:55', '1', '3', 'termine', 17, 43, NULL),
(1757, '2018-10-24 00:39:55', '0', '3', 'termine', 17, 48, NULL),
(1758, '2018-10-24 00:39:55', '9', '3', 'termine', 17, 55, NULL),
(1759, '2018-10-24 00:39:55', '0', '3', 'termine', 17, 56, NULL),
(1760, '2018-10-24 00:39:55', '5', '3', 'termine', 17, 67, NULL),
(1761, '2018-10-24 00:39:55', '2', '3', 'termine', 17, 68, NULL),
(1762, '2018-10-24 00:39:55', '1', '3', 'termine', 17, 69, NULL),
(1763, '2018-10-24 00:39:55', '0', '3', 'termine', 17, 217, NULL),
(1764, '2018-10-24 00:39:55', '0', '3', 'termine', 17, 218, NULL),
(1765, '2018-10-24 00:39:55', '0', '3', 'termine', 17, 219, NULL),
(1766, '2018-10-24 00:39:55', '0', '3', 'termine', 17, 220, NULL),
(1767, '2018-10-24 00:44:07', '09/09/9999', '4', 'termine', 17, 72, NULL),
(1768, '2018-10-24 00:44:07', '05/10/2017', '4', 'termine', 17, 73, NULL),
(1769, '2018-10-24 00:44:07', '0', '4', 'termine', 17, 74, NULL),
(1770, '2018-10-24 00:44:07', '1', '4', 'termine', 17, 75, NULL),
(1771, '2018-10-24 00:44:07', '3', '4', 'termine', 17, 77, NULL),
(1772, '2018-10-24 00:44:07', '0', '4', 'termine', 17, 76, NULL),
(1773, '2018-10-24 00:44:07', '05/10/2017', '4', 'termine', 17, 78, NULL),
(1774, '2018-10-24 00:44:07', '30/10/2017', '4', 'termine', 17, 79, NULL),
(1775, '2018-10-24 00:44:07', '36', '4', 'termine', 17, 83, NULL),
(1776, '2018-10-24 00:44:07', '1', '4', 'termine', 17, 84, NULL),
(1777, '2018-10-24 00:44:07', '22/02/2018', '4', 'termine', 17, 85, NULL),
(1778, '2018-10-24 00:44:07', '0', '4', 'termine', 17, 86, NULL),
(1779, '2018-10-24 00:44:07', '115', '4', 'termine', 17, 87, NULL),
(1780, '2018-10-24 00:44:07', '0', '4', 'termine', 17, 88, NULL),
(1781, '2018-10-24 00:44:07', '3', '4', 'termine', 17, 89, NULL),
(1782, '2018-10-24 00:44:07', '0', '4', 'termine', 17, 96, NULL),
(1783, '2018-10-24 00:44:07', '1', '4', 'termine', 17, 99, NULL),
(1784, '2018-10-24 00:44:07', '1', '4', 'termine', 17, 100, NULL),
(1785, '2018-10-24 00:44:07', '1', '4', 'termine', 17, 104, NULL),
(1786, '2018-10-24 00:44:07', '3', '4', 'termine', 17, 105, NULL),
(1787, '2018-10-24 00:44:07', '1', '4', 'termine', 17, 108, NULL),
(1788, '2018-10-24 00:44:07', '1', '4', 'termine', 17, 135, NULL),
(1789, '2018-10-24 00:44:07', '0', '4', 'termine', 17, 262, NULL),
(1790, '2018-10-24 00:44:07', '1', '4', 'termine', 17, 257, NULL),
(1791, '2018-10-24 00:44:07', '0', '4', 'termine', 17, 258, NULL),
(1792, '2018-10-24 00:44:07', '0', '4', 'termine', 17, 259, NULL),
(1793, '2018-10-24 00:44:07', '0', '4', 'termine', 17, 265, NULL),
(1794, '2018-10-24 00:44:07', '0', '4', 'termine', 17, 260, NULL),
(1795, '2018-10-24 00:44:07', '2', '4', 'termine', 17, 241, NULL),
(1796, '2018-10-24 00:44:07', '2', '4', 'termine', 17, 221, NULL),
(1797, '2018-10-24 00:44:07', '2', '4', 'termine', 17, 222, NULL),
(1798, '2018-10-24 00:44:07', '2', '4', 'termine', 17, 106, NULL),
(1799, '2018-10-24 00:44:07', '0', '4', 'termine', 17, 146, NULL),
(1800, '2018-10-24 00:44:07', '0', '4', 'termine', 17, 147, NULL),
(1801, '2018-10-24 00:44:07', '180', '4', 'termine', 17, 148, NULL),
(1802, '2018-10-24 00:44:07', '50', '4', 'termine', 17, 149, NULL),
(1803, '2018-10-24 00:44:07', '0', '4', 'termine', 17, 150, NULL),
(1804, '2018-10-24 00:45:09', '09/09/9999', '4', 'termine', 16, 72, NULL),
(1805, '2018-10-24 00:45:09', '22/02/2018', '4', 'termine', 16, 73, NULL),
(1806, '2018-10-24 00:45:09', '0', '4', 'termine', 16, 74, NULL),
(1807, '2018-10-24 00:45:09', '0', '4', 'termine', 16, 75, NULL),
(1808, '2018-10-24 00:45:09', '0', '4', 'termine', 16, 77, NULL),
(1809, '2018-10-24 00:45:09', '0', '4', 'termine', 16, 76, NULL),
(1810, '2018-10-24 00:45:09', '09/09/9999', '4', 'termine', 16, 78, NULL),
(1811, '2018-10-24 00:45:09', '09/09/9999', '4', 'termine', 16, 79, NULL),
(1812, '2018-10-24 00:45:09', '36', '4', 'termine', 16, 83, NULL),
(1813, '2018-10-24 00:45:09', '1', '4', 'termine', 16, 84, NULL),
(1814, '2018-10-24 00:45:09', '22/02/2018', '4', 'termine', 16, 85, NULL),
(1815, '2018-10-24 00:45:09', '0', '4', 'termine', 16, 86, NULL),
(1816, '2018-10-24 00:45:09', '0', '4', 'termine', 16, 87, NULL),
(1817, '2018-10-24 00:45:09', '0', '4', 'termine', 16, 88, NULL),
(1818, '2018-10-24 00:45:09', '3', '4', 'termine', 16, 89, NULL),
(1819, '2018-10-24 00:45:09', '0', '4', 'termine', 16, 96, NULL),
(1820, '2018-10-24 00:45:09', '1', '4', 'termine', 16, 99, NULL),
(1821, '2018-10-24 00:45:09', '0', '4', 'termine', 16, 100, NULL),
(1822, '2018-10-24 00:45:09', '0', '4', 'termine', 16, 104, NULL),
(1823, '2018-10-24 00:45:09', '1', '4', 'termine', 16, 105, NULL),
(1824, '2018-10-24 00:45:09', '0', '4', 'termine', 16, 108, NULL),
(1825, '2018-10-24 00:45:09', '0', '4', 'termine', 16, 135, NULL),
(1826, '2018-10-24 00:45:09', '0', '4', 'termine', 16, 262, NULL),
(1827, '2018-10-24 00:45:09', '0', '4', 'termine', 16, 257, NULL),
(1828, '2018-10-24 00:45:09', '0', '4', 'termine', 16, 258, NULL),
(1829, '2018-10-24 00:45:09', '0', '4', 'termine', 16, 259, NULL),
(1830, '2018-10-24 00:45:09', '0', '4', 'termine', 16, 265, NULL),
(1831, '2018-10-24 00:45:09', '0', '4', 'termine', 16, 260, NULL),
(1832, '2018-10-24 00:45:09', '0', '4', 'termine', 16, 241, NULL),
(1833, '2018-10-24 00:45:09', '0', '4', 'termine', 16, 221, NULL),
(1834, '2018-10-24 00:45:09', '0', '4', 'termine', 16, 222, NULL),
(1835, '2018-10-24 00:45:09', '0', '4', 'termine', 16, 106, NULL),
(1836, '2018-10-24 00:45:09', '0', '4', 'termine', 16, 146, NULL),
(1837, '2018-10-24 00:45:09', '0', '4', 'termine', 16, 147, NULL),
(1838, '2018-10-24 00:45:09', '210', '4', 'termine', 16, 148, NULL),
(1839, '2018-10-24 00:45:09', '200', '4', 'termine', 16, 149, NULL),
(1840, '2018-10-24 00:45:09', '0', '4', 'termine', 16, 150, NULL),
(1841, '2018-10-24 00:45:35', '0', '5', 'ko', 17, 151, NULL),
(1842, '2018-10-24 00:45:35', '0', '5', 'ko', 17, 152, NULL),
(1843, '2018-10-24 00:45:35', '0', '5', 'ko', 17, 153, NULL),
(1844, '2018-10-24 00:45:35', '0', '5', 'ko', 17, 154, NULL),
(1845, '2018-10-24 00:45:35', '1', '5', 'ko', 17, 155, NULL),
(1846, '2018-10-24 00:45:35', '0', '5', 'ko', 17, 268, NULL),
(1847, '2018-10-24 00:45:35', '0', '5', 'ko', 17, 223, NULL),
(1848, '2018-10-24 00:45:35', '0', '5', 'ko', 17, 224, NULL),
(1849, '2018-10-24 00:45:35', '0', '5', 'ko', 17, 225, NULL),
(1850, '2018-10-24 00:45:35', '1', '5', 'ko', 17, 166, NULL),
(1851, '2018-10-24 00:45:35', '', '5', 'ko', 17, 163, NULL),
(1852, '2018-10-24 00:45:35', '', '5', 'ko', 17, 230, NULL),
(1853, '2018-10-24 00:45:35', '2', '5', 'ko', 17, 167, NULL),
(1854, '2018-10-24 00:45:35', '27/02/2018', '5', 'ko', 17, 168, NULL),
(1855, '2018-10-24 00:45:35', '5', '5', 'ko', 17, 169, NULL),
(1856, '2018-10-24 00:45:35', '0', '5', 'ko', 17, 170, NULL),
(1857, '2018-10-24 00:45:35', '2', '5', 'ko', 17, 231, NULL),
(1858, '2018-10-24 00:45:35', '0', '5', 'ko', 17, 269, NULL),
(1859, '2018-10-24 00:45:35', '', '5', 'ko', 17, 270, NULL),
(1860, '2018-10-24 00:46:44', '0', '6', 'termine', 17, 174, NULL),
(1861, '2018-10-24 00:46:44', '0', '6', 'termine', 17, 175, NULL),
(1862, '2018-10-24 00:46:44', '0', '6', 'termine', 17, 176, NULL),
(1863, '2018-10-24 00:46:44', '0', '6', 'termine', 17, 226, NULL),
(1864, '2018-10-24 00:46:44', '0', '6', 'termine', 17, 227, NULL),
(1865, '2018-10-24 00:46:44', '0', '6', 'termine', 17, 228, NULL),
(1866, '2018-10-24 00:46:44', '11', '6', 'termine', 17, 185, NULL),
(1867, '2018-10-24 00:46:44', '3', '6', 'termine', 17, 178, NULL),
(1868, '2018-10-24 00:46:44', '4', '6', 'termine', 17, 192, NULL),
(1869, '2018-10-24 00:46:44', '15', '6', 'termine', 17, 193, NULL),
(1870, '2018-10-24 00:46:44', '0', '6', 'termine', 17, 194, NULL),
(1871, '2018-10-24 00:46:44', '4', '6', 'termine', 17, 195, NULL),
(1872, '2018-10-24 00:46:44', '0', '6', 'termine', 17, 196, NULL),
(1873, '2018-10-24 00:46:44', '0', '6', 'termine', 17, 197, NULL),
(1874, '2018-10-24 00:46:44', '', '6', 'termine', 17, 198, NULL),
(1875, '2018-10-24 00:46:44', '2', '6', 'termine', 17, 199, NULL),
(1876, '2018-10-24 00:46:44', '0', '6', 'termine', 17, 202, NULL),
(1877, '2018-10-24 00:46:44', '0', '6', 'termine', 17, 203, NULL),
(1878, '2018-10-24 00:46:44', '09/09/9999', '6', 'termine', 17, 204, NULL),
(1879, '2018-10-24 00:46:44', '', '6', 'termine', 17, 205, NULL),
(1880, '2018-10-24 00:46:51', '', '7', 'ko', 17, 208, NULL),
(1881, '2018-10-24 00:46:51', '', '7', 'ko', 17, 209, NULL),
(1882, '2018-10-24 00:46:51', '', '7', 'ko', 17, 210, NULL),
(1883, '2018-10-24 00:46:51', '', '7', 'ko', 17, 211, NULL),
(1884, '2018-10-24 00:46:51', '', '7', 'ko', 17, 212, NULL),
(1885, '2018-10-24 00:46:51', '', '7', 'ko', 17, 213, NULL),
(1886, '2018-10-24 00:46:51', '', '7', 'ko', 17, 214, NULL),
(1887, '2018-10-24 00:46:51', '', '7', 'ko', 17, 216, NULL),
(1888, '2018-10-24 00:46:51', '', '7', 'ko', 17, 229, NULL),
(1889, '2018-10-24 00:47:11', '0', '5', 'ko', 16, 151, NULL),
(1890, '2018-10-24 00:47:11', '0', '5', 'ko', 16, 152, NULL),
(1891, '2018-10-24 00:47:11', '0', '5', 'ko', 16, 153, NULL),
(1892, '2018-10-24 00:47:11', '0', '5', 'ko', 16, 154, NULL),
(1893, '2018-10-24 00:47:11', '0', '5', 'ko', 16, 155, NULL),
(1894, '2018-10-24 00:47:11', '0', '5', 'ko', 16, 268, NULL),
(1895, '2018-10-24 00:47:11', '0', '5', 'ko', 16, 223, NULL),
(1896, '2018-10-24 00:47:11', '0', '5', 'ko', 16, 224, NULL),
(1897, '2018-10-24 00:47:11', '0', '5', 'ko', 16, 225, NULL),
(1898, '2018-10-24 00:47:11', '0', '5', 'ko', 16, 166, NULL),
(1899, '2018-10-24 00:47:11', '', '5', 'ko', 16, 163, NULL),
(1900, '2018-10-24 00:47:11', '', '5', 'ko', 16, 230, NULL),
(1901, '2018-10-24 00:47:11', '0', '5', 'ko', 16, 167, NULL),
(1902, '2018-10-24 00:47:11', '28/02/2018', '5', 'ko', 16, 168, NULL),
(1903, '2018-10-24 00:47:11', '6', '5', 'ko', 16, 169, NULL),
(1904, '2018-10-24 00:47:11', '0', '5', 'ko', 16, 170, NULL),
(1905, '2018-10-24 00:47:11', '0', '5', 'ko', 16, 231, NULL),
(1906, '2018-10-24 00:47:11', '0', '5', 'ko', 16, 269, NULL),
(1907, '2018-10-24 00:47:11', '', '5', 'ko', 16, 270, NULL),
(1908, '2018-10-24 00:49:41', '0', '6', 'termine', 16, 174, NULL),
(1909, '2018-10-24 00:49:41', '0', '6', 'termine', 16, 175, NULL),
(1910, '2018-10-24 00:49:41', '0', '6', 'termine', 16, 176, NULL),
(1911, '2018-10-24 00:49:41', '999', '6', 'termine', 16, 226, NULL),
(1912, '2018-10-24 00:49:41', '0', '6', 'termine', 16, 227, NULL),
(1913, '2018-10-24 00:49:41', '0', '6', 'termine', 16, 228, NULL),
(1914, '2018-10-24 00:49:41', '2', '6', 'termine', 16, 185, NULL),
(1915, '2018-10-24 00:49:41', '2.5', '6', 'termine', 16, 178, NULL),
(1916, '2018-10-24 00:49:41', '4', '6', 'termine', 16, 192, NULL),
(1917, '2018-10-24 00:49:41', '31', '6', 'termine', 16, 193, NULL),
(1918, '2018-10-24 00:49:41', '0', '6', 'termine', 16, 194, NULL),
(1919, '2018-10-24 00:49:41', '4', '6', 'termine', 16, 195, NULL),
(1920, '2018-10-24 00:49:41', '0', '6', 'termine', 16, 196, NULL),
(1921, '2018-10-24 00:49:41', '0', '6', 'termine', 16, 197, NULL),
(1922, '2018-10-24 00:49:41', '', '6', 'termine', 16, 198, NULL),
(1923, '2018-10-24 00:49:41', '', '6', 'termine', 16, 199, NULL),
(1924, '2018-10-24 00:49:41', '0', '6', 'termine', 16, 202, NULL),
(1925, '2018-10-24 00:49:41', '0', '6', 'termine', 16, 203, NULL),
(1926, '2018-10-24 00:49:41', '09/09/9999', '6', 'termine', 16, 204, NULL),
(1927, '2018-10-24 00:49:41', '', '6', 'termine', 16, 205, NULL),
(1928, '2018-10-24 00:49:46', '', '7', 'ko', 16, 208, NULL),
(1929, '2018-10-24 00:49:46', '', '7', 'ko', 16, 209, NULL),
(1930, '2018-10-24 00:49:46', '', '7', 'ko', 16, 210, NULL),
(1931, '2018-10-24 00:49:46', '', '7', 'ko', 16, 211, NULL),
(1932, '2018-10-24 00:49:46', '', '7', 'ko', 16, 212, NULL),
(1933, '2018-10-24 00:49:46', '', '7', 'ko', 16, 213, NULL),
(1934, '2018-10-24 00:49:46', '', '7', 'ko', 16, 214, NULL),
(1935, '2018-10-24 00:49:46', '', '7', 'ko', 16, 216, NULL),
(1936, '2018-10-24 00:49:46', '', '7', 'ko', 16, 229, NULL),
(1937, '2018-10-24 00:49:50', '0', '2', 'termine', 18, 1, NULL),
(1938, '2018-10-24 00:49:50', '0', '2', 'termine', 18, 2, NULL),
(1939, '2018-10-24 00:49:50', '0', '2', 'termine', 18, 3, NULL),
(1940, '2018-10-24 00:49:50', '0', '2', 'termine', 18, 4, NULL),
(1941, '2018-10-24 00:49:50', '0', '2', 'termine', 18, 5, NULL),
(1942, '2018-10-24 00:49:50', '2', '2', 'termine', 18, 9, NULL),
(1943, '2018-10-24 00:49:50', '1', '2', 'termine', 18, 10, NULL),
(1944, '2018-10-24 00:49:50', '68', '2', 'termine', 18, 11, NULL),
(1945, '2018-10-24 00:49:50', '1.74', '2', 'termine', 18, 12, NULL),
(1946, '2018-10-24 00:49:50', '22.46', '2', 'termine', 18, 13, NULL),
(1947, '2018-10-24 00:49:50', '17', '2', 'termine', 18, 14, NULL),
(1948, '2018-10-24 00:49:50', '20.00', '2', 'termine', 18, 15, NULL),
(1949, '2018-10-24 00:49:50', '11', '2', 'termine', 18, 16, NULL),
(1950, '2018-10-24 00:49:50', '42', '2', 'termine', 18, 20, NULL),
(1951, '2018-10-24 00:54:51', '0', '2', 'termine', 19, 1, NULL),
(1952, '2018-10-24 00:54:51', '0', '2', 'termine', 19, 2, NULL),
(1953, '2018-10-24 00:54:51', '0', '2', 'termine', 19, 3, NULL),
(1954, '2018-10-24 00:54:51', '0', '2', 'termine', 19, 4, NULL),
(1955, '2018-10-24 00:54:51', '0', '2', 'termine', 19, 5, NULL),
(1956, '2018-10-24 00:54:51', '1', '2', 'termine', 19, 9, NULL),
(1957, '2018-10-24 00:54:51', '0', '2', 'termine', 19, 10, NULL),
(1958, '2018-10-24 00:54:51', '67', '2', 'termine', 19, 11, NULL),
(1959, '2018-10-24 00:54:51', '1.55', '2', 'termine', 19, 12, NULL),
(1960, '2018-10-24 00:54:51', '27.89', '2', 'termine', 19, 13, NULL),
(1961, '2018-10-24 00:54:51', '0', '2', 'termine', 19, 14, NULL),
(1962, '2018-10-24 00:54:51', '0.00', '2', 'termine', 19, 15, NULL),
(1963, '2018-10-24 00:54:51', '12.9', '2', 'termine', 19, 16, NULL),
(1964, '2018-10-24 00:54:51', '43', '2', 'termine', 19, 20, NULL),
(1965, '2018-10-24 00:56:25', '220', '3', 'termine', 18, 26, NULL),
(1966, '2018-10-24 00:56:25', '19.1', '3', 'termine', 18, 27, NULL),
(1967, '2018-10-24 00:56:25', '1', '3', 'termine', 18, 29, NULL),
(1968, '2018-10-24 00:56:25', '0', '3', 'termine', 18, 30, NULL),
(1969, '2018-10-24 00:56:25', '0', '3', 'termine', 18, 31, NULL),
(1970, '2018-10-24 00:56:25', '0', '3', 'termine', 18, 32, NULL),
(1971, '2018-10-24 00:56:25', '', '3', 'termine', 18, 33, NULL),
(1972, '2018-10-24 00:56:25', '1', '3', 'termine', 18, 34, NULL),
(1973, '2018-10-24 00:56:25', '1', '3', 'termine', 18, 35, NULL),
(1974, '2018-10-24 00:56:25', '0', '3', 'termine', 18, 38, NULL),
(1975, '2018-10-24 00:56:25', '0', '3', 'termine', 18, 42, NULL),
(1976, '2018-10-24 00:56:25', '1', '3', 'termine', 18, 43, NULL),
(1977, '2018-10-24 00:56:25', '0', '3', 'termine', 18, 48, NULL),
(1978, '2018-10-24 00:56:25', '4', '3', 'termine', 18, 55, NULL),
(1979, '2018-10-24 00:56:25', '0', '3', 'termine', 18, 56, NULL),
(1980, '2018-10-24 00:56:25', '5', '3', 'termine', 18, 67, NULL),
(1981, '2018-10-24 00:56:25', '2', '3', 'termine', 18, 68, NULL),
(1982, '2018-10-24 00:56:25', '1', '3', 'termine', 18, 69, NULL),
(1983, '2018-10-24 00:56:25', '0', '3', 'termine', 18, 217, NULL),
(1984, '2018-10-24 00:56:25', '0', '3', 'termine', 18, 218, NULL),
(1985, '2018-10-24 00:56:25', '0', '3', 'termine', 18, 219, NULL),
(1986, '2018-10-24 00:56:25', '0', '3', 'termine', 18, 220, NULL),
(1987, '2018-10-24 00:58:34', '999', '3', 'termine', 19, 26, NULL),
(1988, '2018-10-24 00:58:34', '7.4', '3', 'termine', 19, 27, NULL),
(1989, '2018-10-24 00:58:34', '1', '3', 'termine', 19, 29, NULL),
(1990, '2018-10-24 00:58:34', '0', '3', 'termine', 19, 30, NULL),
(1991, '2018-10-24 00:58:34', '0', '3', 'termine', 19, 31, NULL),
(1992, '2018-10-24 00:58:34', '0', '3', 'termine', 19, 32, NULL),
(1993, '2018-10-24 00:58:34', '', '3', 'termine', 19, 33, NULL),
(1994, '2018-10-24 00:58:34', '1', '3', 'termine', 19, 34, NULL),
(1995, '2018-10-24 00:58:34', '1', '3', 'termine', 19, 35, NULL),
(1996, '2018-10-24 00:58:34', '0', '3', 'termine', 19, 38, NULL),
(1997, '2018-10-24 00:58:34', '1', '3', 'termine', 19, 42, NULL),
(1998, '2018-10-24 00:58:34', '0', '3', 'termine', 19, 43, NULL),
(1999, '2018-10-24 00:58:34', '0', '3', 'termine', 19, 48, NULL),
(2000, '2018-10-24 00:58:34', '14', '3', 'termine', 19, 55, NULL),
(2001, '2018-10-24 00:58:34', '0', '3', 'termine', 19, 56, NULL),
(2002, '2018-10-24 00:58:34', '4', '3', 'termine', 19, 67, NULL),
(2003, '2018-10-24 00:58:34', '2', '3', 'termine', 19, 68, NULL),
(2004, '2018-10-24 00:58:34', '0', '3', 'termine', 19, 69, NULL),
(2005, '2018-10-24 00:58:34', '0', '3', 'termine', 19, 217, NULL),
(2006, '2018-10-24 00:58:34', '0', '3', 'termine', 19, 218, NULL),
(2007, '2018-10-24 00:58:34', '0', '3', 'termine', 19, 219, NULL),
(2008, '2018-10-24 00:58:34', '0', '3', 'termine', 19, 220, NULL),
(2009, '2018-10-24 01:00:41', '13/10/2017', '4', 'termine', 18, 72, NULL),
(2010, '2018-10-24 01:00:41', '22/11/2017', '4', 'termine', 18, 73, NULL),
(2011, '2018-10-24 01:00:41', '40', '4', 'termine', 18, 74, NULL),
(2012, '2018-10-24 01:00:41', '1', '4', 'termine', 18, 75, NULL),
(2013, '2018-10-24 01:00:41', '3', '4', 'termine', 18, 77, NULL),
(2014, '2018-10-24 01:00:41', '0', '4', 'termine', 18, 76, NULL),
(2015, '2018-10-24 01:00:41', '22/11/2017', '4', 'termine', 18, 78, NULL),
(2016, '2018-10-24 01:00:41', '27/12/2017', '4', 'termine', 18, 79, NULL),
(2017, '2018-10-24 01:00:41', '36', '4', 'termine', 18, 83, NULL),
(2018, '2018-10-24 01:00:41', '1', '4', 'termine', 18, 84, NULL),
(2019, '2018-10-24 01:00:41', '27/02/2018', '4', 'termine', 18, 85, NULL),
(2020, '2018-10-24 01:00:41', '0', '4', 'termine', 18, 86, NULL),
(2021, '2018-10-24 01:00:41', '62', '4', 'termine', 18, 87, NULL),
(2022, '2018-10-24 01:00:41', '0', '4', 'termine', 18, 88, NULL),
(2023, '2018-10-24 01:00:41', '3', '4', 'termine', 18, 89, NULL),
(2024, '2018-10-24 01:00:41', '0', '4', 'termine', 18, 96, NULL),
(2025, '2018-10-24 01:00:41', '1', '4', 'termine', 18, 99, NULL),
(2026, '2018-10-24 01:00:41', '1', '4', 'termine', 18, 100, NULL),
(2027, '2018-10-24 01:00:41', '0', '4', 'termine', 18, 104, NULL),
(2028, '2018-10-24 01:00:41', '1', '4', 'termine', 18, 105, NULL),
(2029, '2018-10-24 01:00:41', '1', '4', 'termine', 18, 108, NULL),
(2030, '2018-10-24 01:00:41', '0', '4', 'termine', 18, 135, NULL),
(2031, '2018-10-24 01:00:41', '0', '4', 'termine', 18, 262, NULL),
(2032, '2018-10-24 01:00:41', '0', '4', 'termine', 18, 257, NULL),
(2033, '2018-10-24 01:00:41', '0', '4', 'termine', 18, 258, NULL),
(2034, '2018-10-24 01:00:41', '0', '4', 'termine', 18, 259, NULL),
(2035, '2018-10-24 01:00:41', '0', '4', 'termine', 18, 265, NULL),
(2036, '2018-10-24 01:00:41', '0', '4', 'termine', 18, 260, NULL),
(2037, '2018-10-24 01:00:41', '0', '4', 'termine', 18, 241, NULL),
(2038, '2018-10-24 01:00:41', '0', '4', 'termine', 18, 221, NULL),
(2039, '2018-10-24 01:00:41', '0', '4', 'termine', 18, 222, NULL),
(2040, '2018-10-24 01:00:41', '0', '4', 'termine', 18, 106, NULL),
(2041, '2018-10-24 01:00:41', '0', '4', 'termine', 18, 146, NULL),
(2042, '2018-10-24 01:00:41', '0', '4', 'termine', 18, 147, NULL),
(2043, '2018-10-24 01:00:41', '300', '4', 'termine', 18, 148, NULL),
(2044, '2018-10-24 01:00:41', '100', '4', 'termine', 18, 149, NULL),
(2045, '2018-10-24 01:00:41', '0', '4', 'termine', 18, 150, NULL),
(2046, '2018-10-24 01:04:52', '0', '5', 'ko', 18, 151, NULL),
(2047, '2018-10-24 01:04:52', '0', '5', 'ko', 18, 152, NULL),
(2048, '2018-10-24 01:04:52', '0', '5', 'ko', 18, 153, NULL),
(2049, '2018-10-24 01:04:52', '0', '5', 'ko', 18, 154, NULL),
(2050, '2018-10-24 01:04:52', '0', '5', 'ko', 18, 155, NULL),
(2051, '2018-10-24 01:04:52', '0', '5', 'ko', 18, 268, NULL),
(2052, '2018-10-24 01:04:52', '0', '5', 'ko', 18, 223, NULL),
(2053, '2018-10-24 01:04:52', '0', '5', 'ko', 18, 224, NULL),
(2054, '2018-10-24 01:04:52', '0', '5', 'ko', 18, 225, NULL),
(2055, '2018-10-24 01:04:52', '1', '5', 'ko', 18, 166, NULL),
(2056, '2018-10-24 01:04:52', '', '5', 'ko', 18, 163, NULL),
(2057, '2018-10-24 01:04:52', '', '5', 'ko', 18, 230, NULL),
(2058, '2018-10-24 01:04:52', '0', '5', 'ko', 18, 167, NULL),
(2059, '2018-10-24 01:04:52', '06/03/2018', '5', 'ko', 18, 168, NULL),
(2060, '2018-10-24 01:04:52', '79', '5', 'ko', 18, 169, NULL),
(2061, '2018-10-24 01:04:52', '0', '5', 'ko', 18, 170, NULL),
(2062, '2018-10-24 01:04:52', '0', '5', 'ko', 18, 231, NULL),
(2063, '2018-10-24 01:04:52', '0', '5', 'ko', 18, 269, NULL),
(2064, '2018-10-24 01:04:52', '', '5', 'ko', 18, 270, NULL),
(2065, '2018-10-24 01:06:01', '27/02/2018', '4', 'termine', 19, 72, NULL),
(2066, '2018-10-24 01:06:01', '27/02/2018', '4', 'termine', 19, 73, NULL),
(2067, '2018-10-24 01:06:01', '0', '4', 'termine', 19, 74, NULL),
(2068, '2018-10-24 01:06:01', '0', '4', 'termine', 19, 75, NULL),
(2069, '2018-10-24 01:06:01', '0', '4', 'termine', 19, 77, NULL),
(2070, '2018-10-24 01:06:01', '0', '4', 'termine', 19, 76, NULL),
(2071, '2018-10-24 01:06:01', '09/09/9999', '4', 'termine', 19, 78, NULL),
(2072, '2018-10-24 01:06:01', '09/09/9999', '4', 'termine', 19, 79, NULL),
(2073, '2018-10-24 01:06:01', '36', '4', 'termine', 19, 83, NULL),
(2074, '2018-10-24 01:06:01', '1', '4', 'termine', 19, 84, NULL),
(2075, '2018-10-24 01:06:01', '27/02/2018', '4', 'termine', 19, 85, NULL),
(2076, '2018-10-24 01:06:01', '0', '4', 'termine', 19, 86, NULL),
(2077, '2018-10-24 01:06:01', '0', '4', 'termine', 19, 87, NULL),
(2078, '2018-10-24 01:06:01', '0', '4', 'termine', 19, 88, NULL),
(2079, '2018-10-24 01:06:01', '3', '4', 'termine', 19, 89, NULL),
(2080, '2018-10-24 01:06:01', '1', '4', 'termine', 19, 96, NULL),
(2081, '2018-10-24 01:06:01', '1', '4', 'termine', 19, 99, NULL),
(2082, '2018-10-24 01:06:01', '0', '4', 'termine', 19, 100, NULL),
(2083, '2018-10-24 01:06:01', '0', '4', 'termine', 19, 104, NULL),
(2084, '2018-10-24 01:06:01', '1', '4', 'termine', 19, 105, NULL),
(2085, '2018-10-24 01:06:01', '0', '4', 'termine', 19, 108, NULL),
(2086, '2018-10-24 01:06:01', '0', '4', 'termine', 19, 135, NULL),
(2087, '2018-10-24 01:06:01', '0', '4', 'termine', 19, 262, NULL),
(2088, '2018-10-24 01:06:01', '0', '4', 'termine', 19, 257, NULL),
(2089, '2018-10-24 01:06:01', '0', '4', 'termine', 19, 258, NULL),
(2090, '2018-10-24 01:06:01', '0', '4', 'termine', 19, 259, NULL),
(2091, '2018-10-24 01:06:01', '0', '4', 'termine', 19, 265, NULL),
(2092, '2018-10-24 01:06:01', '0', '4', 'termine', 19, 260, NULL),
(2093, '2018-10-24 01:06:01', '0', '4', 'termine', 19, 241, NULL),
(2094, '2018-10-24 01:06:01', '0', '4', 'termine', 19, 221, NULL),
(2095, '2018-10-24 01:06:01', '0', '4', 'termine', 19, 222, NULL),
(2096, '2018-10-24 01:06:01', '0', '4', 'termine', 19, 106, NULL),
(2097, '2018-10-24 01:06:01', '0', '4', 'termine', 19, 146, NULL),
(2098, '2018-10-24 01:06:01', '0', '4', 'termine', 19, 147, NULL),
(2099, '2018-10-24 01:06:01', '300', '4', 'termine', 19, 148, NULL),
(2100, '2018-10-24 01:06:01', '100', '4', 'termine', 19, 149, NULL),
(2101, '2018-10-24 01:06:01', '0', '4', 'termine', 19, 150, NULL),
(2102, '2018-10-24 01:06:17', '0', '6', 'termine', 18, 174, NULL),
(2103, '2018-10-24 01:06:17', '0', '6', 'termine', 18, 175, NULL),
(2104, '2018-10-24 01:06:17', '0', '6', 'termine', 18, 176, NULL),
(2105, '2018-10-24 01:06:17', '0', '6', 'termine', 18, 226, NULL),
(2106, '2018-10-24 01:06:17', '0', '6', 'termine', 18, 227, NULL),
(2107, '2018-10-24 01:06:17', '999', '6', 'termine', 18, 228, NULL),
(2108, '2018-10-24 01:06:17', '4', '6', 'termine', 18, 185, NULL),
(2109, '2018-10-24 01:06:17', '2.2', '6', 'termine', 18, 178, NULL),
(2110, '2018-10-24 01:06:17', '0', '6', 'termine', 18, 192, NULL),
(2111, '2018-10-24 01:06:17', '9', '6', 'termine', 18, 193, NULL),
(2112, '2018-10-24 01:06:17', '0', '6', 'termine', 18, 194, NULL),
(2113, '2018-10-24 01:06:17', '0', '6', 'termine', 18, 195, NULL),
(2114, '2018-10-24 01:06:17', '0', '6', 'termine', 18, 196, NULL),
(2115, '2018-10-24 01:06:17', '0', '6', 'termine', 18, 197, NULL),
(2116, '2018-10-24 01:06:17', '', '6', 'termine', 18, 198, NULL),
(2117, '2018-10-24 01:06:17', '999', '6', 'termine', 18, 199, NULL),
(2118, '2018-10-24 01:06:17', '0', '6', 'termine', 18, 202, NULL),
(2119, '2018-10-24 01:06:17', '0', '6', 'termine', 18, 203, NULL),
(2120, '2018-10-24 01:06:17', '09/09/9999', '6', 'termine', 18, 204, NULL),
(2121, '2018-10-24 01:06:17', '', '6', 'termine', 18, 205, NULL),
(2122, '2018-10-24 01:06:24', '', '7', 'ko', 18, 208, NULL),
(2123, '2018-10-24 01:06:24', '', '7', 'ko', 18, 209, NULL),
(2124, '2018-10-24 01:06:24', '', '7', 'ko', 18, 210, NULL),
(2125, '2018-10-24 01:06:24', '', '7', 'ko', 18, 211, NULL),
(2126, '2018-10-24 01:06:24', '', '7', 'ko', 18, 212, NULL),
(2127, '2018-10-24 01:06:24', '', '7', 'ko', 18, 213, NULL),
(2128, '2018-10-24 01:06:24', '', '7', 'ko', 18, 214, NULL),
(2129, '2018-10-24 01:06:24', '', '7', 'ko', 18, 216, NULL),
(2130, '2018-10-24 01:06:24', '', '7', 'ko', 18, 229, NULL),
(2131, '2018-10-24 01:12:25', '0', '5', 'ko', 19, 151, NULL),
(2132, '2018-10-24 01:12:25', '0', '5', 'ko', 19, 152, NULL),
(2133, '2018-10-24 01:12:25', '1', '5', 'ko', 19, 153, NULL),
(2134, '2018-10-24 01:12:25', '0', '5', 'ko', 19, 154, NULL),
(2135, '2018-10-24 01:12:25', '0', '5', 'ko', 19, 155, NULL),
(2136, '2018-10-24 01:12:25', '1', '5', 'ko', 19, 268, NULL),
(2137, '2018-10-24 01:12:25', '0', '5', 'ko', 19, 223, NULL),
(2138, '2018-10-24 01:12:25', '0', '5', 'ko', 19, 224, NULL),
(2139, '2018-10-24 01:12:25', '0', '5', 'ko', 19, 225, NULL),
(2140, '2018-10-24 01:12:25', '0', '5', 'ko', 19, 166, NULL),
(2141, '2018-10-24 01:12:25', '', '5', 'ko', 19, 163, NULL),
(2142, '2018-10-24 01:12:25', '', '5', 'ko', 19, 230, NULL),
(2143, '2018-10-24 01:12:25', '1', '5', 'ko', 19, 167, NULL),
(2144, '2018-10-24 01:12:25', '06/03/2018', '5', 'ko', 19, 168, NULL),
(2145, '2018-10-24 01:12:25', '79', '5', 'ko', 19, 169, NULL),
(2146, '2018-10-24 01:12:25', '0', '5', 'ko', 19, 170, NULL),
(2147, '2018-10-24 01:12:25', '1', '5', 'ko', 19, 231, NULL),
(2148, '2018-10-24 01:12:25', '0', '5', 'ko', 19, 269, NULL),
(2149, '2018-10-24 01:12:25', '', '5', 'ko', 19, 270, NULL),
(2150, '2018-10-24 01:11:11', '0', '2', 'termine', 20, 1, NULL),
(2151, '2018-10-24 01:11:11', '0', '2', 'termine', 20, 2, NULL),
(2152, '2018-10-24 01:11:11', '0', '2', 'termine', 20, 3, NULL),
(2153, '2018-10-24 01:11:11', '0', '2', 'termine', 20, 4, NULL),
(2154, '2018-10-24 01:11:11', '0', '2', 'termine', 20, 5, NULL),
(2155, '2018-10-24 01:11:11', '1', '2', 'termine', 20, 9, NULL),
(2156, '2018-10-24 01:11:11', '0', '2', 'termine', 20, 10, NULL),
(2157, '2018-10-24 01:11:11', '65', '2', 'termine', 20, 11, NULL),
(2158, '2018-10-24 01:11:11', '1.69', '2', 'termine', 20, 12, NULL),
(2159, '2018-10-24 01:11:11', '22.76', '2', 'termine', 20, 13, NULL),
(2160, '2018-10-24 01:11:11', '999', '2', 'termine', 20, 14, NULL),
(2161, '2018-10-24 01:11:11', '999', '2', 'termine', 20, 15, NULL),
(2162, '2018-10-24 01:11:11', '12', '2', 'termine', 20, 16, NULL),
(2163, '2018-10-24 01:11:11', '37.97', '2', 'termine', 20, 20, NULL),
(2164, '2018-10-24 01:12:53', '4.03', '3', 'termine', 20, 26, NULL),
(2165, '2018-10-24 01:12:53', '2.6', '3', 'termine', 20, 27, NULL),
(2166, '2018-10-24 01:12:53', '1', '3', 'termine', 20, 29, NULL),
(2167, '2018-10-24 01:12:53', '0', '3', 'termine', 20, 30, NULL),
(2168, '2018-10-24 01:12:53', '0', '3', 'termine', 20, 31, NULL),
(2169, '2018-10-24 01:12:53', '0', '3', 'termine', 20, 32, NULL),
(2170, '2018-10-24 01:12:53', '', '3', 'termine', 20, 33, NULL),
(2171, '2018-10-24 01:12:53', '0', '3', 'termine', 20, 34, NULL),
(2172, '2018-10-24 01:12:53', '1', '3', 'termine', 20, 35, NULL),
(2173, '2018-10-24 01:12:53', '0', '3', 'termine', 20, 38, NULL),
(2174, '2018-10-24 01:12:53', '0', '3', 'termine', 20, 42, NULL),
(2175, '2018-10-24 01:12:53', '1', '3', 'termine', 20, 43, NULL),
(2176, '2018-10-24 01:12:53', '0', '3', 'termine', 20, 48, NULL),
(2177, '2018-10-24 01:12:53', '20', '3', 'termine', 20, 55, NULL),
(2178, '2018-10-24 01:12:53', '0', '3', 'termine', 20, 56, NULL),
(2179, '2018-10-24 01:12:53', '0', '3', 'termine', 20, 67, NULL),
(2180, '2018-10-24 01:12:53', '2', '3', 'termine', 20, 68, NULL),
(2181, '2018-10-24 01:12:53', '1', '3', 'termine', 20, 69, NULL),
(2182, '2018-10-24 01:12:53', '0', '3', 'termine', 20, 217, NULL),
(2183, '2018-10-24 01:12:53', '0', '3', 'termine', 20, 218, NULL),
(2184, '2018-10-24 01:12:53', '0', '3', 'termine', 20, 219, NULL),
(2185, '2018-10-24 01:12:53', '0', '3', 'termine', 20, 220, NULL),
(2186, '2018-10-24 01:15:37', '0', '6', 'ko', 19, 174, NULL),
(2187, '2018-10-24 01:15:37', '0', '6', 'ko', 19, 175, NULL),
(2188, '2018-10-24 01:15:37', '0', '6', 'ko', 19, 176, NULL),
(2189, '2018-10-24 01:15:37', '0', '6', 'ko', 19, 226, NULL),
(2190, '2018-10-24 01:15:37', '0', '6', 'ko', 19, 227, NULL),
(2191, '2018-10-24 01:15:37', '', '6', 'ko', 19, 228, NULL),
(2192, '2018-10-24 01:15:37', '5', '6', 'ko', 19, 185, NULL),
(2193, '2018-10-24 01:15:37', '3.5', '6', 'ko', 19, 178, NULL),
(2194, '2018-10-24 01:15:37', '4', '6', 'ko', 19, 192, NULL),
(2195, '2018-10-24 01:15:37', '5', '6', 'ko', 19, 193, NULL),
(2196, '2018-10-24 01:15:37', '0', '6', 'ko', 19, 194, NULL),
(2197, '2018-10-24 01:15:37', '3', '6', 'ko', 19, 195, NULL),
(2198, '2018-10-24 01:15:37', '0', '6', 'ko', 19, 196, NULL),
(2199, '2018-10-24 01:15:37', '0', '6', 'ko', 19, 197, NULL),
(2200, '2018-10-24 01:15:37', '', '6', 'ko', 19, 198, NULL),
(2201, '2018-10-24 01:15:37', '', '6', 'ko', 19, 199, NULL),
(2202, '2018-10-24 01:15:37', '0', '6', 'ko', 19, 202, NULL),
(2203, '2018-10-24 01:15:37', '0', '6', 'ko', 19, 203, NULL),
(2204, '2018-10-24 01:15:37', '09/09/9999', '6', 'ko', 19, 204, NULL),
(2205, '2018-10-24 01:15:37', '', '6', 'ko', 19, 205, NULL),
(2206, '2018-10-24 01:16:11', '28/06/2018', '7', 'ko', 19, 208, NULL),
(2207, '2018-10-24 01:16:11', '401', '7', 'ko', 19, 209, NULL),
(2208, '2018-10-24 01:16:11', '', '7', 'ko', 19, 210, NULL),
(2209, '2018-10-24 01:16:11', '', '7', 'ko', 19, 211, NULL),
(2210, '2018-10-24 01:16:11', '', '7', 'ko', 19, 212, NULL),
(2211, '2018-10-24 01:16:11', '', '7', 'ko', 19, 213, NULL),
(2212, '2018-10-24 01:16:11', '', '7', 'ko', 19, 214, NULL),
(2213, '2018-10-24 01:16:11', '', '7', 'ko', 19, 216, NULL),
(2214, '2018-10-24 01:16:11', '', '7', 'ko', 19, 229, NULL),
(2215, '2018-10-24 01:17:17', '09/09/9999', '4', 'termine', 20, 72, NULL),
(2216, '2018-10-24 01:17:17', '06/03/2018', '4', 'termine', 20, 73, NULL),
(2217, '2018-10-24 01:17:17', '0', '4', 'termine', 20, 74, NULL),
(2218, '2018-10-24 01:17:17', '0', '4', 'termine', 20, 75, NULL),
(2219, '2018-10-24 01:17:17', '0', '4', 'termine', 20, 77, NULL),
(2220, '2018-10-24 01:17:17', '0', '4', 'termine', 20, 76, NULL),
(2221, '2018-10-24 01:17:17', '09/09/9999', '4', 'termine', 20, 78, NULL),
(2222, '2018-10-24 01:17:17', '09/09/9999', '4', 'termine', 20, 79, NULL),
(2223, '2018-10-24 01:17:17', '36', '4', 'termine', 20, 83, NULL),
(2224, '2018-10-24 01:17:17', '1', '4', 'termine', 20, 84, NULL),
(2225, '2018-10-24 01:17:17', '06/03/2018', '4', 'termine', 20, 85, NULL),
(2226, '2018-10-24 01:17:17', '0', '4', 'termine', 20, 86, NULL),
(2227, '2018-10-24 01:17:17', '0', '4', 'termine', 20, 87, NULL),
(2228, '2018-10-24 01:17:17', '0', '4', 'termine', 20, 88, NULL),
(2229, '2018-10-24 01:17:17', '2', '4', 'termine', 20, 89, NULL),
(2230, '2018-10-24 01:17:17', '0', '4', 'termine', 20, 96, NULL),
(2231, '2018-10-24 01:17:17', '1', '4', 'termine', 20, 99, NULL),
(2232, '2018-10-24 01:17:17', '0', '4', 'termine', 20, 100, NULL),
(2233, '2018-10-24 01:17:17', '0', '4', 'termine', 20, 104, NULL),
(2234, '2018-10-24 01:17:17', '1', '4', 'termine', 20, 105, NULL),
(2235, '2018-10-24 01:17:17', '0', '4', 'termine', 20, 108, NULL),
(2236, '2018-10-24 01:17:17', '3', '4', 'termine', 20, 135, NULL),
(2237, '2018-10-24 01:17:17', '0', '4', 'termine', 20, 262, NULL),
(2238, '2018-10-24 01:17:17', '0', '4', 'termine', 20, 257, NULL),
(2239, '2018-10-24 01:17:17', '0', '4', 'termine', 20, 258, NULL),
(2240, '2018-10-24 01:17:17', '0', '4', 'termine', 20, 259, NULL),
(2241, '2018-10-24 01:17:17', '0', '4', 'termine', 20, 265, NULL),
(2242, '2018-10-24 01:17:17', '1', '4', 'termine', 20, 260, NULL),
(2243, '2018-10-24 01:17:17', '0', '4', 'termine', 20, 241, NULL),
(2244, '2018-10-24 01:17:17', '1', '4', 'termine', 20, 221, NULL),
(2245, '2018-10-24 01:17:17', '0', '4', 'termine', 20, 222, NULL),
(2246, '2018-10-24 01:17:17', '0', '4', 'termine', 20, 106, NULL),
(2247, '2018-10-24 01:17:17', '0', '4', 'termine', 20, 146, NULL),
(2248, '2018-10-24 01:17:17', '0', '4', 'termine', 20, 147, NULL),
(2249, '2018-10-24 01:17:17', '210', '4', 'termine', 20, 148, NULL),
(2250, '2018-10-24 01:17:17', '100', '4', 'termine', 20, 149, NULL),
(2251, '2018-10-24 01:17:17', '0', '4', 'termine', 20, 150, NULL),
(2252, '2018-10-24 01:19:48', '0', '5', 'ko', 20, 151, NULL),
(2253, '2018-10-24 01:19:48', '0', '5', 'ko', 20, 152, NULL),
(2254, '2018-10-24 01:19:48', '1', '5', 'ko', 20, 153, NULL),
(2255, '2018-10-24 01:19:48', '0', '5', 'ko', 20, 154, NULL),
(2256, '2018-10-24 01:19:48', '0', '5', 'ko', 20, 155, NULL),
(2257, '2018-10-24 01:19:48', '1', '5', 'ko', 20, 268, NULL),
(2258, '2018-10-24 01:19:48', '0', '5', 'ko', 20, 223, NULL),
(2259, '2018-10-24 01:19:48', '0', '5', 'ko', 20, 224, NULL),
(2260, '2018-10-24 01:19:48', '0', '5', 'ko', 20, 225, NULL),
(2261, '2018-10-24 01:19:48', '2', '5', 'ko', 20, 166, NULL),
(2262, '2018-10-24 01:19:48', '', '5', 'ko', 20, 163, NULL),
(2263, '2018-10-24 01:19:48', '', '5', 'ko', 20, 230, NULL),
(2264, '2018-10-24 01:19:48', '1', '5', 'ko', 20, 167, NULL),
(2265, '2018-10-24 01:19:48', '16/03/2018', '5', 'ko', 20, 168, NULL),
(2266, '2018-10-24 01:19:48', '10', '5', 'ko', 20, 169, NULL),
(2267, '2018-10-24 01:19:48', '0', '5', 'ko', 20, 170, NULL),
(2268, '2018-10-24 01:19:48', '1', '5', 'ko', 20, 231, NULL),
(2269, '2018-10-24 01:19:48', '0', '5', 'ko', 20, 269, NULL),
(2270, '2018-10-24 01:19:48', '', '5', 'ko', 20, 270, NULL),
(2271, '2018-10-24 01:22:16', '0', '6', 'termine', 20, 174, NULL),
(2272, '2018-10-24 01:22:16', '0', '6', 'termine', 20, 175, NULL),
(2273, '2018-10-24 01:22:16', '0', '6', 'termine', 20, 176, NULL),
(2274, '2018-10-24 01:22:16', '0', '6', 'termine', 20, 226, NULL),
(2275, '2018-10-24 01:22:16', '0', '6', 'termine', 20, 227, NULL),
(2276, '2018-10-24 01:22:16', '0', '6', 'termine', 20, 228, NULL),
(2277, '2018-10-24 01:22:16', '32', '6', 'termine', 20, 185, NULL),
(2278, '2018-10-24 01:22:16', '2.5', '6', 'termine', 20, 178, NULL),
(2279, '2018-10-24 01:22:16', '4', '6', 'termine', 20, 192, NULL),
(2280, '2018-10-24 01:22:16', '24', '6', 'termine', 20, 193, NULL),
(2281, '2018-10-24 01:22:16', '0', '6', 'termine', 20, 194, NULL),
(2282, '2018-10-24 01:22:16', '4', '6', 'termine', 20, 195, NULL),
(2283, '2018-10-24 01:22:16', '0', '6', 'termine', 20, 196, NULL),
(2284, '2018-10-24 01:22:16', '0', '6', 'termine', 20, 197, NULL),
(2285, '2018-10-24 01:22:16', '', '6', 'termine', 20, 198, NULL),
(2286, '2018-10-24 01:22:16', '', '6', 'termine', 20, 199, NULL),
(2287, '2018-10-24 01:22:17', '0', '2', 'termine', 21, 1, NULL),
(2288, '2018-10-24 01:22:16', '0', '6', 'termine', 20, 202, NULL),
(2289, '2018-10-24 01:22:17', '0', '2', 'termine', 21, 2, NULL),
(2290, '2018-10-24 01:22:16', '1', '6', 'termine', 20, 203, NULL),
(2291, '2018-10-24 01:22:17', '0', '2', 'termine', 21, 3, NULL),
(2292, '2018-10-24 01:22:16', '24/10/2018', '6', 'termine', 20, 204, NULL),
(2293, '2018-10-24 01:22:17', '0', '2', 'termine', 21, 4, NULL),
(2294, '2018-10-24 01:22:16', '231', '6', 'termine', 20, 205, NULL),
(2295, '2018-10-24 01:22:17', '0', '2', 'termine', 21, 5, NULL),
(2296, '2018-10-24 01:22:17', '1', '2', 'termine', 21, 9, NULL),
(2297, '2018-10-24 01:22:17', '1', '2', 'termine', 21, 10, NULL),
(2298, '2018-10-24 01:22:17', '50', '2', 'termine', 21, 11, NULL),
(2299, '2018-10-24 01:22:17', '1.59', '2', 'termine', 21, 12, NULL),
(2300, '2018-10-24 01:22:17', '19.78', '2', 'termine', 21, 13, NULL),
(2301, '2018-10-24 01:22:17', '999', '2', 'termine', 21, 14, NULL),
(2302, '2018-10-24 01:22:17', '999', '2', 'termine', 21, 15, NULL),
(2303, '2018-10-24 01:22:17', '13', '2', 'termine', 21, 16, NULL),
(2304, '2018-10-24 01:22:17', '999', '2', 'termine', 21, 20, NULL),
(2305, '2018-10-24 01:22:24', '', '7', 'ko', 20, 208, NULL),
(2306, '2018-10-24 01:22:24', '', '7', 'ko', 20, 209, NULL),
(2307, '2018-10-24 01:22:24', '', '7', 'ko', 20, 210, NULL),
(2308, '2018-10-24 01:22:24', '', '7', 'ko', 20, 211, NULL),
(2309, '2018-10-24 01:22:24', '', '7', 'ko', 20, 212, NULL),
(2310, '2018-10-24 01:22:24', '', '7', 'ko', 20, 213, NULL),
(2311, '2018-10-24 01:22:24', '', '7', 'ko', 20, 214, NULL),
(2312, '2018-10-24 01:22:24', '', '7', 'ko', 20, 216, NULL),
(2313, '2018-10-24 01:22:24', '', '7', 'ko', 20, 229, NULL),
(2314, '2018-10-24 01:28:12', '0', '2', 'termine', 22, 1, NULL),
(2315, '2018-10-24 01:28:12', '0', '2', 'termine', 22, 2, NULL),
(2316, '2018-10-24 01:28:12', '0', '2', 'termine', 22, 3, NULL),
(2317, '2018-10-24 01:28:12', '0', '2', 'termine', 22, 4, NULL),
(2318, '2018-10-24 01:28:12', '0', '2', 'termine', 22, 5, NULL),
(2319, '2018-10-24 01:28:12', '1', '2', 'termine', 22, 9, NULL),
(2320, '2018-10-24 01:28:12', '0', '2', 'termine', 22, 10, NULL),
(2321, '2018-10-24 01:28:12', '62', '2', 'termine', 22, 11, NULL),
(2322, '2018-10-24 01:28:12', '1.59', '2', 'termine', 22, 12, NULL),
(2323, '2018-10-24 01:28:12', '24.52', '2', 'termine', 22, 13, NULL),
(2324, '2018-10-24 01:28:12', '3', '2', 'termine', 22, 14, NULL),
(2325, '2018-10-24 01:28:12', '4.62', '2', 'termine', 22, 15, NULL),
(2326, '2018-10-24 01:28:12', '9', '2', 'termine', 22, 16, NULL),
(2327, '2018-10-24 01:28:12', '25.69', '2', 'termine', 22, 20, NULL),
(2328, '2018-10-24 01:28:15', '2.84', '3', 'termine', 21, 26, NULL),
(2329, '2018-10-24 01:28:15', '2', '3', 'termine', 21, 27, NULL),
(2330, '2018-10-24 01:28:15', '1', '3', 'termine', 21, 29, NULL),
(2331, '2018-10-24 01:28:15', '0', '3', 'termine', 21, 30, NULL),
(2332, '2018-10-24 01:28:15', '0', '3', 'termine', 21, 31, NULL),
(2333, '2018-10-24 01:28:15', '999', '3', 'termine', 21, 32, NULL),
(2334, '2018-10-24 01:28:15', '', '3', 'termine', 21, 33, NULL),
(2335, '2018-10-24 01:28:15', '1', '3', 'termine', 21, 34, NULL),
(2336, '2018-10-24 01:28:15', '0', '3', 'termine', 21, 35, NULL),
(2337, '2018-10-24 01:28:15', '1', '3', 'termine', 21, 38, NULL),
(2338, '2018-10-24 01:28:15', '0', '3', 'termine', 21, 42, NULL),
(2339, '2018-10-24 01:28:15', '0', '3', 'termine', 21, 43, NULL),
(2340, '2018-10-24 01:28:15', '0', '3', 'termine', 21, 48, NULL),
(2341, '2018-10-24 01:28:15', '3', '3', 'termine', 21, 55, NULL),
(2342, '2018-10-24 01:28:15', '0', '3', 'termine', 21, 56, NULL),
(2343, '2018-10-24 01:28:15', '0', '3', 'termine', 21, 67, NULL),
(2344, '2018-10-24 01:28:15', '0', '3', 'termine', 21, 68, NULL),
(2345, '2018-10-24 01:28:15', '1', '3', 'termine', 21, 69, NULL),
(2346, '2018-10-24 01:28:15', '0', '3', 'termine', 21, 217, NULL),
(2347, '2018-10-24 01:28:15', '0', '3', 'termine', 21, 218, NULL),
(2348, '2018-10-24 01:28:15', '0', '3', 'termine', 21, 219, NULL),
(2349, '2018-10-24 01:28:15', '0', '3', 'termine', 21, 220, NULL),
(2350, '2018-10-24 01:30:20', '1.58', '3', 'termine', 22, 26, NULL),
(2351, '2018-10-24 01:30:20', '8.2', '3', 'termine', 22, 27, NULL),
(2352, '2018-10-24 01:30:20', '1', '3', 'termine', 22, 29, NULL),
(2353, '2018-10-24 01:30:20', '0', '3', 'termine', 22, 30, NULL),
(2354, '2018-10-24 01:30:20', '999', '3', 'termine', 22, 31, NULL),
(2355, '2018-10-24 01:30:20', '0', '3', 'termine', 22, 32, NULL),
(2356, '2018-10-24 01:30:20', '', '3', 'termine', 22, 33, NULL),
(2357, '2018-10-24 01:30:20', '1', '3', 'termine', 22, 34, NULL),
(2358, '2018-10-24 01:30:20', '1', '3', 'termine', 22, 35, NULL),
(2359, '2018-10-24 01:30:20', '1', '3', 'termine', 22, 38, NULL),
(2360, '2018-10-24 01:30:20', '0', '3', 'termine', 22, 42, NULL),
(2361, '2018-10-24 01:30:20', '1', '3', 'termine', 22, 43, NULL),
(2362, '2018-10-24 01:30:20', '0', '3', 'termine', 22, 48, NULL),
(2363, '2018-10-24 01:30:20', '3', '3', 'termine', 22, 55, NULL),
(2364, '2018-10-24 01:30:20', '0', '3', 'termine', 22, 56, NULL),
(2365, '2018-10-24 01:30:20', '6', '3', 'termine', 22, 67, NULL),
(2366, '2018-10-24 01:30:20', '2', '3', 'termine', 22, 68, NULL),
(2367, '2018-10-24 01:30:20', '1', '3', 'termine', 22, 69, NULL),
(2368, '2018-10-24 01:30:20', '0', '3', 'termine', 22, 217, NULL),
(2369, '2018-10-24 01:30:20', '0', '3', 'termine', 22, 218, NULL),
(2370, '2018-10-24 01:30:20', '0', '3', 'termine', 22, 219, NULL),
(2371, '2018-10-24 01:30:20', '0', '3', 'termine', 22, 220, NULL),
(2372, '2018-10-24 01:33:28', '12/10/2017', '4', 'termine', 22, 72, NULL),
(2373, '2018-10-24 01:33:28', '28/11/2017', '4', 'termine', 22, 73, NULL),
(2374, '2018-10-24 01:33:28', '47', '4', 'termine', 22, 74, NULL),
(2375, '2018-10-24 01:33:28', '1', '4', 'termine', 22, 75, NULL),
(2376, '2018-10-24 01:33:28', '3', '4', 'termine', 22, 77, NULL),
(2377, '2018-10-24 01:33:28', '0', '4', 'termine', 22, 76, NULL),
(2378, '2018-10-24 01:33:28', '28/11/2017', '4', 'termine', 22, 78, NULL),
(2379, '2018-10-24 01:33:28', '04/01/2018', '4', 'termine', 22, 79, NULL),
(2380, '2018-10-24 01:33:28', '36', '4', 'termine', 22, 83, NULL),
(2381, '2018-10-24 01:33:28', '0', '4', 'termine', 22, 84, NULL),
(2382, '2018-10-24 01:33:28', '15/03/2018', '4', 'termine', 22, 85, NULL),
(2383, '2018-10-24 01:33:28', '0', '4', 'termine', 22, 86, NULL);
INSERT INTO `formulaire_item` (`id`, `date`, `valeur_item`, `etape`, `statut`, `id_formulaire`, `id_item`, `id_pj`) VALUES
(2384, '2018-10-24 01:33:28', '70', '4', 'termine', 22, 87, NULL),
(2385, '2018-10-24 01:33:28', '0', '4', 'termine', 22, 88, NULL),
(2386, '2018-10-24 01:33:28', '2', '4', 'termine', 22, 89, NULL),
(2387, '2018-10-24 01:33:28', '0', '4', 'termine', 22, 96, NULL),
(2388, '2018-10-24 01:33:28', '1', '4', 'termine', 22, 99, NULL),
(2389, '2018-10-24 01:33:28', '2', '4', 'termine', 22, 100, NULL),
(2390, '2018-10-24 01:33:28', '5', '4', 'termine', 22, 104, NULL),
(2391, '2018-10-24 01:33:28', '', '4', 'termine', 22, 105, NULL),
(2392, '2018-10-24 01:33:28', '4', '4', 'termine', 22, 108, NULL),
(2393, '2018-10-24 01:33:28', '1', '4', 'termine', 22, 135, NULL),
(2394, '2018-10-24 01:33:28', '0', '4', 'termine', 22, 262, NULL),
(2395, '2018-10-24 01:33:28', '0', '4', 'termine', 22, 257, NULL),
(2396, '2018-10-24 01:33:28', '0', '4', 'termine', 22, 258, NULL),
(2397, '2018-10-24 01:33:28', '0', '4', 'termine', 22, 259, NULL),
(2398, '2018-10-24 01:33:28', '1', '4', 'termine', 22, 265, NULL),
(2399, '2018-10-24 01:33:28', '0', '4', 'termine', 22, 260, NULL),
(2400, '2018-10-24 01:33:28', '2', '4', 'termine', 22, 241, NULL),
(2401, '2018-10-24 01:33:28', '2', '4', 'termine', 22, 221, NULL),
(2402, '2018-10-24 01:33:28', '2', '4', 'termine', 22, 222, NULL),
(2403, '2018-10-24 01:33:28', '2', '4', 'termine', 22, 106, NULL),
(2404, '2018-10-24 01:33:28', '0', '4', 'termine', 22, 146, NULL),
(2405, '2018-10-24 01:33:28', '1', '4', 'termine', 22, 147, NULL),
(2406, '2018-10-24 01:33:28', '220', '4', 'termine', 22, 148, NULL),
(2407, '2018-10-24 01:33:28', '100', '4', 'termine', 22, 149, NULL),
(2408, '2018-10-24 01:33:28', '0', '4', 'termine', 22, 150, NULL),
(2409, '2018-10-24 01:35:07', '0', '5', 'ko', 22, 151, NULL),
(2410, '2018-10-24 01:35:07', '0', '5', 'ko', 22, 152, NULL),
(2411, '2018-10-24 01:35:07', '1', '5', 'ko', 22, 153, NULL),
(2412, '2018-10-24 01:35:07', '0', '5', 'ko', 22, 154, NULL),
(2413, '2018-10-24 01:35:07', '4', '5', 'ko', 22, 155, NULL),
(2414, '2018-10-24 01:35:07', '0', '5', 'ko', 22, 268, NULL),
(2415, '2018-10-24 01:35:07', '0', '5', 'ko', 22, 223, NULL),
(2416, '2018-10-24 01:35:07', '0', '5', 'ko', 22, 224, NULL),
(2417, '2018-10-24 01:35:07', '0', '5', 'ko', 22, 225, NULL),
(2418, '2018-10-24 01:35:07', '0', '5', 'ko', 22, 166, NULL),
(2419, '2018-10-24 01:35:07', '', '5', 'ko', 22, 163, NULL),
(2420, '2018-10-24 01:35:07', '', '5', 'ko', 22, 230, NULL),
(2421, '2018-10-24 01:35:07', '1', '5', 'ko', 22, 167, NULL),
(2422, '2018-10-24 01:35:07', '23/03/2018', '5', 'ko', 22, 168, NULL),
(2423, '2018-10-24 01:35:07', '8', '5', 'ko', 22, 169, NULL),
(2424, '2018-10-24 01:35:07', '1', '5', 'ko', 22, 170, NULL),
(2425, '2018-10-24 01:35:07', '4', '5', 'ko', 22, 231, NULL),
(2426, '2018-10-24 01:35:07', '4', '5', 'ko', 22, 269, NULL),
(2427, '2018-10-24 01:35:07', '', '5', 'ko', 22, 270, NULL),
(2428, '2018-10-24 01:36:16', '0', '6', 'termine', 22, 174, NULL),
(2429, '2018-10-24 01:36:16', '0', '6', 'termine', 22, 175, NULL),
(2430, '2018-10-24 01:36:16', '0', '6', 'termine', 22, 176, NULL),
(2431, '2018-10-24 01:36:16', '0', '6', 'termine', 22, 226, NULL),
(2432, '2018-10-24 01:36:16', '0', '6', 'termine', 22, 227, NULL),
(2433, '2018-10-24 01:36:16', '0', '6', 'termine', 22, 228, NULL),
(2434, '2018-10-24 01:36:16', '999', '6', 'termine', 22, 185, NULL),
(2435, '2018-10-24 01:36:16', '2', '6', 'termine', 22, 178, NULL),
(2436, '2018-10-24 01:36:16', '4', '6', 'termine', 22, 192, NULL),
(2437, '2018-10-24 01:36:16', '0', '6', 'termine', 22, 193, NULL),
(2438, '2018-10-24 01:36:16', '0', '6', 'termine', 22, 194, NULL),
(2439, '2018-10-24 01:36:17', '09/09/9999', '4', 'ko', 21, 72, NULL),
(2440, '2018-10-24 01:36:16', '2', '6', 'termine', 22, 195, NULL),
(2441, '2018-10-24 01:36:17', '01/11/2017', '4', 'ko', 21, 73, NULL),
(2442, '2018-10-24 01:36:16', '0', '6', 'termine', 22, 196, NULL),
(2443, '2018-10-24 01:36:17', '0', '4', 'ko', 21, 74, NULL),
(2444, '2018-10-24 01:36:16', '0', '6', 'termine', 22, 197, NULL),
(2445, '2018-10-24 01:36:17', '1', '4', 'ko', 21, 75, NULL),
(2446, '2018-10-24 01:36:16', '', '6', 'termine', 22, 198, NULL),
(2447, '2018-10-24 01:36:17', '3', '4', 'ko', 21, 77, NULL),
(2448, '2018-10-24 01:36:16', '999', '6', 'termine', 22, 199, NULL),
(2449, '2018-10-24 01:36:17', '0', '4', 'ko', 21, 76, NULL),
(2450, '2018-10-24 01:36:16', '0', '6', 'termine', 22, 202, NULL),
(2451, '2018-10-24 01:36:17', '01/11/2017', '4', 'ko', 21, 78, NULL),
(2452, '2018-10-24 01:36:16', '0', '6', 'termine', 22, 203, NULL),
(2453, '2018-10-24 01:36:17', '07/12/2017', '4', 'ko', 21, 79, NULL),
(2454, '2018-10-24 01:36:16', '09/09/9999', '6', 'termine', 22, 204, NULL),
(2455, '2018-10-24 01:36:17', '38', '4', 'ko', 21, 83, NULL),
(2456, '2018-10-24 01:36:16', '', '6', 'termine', 22, 205, NULL),
(2457, '2018-10-24 01:36:17', '0', '4', 'ko', 21, 84, NULL),
(2458, '2018-10-24 01:36:17', '09/03/2018', '4', 'ko', 21, 85, NULL),
(2459, '2018-10-24 01:36:17', '0', '4', 'ko', 21, 86, NULL),
(2460, '2018-10-24 01:36:17', '92', '4', 'ko', 21, 87, NULL),
(2461, '2018-10-24 01:36:17', '0', '4', 'ko', 21, 88, NULL),
(2462, '2018-10-24 01:36:17', '2', '4', 'ko', 21, 89, NULL),
(2463, '2018-10-24 01:36:17', '0', '4', 'ko', 21, 96, NULL),
(2464, '2018-10-24 01:36:17', '1', '4', 'ko', 21, 99, NULL),
(2465, '2018-10-24 01:36:17', '1', '4', 'ko', 21, 100, NULL),
(2466, '2018-10-24 01:36:17', '0', '4', 'ko', 21, 104, NULL),
(2467, '2018-10-24 01:36:17', '1', '4', 'ko', 21, 105, NULL),
(2468, '2018-10-24 01:36:17', '1', '4', 'ko', 21, 108, NULL),
(2469, '2018-10-24 01:36:17', '0', '4', 'ko', 21, 135, NULL),
(2470, '2018-10-24 01:36:17', '0', '4', 'ko', 21, 262, NULL),
(2471, '2018-10-24 01:36:17', '0', '4', 'ko', 21, 257, NULL),
(2472, '2018-10-24 01:36:17', '0', '4', 'ko', 21, 258, NULL),
(2473, '2018-10-24 01:36:17', '0', '4', 'ko', 21, 259, NULL),
(2474, '2018-10-24 01:36:17', '0', '4', 'ko', 21, 265, NULL),
(2475, '2018-10-24 01:36:17', '0', '4', 'ko', 21, 260, NULL),
(2476, '2018-10-24 01:36:17', '0', '4', 'ko', 21, 241, NULL),
(2477, '2018-10-24 01:36:17', '0', '4', 'ko', 21, 221, NULL),
(2478, '2018-10-24 01:36:17', '0', '4', 'ko', 21, 222, NULL),
(2479, '2018-10-24 01:36:17', '0', '4', 'ko', 21, 106, NULL),
(2480, '2018-10-24 01:36:17', '0', '4', 'ko', 21, 146, NULL),
(2481, '2018-10-24 01:36:17', '0', '4', 'ko', 21, 147, NULL),
(2482, '2018-10-24 01:36:17', '180', '4', 'ko', 21, 148, NULL),
(2483, '2018-10-24 01:36:17', '0', '4', 'ko', 21, 149, NULL),
(2484, '2018-10-24 01:36:17', '', '4', 'ko', 21, 150, NULL),
(2485, '2018-10-24 01:36:22', '', '7', 'ko', 22, 208, NULL),
(2486, '2018-10-24 01:36:22', '', '7', 'ko', 22, 209, NULL),
(2487, '2018-10-24 01:36:22', '', '7', 'ko', 22, 210, NULL),
(2488, '2018-10-24 01:36:22', '', '7', 'ko', 22, 211, NULL),
(2489, '2018-10-24 01:36:22', '', '7', 'ko', 22, 212, NULL),
(2490, '2018-10-24 01:36:22', '', '7', 'ko', 22, 213, NULL),
(2491, '2018-10-24 01:36:22', '', '7', 'ko', 22, 214, NULL),
(2492, '2018-10-24 01:36:22', '', '7', 'ko', 22, 216, NULL),
(2493, '2018-10-24 01:36:22', '', '7', 'ko', 22, 229, NULL),
(2494, '2018-10-24 01:38:22', '0', '5', 'ko', 21, 151, NULL),
(2495, '2018-10-24 01:38:22', '0', '5', 'ko', 21, 152, NULL),
(2496, '2018-10-24 01:38:22', '0', '5', 'ko', 21, 153, NULL),
(2497, '2018-10-24 01:38:22', '0', '5', 'ko', 21, 154, NULL),
(2498, '2018-10-24 01:38:22', '0', '5', 'ko', 21, 155, NULL),
(2499, '2018-10-24 01:38:22', '0', '5', 'ko', 21, 268, NULL),
(2500, '2018-10-24 01:38:22', '0', '5', 'ko', 21, 223, NULL),
(2501, '2018-10-24 01:38:22', '0', '5', 'ko', 21, 224, NULL),
(2502, '2018-10-24 01:38:22', '0', '5', 'ko', 21, 225, NULL),
(2503, '2018-10-24 01:38:22', '1', '5', 'ko', 21, 166, NULL),
(2504, '2018-10-24 01:38:22', '', '5', 'ko', 21, 163, NULL),
(2505, '2018-10-24 01:38:22', '', '5', 'ko', 21, 230, NULL),
(2506, '2018-10-24 01:38:22', '0', '5', 'ko', 21, 167, NULL),
(2507, '2018-10-24 01:38:22', '14/03/2018', '5', 'ko', 21, 168, NULL),
(2508, '2018-10-24 01:38:22', '5', '5', 'ko', 21, 169, NULL),
(2509, '2018-10-24 01:38:22', '0', '5', 'ko', 21, 170, NULL),
(2510, '2018-10-24 01:38:22', '0', '5', 'ko', 21, 231, NULL),
(2511, '2018-10-24 01:38:22', '0', '5', 'ko', 21, 269, NULL),
(2512, '2018-10-24 01:38:22', '0', '5', 'ko', 21, 270, NULL),
(2513, '2018-10-24 01:39:19', '0', '2', 'termine', 23, 1, NULL),
(2514, '2018-10-24 01:39:19', '0', '2', 'termine', 23, 2, NULL),
(2515, '2018-10-24 01:39:19', '0', '2', 'termine', 23, 3, NULL),
(2516, '2018-10-24 01:39:19', '0', '2', 'termine', 23, 4, NULL),
(2517, '2018-10-24 01:39:19', '0', '2', 'termine', 23, 5, NULL),
(2518, '2018-10-24 01:39:19', '1', '2', 'termine', 23, 9, NULL),
(2519, '2018-10-24 01:39:19', '0', '2', 'termine', 23, 10, NULL),
(2520, '2018-10-24 01:39:19', '86', '2', 'termine', 23, 11, NULL),
(2521, '2018-10-24 01:39:19', '1.66', '2', 'termine', 23, 12, NULL),
(2522, '2018-10-24 01:39:19', '31.21', '2', 'termine', 23, 13, NULL),
(2523, '2018-10-24 01:39:19', '999', '2', 'termine', 23, 14, NULL),
(2524, '2018-10-24 01:39:19', '999', '2', 'termine', 23, 15, NULL),
(2525, '2018-10-24 01:39:19', '13', '2', 'termine', 23, 16, NULL),
(2526, '2018-10-24 01:39:19', '999', '2', 'termine', 23, 20, NULL),
(2527, '2018-10-24 01:40:09', '0', '6', 'termine', 21, 174, NULL),
(2528, '2018-10-24 01:40:09', '444', '6', 'termine', 21, 175, NULL),
(2529, '2018-10-24 01:40:09', '0', '6', 'termine', 21, 176, NULL),
(2530, '2018-10-24 01:40:09', '0', '6', 'termine', 21, 226, NULL),
(2531, '2018-10-24 01:40:09', '0', '6', 'termine', 21, 227, NULL),
(2532, '2018-10-24 01:40:09', '0', '6', 'termine', 21, 228, NULL),
(2533, '2018-10-24 01:40:09', '999', '6', 'termine', 21, 185, NULL),
(2534, '2018-10-24 01:40:09', '1', '6', 'termine', 21, 178, NULL),
(2535, '2018-10-24 01:40:09', '0', '6', 'termine', 21, 192, NULL),
(2536, '2018-10-24 01:40:09', '9', '6', 'termine', 21, 193, NULL),
(2537, '2018-10-24 01:40:09', '0', '6', 'termine', 21, 194, NULL),
(2538, '2018-10-24 01:40:09', '0', '6', 'termine', 21, 195, NULL),
(2539, '2018-10-24 01:40:09', '0', '6', 'termine', 21, 196, NULL),
(2540, '2018-10-24 01:40:09', '0', '6', 'termine', 21, 197, NULL),
(2541, '2018-10-24 01:40:09', '', '6', 'termine', 21, 198, NULL),
(2542, '2018-10-24 01:40:09', '4', '6', 'termine', 21, 199, NULL),
(2543, '2018-10-24 01:40:09', '0', '6', 'termine', 21, 202, NULL),
(2544, '2018-10-24 01:40:09', '0', '6', 'termine', 21, 203, NULL),
(2545, '2018-10-24 01:40:09', '09/09/9999', '6', 'termine', 21, 204, NULL),
(2546, '2018-10-24 01:40:09', '', '6', 'termine', 21, 205, NULL),
(2547, '2018-10-24 01:40:16', '', '7', 'ko', 21, 208, NULL),
(2548, '2018-10-24 01:40:16', '', '7', 'ko', 21, 209, NULL),
(2549, '2018-10-24 01:40:16', '', '7', 'ko', 21, 210, NULL),
(2550, '2018-10-24 01:40:16', '', '7', 'ko', 21, 211, NULL),
(2551, '2018-10-24 01:40:16', '', '7', 'ko', 21, 212, NULL),
(2552, '2018-10-24 01:40:16', '', '7', 'ko', 21, 213, NULL),
(2553, '2018-10-24 01:40:16', '', '7', 'ko', 21, 214, NULL),
(2554, '2018-10-24 01:40:16', '', '7', 'ko', 21, 216, NULL),
(2555, '2018-10-24 01:40:16', '', '7', 'ko', 21, 229, NULL),
(2556, '2018-10-24 01:40:39', '3.8', '3', 'termine', 23, 26, NULL),
(2557, '2018-10-24 01:40:39', '2', '3', 'termine', 23, 27, NULL),
(2558, '2018-10-24 01:40:39', '1', '3', 'termine', 23, 29, NULL),
(2559, '2018-10-24 01:40:39', '0', '3', 'termine', 23, 30, NULL),
(2560, '2018-10-24 01:40:39', '1', '3', 'termine', 23, 31, NULL),
(2561, '2018-10-24 01:40:39', '0', '3', 'termine', 23, 32, NULL),
(2562, '2018-10-24 01:40:39', '', '3', 'termine', 23, 33, NULL),
(2563, '2018-10-24 01:40:39', '1', '3', 'termine', 23, 34, NULL),
(2564, '2018-10-24 01:40:39', '1', '3', 'termine', 23, 35, NULL),
(2565, '2018-10-24 01:40:39', '1', '3', 'termine', 23, 38, NULL),
(2566, '2018-10-24 01:40:39', '0', '3', 'termine', 23, 42, NULL),
(2567, '2018-10-24 01:40:39', '1', '3', 'termine', 23, 43, NULL),
(2568, '2018-10-24 01:40:39', '0', '3', 'termine', 23, 48, NULL),
(2569, '2018-10-24 01:40:39', '2.5', '3', 'termine', 23, 55, NULL),
(2570, '2018-10-24 01:40:39', '0', '3', 'termine', 23, 56, NULL),
(2571, '2018-10-24 01:40:39', '5', '3', 'termine', 23, 67, NULL),
(2572, '2018-10-24 01:40:39', '1', '3', 'termine', 23, 68, NULL),
(2573, '2018-10-24 01:40:39', '1', '3', 'termine', 23, 69, NULL),
(2574, '2018-10-24 01:40:39', '0', '3', 'termine', 23, 217, NULL),
(2575, '2018-10-24 01:40:39', '0', '3', 'termine', 23, 218, NULL),
(2576, '2018-10-24 01:40:39', '0', '3', 'termine', 23, 219, NULL),
(2577, '2018-10-24 01:40:39', '0', '3', 'termine', 23, 220, NULL);

-- --------------------------------------------------------

--
-- Structure de la table `item`
--

CREATE TABLE `item` (
  `id` int(11) NOT NULL,
  `code` varchar(255) DEFAULT NULL,
  `intitule` varchar(255) NOT NULL,
  `periode_intervention` varchar(250) DEFAULT NULL,
  `categorie` varchar(30) DEFAULT NULL,
  `sous_categorie` varchar(30) DEFAULT NULL,
  `obligatoire` varchar(1) DEFAULT NULL,
  `qualite` varchar(2) DEFAULT NULL,
  `fdr` varchar(2) DEFAULT NULL,
  `commun` varchar(2) DEFAULT NULL,
  `facteur pronostic` varchar(2) DEFAULT NULL,
  `facteur` varchar(2) DEFAULT NULL
) ENGINE=InnoDB DEFAULT CHARSET=utf8;

--
-- Déchargement des données de la table `item`
--

INSERT INTO `item` (`id`, `code`, `intitule`, `periode_intervention`, `categorie`, `sous_categorie`, `obligatoire`, `qualite`, `fdr`, `commun`, `facteur pronostic`, `facteur`) VALUES
(1, 'q1_item', 'Tabac (non si sevrage>6semaines)', NULL, 'comorbidité', NULL, NULL, NULL, NULL, NULL, NULL, NULL),
(2, 'q2_item', 'Accident vasculaire cérébral', NULL, 'comorbidité', NULL, NULL, NULL, NULL, NULL, NULL, NULL),
(3, 'q3_item', 'Cardiopathie ischémique', NULL, 'comorbidité', NULL, NULL, NULL, NULL, NULL, NULL, NULL),
(4, 'q4_item', 'Diabète', NULL, 'comorbidité', NULL, NULL, NULL, NULL, NULL, NULL, NULL),
(5, 'q5_item', 'Traitement anti-coagulant', NULL, 'comorbidité', NULL, NULL, NULL, NULL, NULL, NULL, NULL),
(6, 'q6_item', 'Hépatopathie chronique', NULL, 'comorbidité', NULL, NULL, NULL, NULL, NULL, NULL, NULL),
(7, 'q7_item', ' Score Child Pugh 5 à 1', NULL, 'comorbidité', NULL, NULL, NULL, NULL, NULL, NULL, NULL),
(8, 'q8_item', 'Score MELD', NULL, 'comorbidité', NULL, NULL, NULL, NULL, NULL, NULL, NULL),
(9, 'q9_item', 'Score ASA', NULL, 'comorbidité', NULL, NULL, NULL, NULL, NULL, NULL, NULL),
(10, 'q10_item', 'Score OMS', NULL, 'comorbidité', NULL, NULL, NULL, NULL, NULL, NULL, NULL),
(11, 'q11_item', 'Poids (kg)', NULL, 'comorbidité', NULL, NULL, NULL, NULL, NULL, NULL, NULL),
(12, 'q12_item', 'Taille (mètre)', NULL, 'comorbidité', NULL, NULL, NULL, NULL, NULL, NULL, NULL),
(13, 'q13_item', 'Indice de masse corporelle (kg/m2)', NULL, 'comorbidité', NULL, NULL, NULL, NULL, NULL, NULL, NULL),
(14, 'q14_item', 'Amaigrissement (kg)', NULL, 'comorbidité', NULL, NULL, NULL, NULL, NULL, NULL, NULL),
(15, 'q15_item', 'Pourcentage de poids perdu', NULL, 'comorbidité', NULL, NULL, NULL, NULL, NULL, NULL, NULL),
(16, 'q16_item', 'Taux d\'hémoglobine (g/dl)', NULL, 'comorbidité', NULL, NULL, NULL, NULL, NULL, NULL, NULL),
(17, 'q17_item', 'Taux de plaquettes (/mm3)', NULL, 'comorbidité', NULL, NULL, NULL, NULL, NULL, NULL, NULL),
(18, 'q18_item', 'Biluribine totale maximale (mg/l)', NULL, 'comorbidité', NULL, NULL, NULL, NULL, NULL, NULL, NULL),
(19, 'q19_item', 'Biluribine totale préparatoire (mg/l)', NULL, 'comorbidité', NULL, NULL, NULL, NULL, NULL, NULL, NULL),
(20, 'q20_item', 'Taux d\'albumine (g/l)', NULL, 'comorbidité', NULL, NULL, NULL, NULL, NULL, NULL, NULL),
(21, 'q21_item', 'Antécédents d\'hépatectomie(s)', NULL, 'Maladie pré thérapeutique', NULL, NULL, NULL, NULL, NULL, NULL, NULL),
(22, 'q22_item', 'Délai de la dernière hépatectomie', NULL, 'Maladie pré thérapeutique', NULL, NULL, NULL, NULL, NULL, NULL, NULL),
(23, 'q23_item', 'Statut du primitif', NULL, 'Maladie pré thérapeutique', NULL, NULL, NULL, NULL, NULL, NULL, NULL),
(24, 'q24_item', 'Si primitif réséqué ou en place', NULL, 'Maladie pré thérapeutique', NULL, NULL, NULL, NULL, NULL, NULL, NULL),
(25, 'q25_item', 'Si primitif réséqué:recul', NULL, 'Maladie pré thérapeutique', NULL, NULL, NULL, NULL, NULL, NULL, NULL),
(26, 'q26_item', 'Taux d\'ACE initial', NULL, 'Maladie pré thérapeutique', NULL, NULL, NULL, NULL, NULL, NULL, NULL),
(27, 'q27_item', 'Taux de CA 19-9 initial', NULL, 'Maladie pré thérapeutique', NULL, NULL, NULL, NULL, NULL, NULL, NULL),
(28, 'q28_item', 'Taux d\'AFP initial', NULL, 'Maladie pré thérapeutique', NULL, NULL, NULL, NULL, NULL, NULL, NULL),
(29, 'q29_item', 'Preuve histologique pré opératoire', NULL, 'Maladie pré thérapeutique', NULL, NULL, NULL, NULL, NULL, NULL, NULL),
(30, 'q30_item', 'Type histologique sur la biopsie', NULL, 'Maladie pré thérapeutique', NULL, NULL, NULL, NULL, NULL, NULL, NULL),
(31, 'q31_item', 'Différenciation histologique préopératoire', NULL, 'Maladie pré thérapeutique', NULL, NULL, NULL, NULL, NULL, NULL, NULL),
(32, 'q32_item', 'Présence de cellules indépendantes', NULL, 'Maladie pré thérapeutique', NULL, NULL, NULL, NULL, NULL, NULL, NULL),
(33, 'q33_item', 'Si TNE, KI67 (%)', NULL, 'Maladie pré thérapeutique', NULL, NULL, NULL, NULL, NULL, NULL, NULL),
(34, 'q34_item', 'TDM thoracique', NULL, 'Maladie pré thérapeutique', NULL, NULL, NULL, NULL, NULL, NULL, NULL),
(35, 'q35_item', 'TDM abdominale', NULL, 'Maladie pré thérapeutique', NULL, NULL, NULL, NULL, NULL, NULL, NULL),
(36, 'q36_item', 'TDM cervicale', NULL, 'Maladie pré thérapeutique', NULL, NULL, NULL, NULL, NULL, NULL, NULL),
(37, 'q37_item', 'IRM', NULL, 'Maladie pré thérapeutique', NULL, NULL, NULL, NULL, NULL, NULL, NULL),
(38, 'q38_item', 'IRM pelvienne', NULL, 'Maladie pré thérapeutique', NULL, NULL, NULL, NULL, NULL, NULL, NULL),
(39, 'q39_item', 'IRM pancréato-biliaire', NULL, 'Maladie pré thérapeutique', NULL, NULL, NULL, NULL, NULL, NULL, NULL),
(40, 'q40_item', 'IRM abdominale', NULL, 'Maladie pré thérapeutique', NULL, NULL, NULL, NULL, NULL, NULL, NULL),
(41, 'q41_item', 'Echo-endoscopie pancréato-biliaire', NULL, 'Maladie pré thérapeutique', NULL, NULL, NULL, NULL, NULL, NULL, NULL),
(42, 'q42_item', 'Echo-endoscopie rectale', NULL, 'Maladie pré thérapeutique', NULL, NULL, NULL, NULL, NULL, NULL, NULL),
(43, 'q43_item', 'Coloscopie totale', NULL, 'Maladie pré thérapeutique', NULL, NULL, NULL, NULL, NULL, NULL, NULL),
(44, 'q44_item', 'Videocapsule', NULL, 'Maladie pré thérapeutique', NULL, NULL, NULL, NULL, NULL, NULL, NULL),
(45, 'q45_item', 'Echo-endoscopie OGD', NULL, 'Maladie pré thérapeutique', NULL, NULL, NULL, NULL, NULL, NULL, NULL),
(46, 'q46_item', 'Bronscopie', NULL, 'Maladie pré thérapeutique', NULL, NULL, NULL, NULL, NULL, NULL, NULL),
(47, 'q47_item', 'FOGD', NULL, 'Maladie pré thérapeutique', NULL, NULL, NULL, NULL, NULL, NULL, NULL),
(48, 'q48_item', 'PET scan', NULL, 'Maladie pré thérapeutique', NULL, NULL, NULL, NULL, NULL, NULL, NULL),
(49, 'q49_item', 'Tumeur biliaire synchrone nécessitant une hépatectomie', NULL, 'Maladie pré thérapeutique', NULL, NULL, NULL, NULL, NULL, NULL, NULL),
(50, 'q50_item', 'Localisation tumorale présumée', NULL, 'Maladie pré thérapeutique', NULL, NULL, NULL, NULL, NULL, NULL, NULL),
(51, 'q51_item', 'délai de cholécystectomie-chirurgie', NULL, 'Maladie pré thérapeutique', NULL, NULL, NULL, NULL, NULL, NULL, NULL),
(52, 'q52_item', 'Nombre de nodules', NULL, 'Maladie pré thérapeutique', NULL, NULL, NULL, NULL, NULL, NULL, NULL),
(53, 'q53_item', 'Diamètre du plus grand nodule', NULL, 'Maladie pré thérapeutique', NULL, NULL, NULL, NULL, NULL, NULL, NULL),
(54, 'q54_item', 'Stade Bismuth', NULL, 'Maladie pré thérapeutique', NULL, NULL, NULL, NULL, NULL, NULL, NULL),
(55, 'q55_item', 'Siège par rapport à la marge anale', NULL, 'Maladie pré thérapeutique', NULL, NULL, NULL, NULL, NULL, NULL, NULL),
(56, 'q56_item', 'Tumeur colique synchrone', NULL, 'Maladie pré thérapeutique', NULL, NULL, NULL, NULL, NULL, NULL, NULL),
(57, 'q57_item', 'Siège de la tumeur', NULL, 'Maladie pré thérapeutique', NULL, NULL, NULL, NULL, NULL, NULL, NULL),
(58, 'q58_item', 'Tumeur colorectale synchrone', NULL, 'Maladie pré thérapeutique', NULL, NULL, NULL, NULL, NULL, NULL, NULL),
(59, 'q59_item', 'Siège de la tumeur de l\'angle de treitz', NULL, 'Maladie pré thérapeutique', NULL, NULL, NULL, NULL, NULL, NULL, NULL),
(60, 'q60_item', 'Si Pancréas, localisation(s)', NULL, 'Maladie pré thérapeutique', NULL, NULL, NULL, NULL, NULL, NULL, NULL),
(61, 'q61_item', 'Type d\'extension locale', NULL, 'Maladie pré thérapeutique', NULL, NULL, NULL, NULL, NULL, NULL, NULL),
(62, 'q62_item', 'Siège (arcades dentaires) ', NULL, 'Maladie pré thérapeutique', NULL, NULL, NULL, NULL, NULL, NULL, NULL),
(63, 'q63_item', 'Siège=tiers superieur', NULL, 'Maladie pré thérapeutique', NULL, NULL, NULL, NULL, NULL, NULL, NULL),
(64, 'q64_item', 'Siège = tiers moyen', NULL, 'Maladie pré thérapeutique', NULL, NULL, NULL, NULL, NULL, NULL, NULL),
(65, 'q65_item', 'Siège = tiers inférieur', NULL, 'Maladie pré thérapeutique', NULL, NULL, NULL, NULL, NULL, NULL, NULL),
(66, 'q66_item', 'Siège = Cardia', NULL, 'Maladie pré thérapeutique', NULL, NULL, NULL, NULL, NULL, NULL, NULL),
(67, 'q67_item', 'Stade T pré thérapeutique du primitif', NULL, 'Maladie pré thérapeutique', NULL, NULL, NULL, NULL, NULL, NULL, NULL),
(68, 'q68_item', 'Stade N pré thérapeutique du primitif', NULL, 'Maladie pré thérapeutique', NULL, NULL, NULL, NULL, NULL, NULL, NULL),
(69, 'q69_item', 'Stade M pré thérapeutique', NULL, 'Maladie pré thérapeutique', NULL, 'M', NULL, NULL, NULL, NULL, NULL),
(70, 'q70_item', 'Si M1, siège des métastases', NULL, 'Maladie pré thérapeutique', NULL, NULL, NULL, NULL, NULL, NULL, NULL),
(71, 'q71_item', 'Siège des métastases extra hépatiques', NULL, 'Maladie pré thérapeutique', NULL, NULL, NULL, NULL, NULL, NULL, NULL),
(72, 'q72_item', 'Date RCP avant le début du traitement', NULL, 'Traitement', NULL, NULL, NULL, NULL, NULL, NULL, NULL),
(73, 'q73_item', 'Date du début du traitement', NULL, 'Traitement', NULL, NULL, NULL, NULL, NULL, NULL, NULL),
(74, 'q74_item', 'Délai RCP - début de traitement', NULL, 'Traitement', NULL, NULL, NULL, NULL, NULL, NULL, NULL),
(75, 'q75_item', 'Traitement néo-adjuvant', NULL, 'Traitement', NULL, NULL, NULL, NULL, NULL, NULL, NULL),
(76, 'q76_item', 'Chimiothérapie(nombre de cycle)', NULL, 'Traitement', NULL, NULL, NULL, NULL, NULL, NULL, NULL),
(77, 'q77_item', 'Radiothérapie néoadjuvante', NULL, 'Traitement', NULL, NULL, NULL, NULL, NULL, NULL, NULL),
(78, 'q78_item', 'Date de début du traitement néo-adjuvant', NULL, 'Traitement', NULL, NULL, NULL, NULL, NULL, NULL, NULL),
(79, 'q79_item', 'Date de fin du traitement néo-adjuvant', NULL, 'Traitement', NULL, NULL, NULL, NULL, NULL, NULL, NULL),
(80, 'q80_item', 'Chimioembolisation', NULL, 'Traitement', NULL, NULL, NULL, NULL, NULL, NULL, NULL),
(81, 'q81_item', 'Destruction percutanée', NULL, 'Traitement', NULL, NULL, NULL, NULL, NULL, NULL, NULL),
(82, 'q82_item', 'Chimiothérapie (nombre de ligne)', NULL, 'Traitement', NULL, NULL, NULL, NULL, NULL, NULL, NULL),
(83, 'q83_item', 'Opérateur1', NULL, 'Traitement', NULL, NULL, NULL, NULL, NULL, NULL, NULL),
(84, 'q84_item', 'Opérateur2', NULL, 'Traitement', NULL, NULL, NULL, NULL, NULL, NULL, NULL),
(85, 'q85_item', 'Date de chirurgie', NULL, 'Traitement', NULL, NULL, NULL, NULL, NULL, NULL, NULL),
(86, 'q86_item', 'Opéré en urgence', NULL, 'Traitement', NULL, NULL, NULL, NULL, NULL, NULL, NULL),
(87, 'q87_item', 'Délai entre la fin du traitement néo-adjuvant et la chirurgie (jours)', NULL, 'Traitement', NULL, NULL, NULL, NULL, NULL, NULL, NULL),
(88, 'q88_item', 'Préparation nutritionnelle', NULL, 'Traitement', NULL, NULL, NULL, NULL, NULL, NULL, NULL),
(89, 'q89_item', 'Préparation colique', NULL, 'Traitement', NULL, NULL, NULL, NULL, NULL, NULL, NULL),
(90, 'q90_item', 'Hépatectomie en 2 temps', NULL, 'Traitement', NULL, NULL, NULL, NULL, NULL, NULL, NULL),
(91, 'q91_item', 'Embolisation portale', NULL, 'Traitement', NULL, NULL, NULL, NULL, NULL, NULL, NULL),
(92, 'q92_item', 'Ratio foie restant-poids corporel préopératoire (%)', NULL, 'Traitement', NULL, NULL, NULL, NULL, NULL, NULL, NULL),
(93, 'q93_item', 'Drainage biliaire préopératoire', NULL, 'Traitement', NULL, NULL, NULL, NULL, NULL, NULL, NULL),
(94, 'q94_item', 'Stomie d\'alimentation', NULL, 'Traitement', NULL, NULL, NULL, NULL, NULL, NULL, NULL),
(95, 'q95_item', 'Prothèse oesophagienne endoscopie', NULL, 'Traitement', NULL, NULL, NULL, NULL, NULL, NULL, NULL),
(96, 'q96_item', 'Voie d\'abord', NULL, 'Traitement', NULL, NULL, NULL, NULL, NULL, NULL, NULL),
(97, 'q97_item', 'Si Abord abdominal', NULL, 'Traitement', NULL, NULL, NULL, NULL, NULL, NULL, NULL),
(98, 'q98_item', 'Si Abord Thoracique', NULL, 'Traitement', NULL, NULL, NULL, NULL, NULL, NULL, NULL),
(99, 'q99_item', 'Résection', NULL, 'Traitement', NULL, NULL, NULL, NULL, NULL, NULL, NULL),
(100, 'q100_item', 'Type de geste', NULL, 'Traitement', NULL, NULL, NULL, NULL, NULL, NULL, NULL),
(101, 'q101_item', 'Type de résection oesophagienne', NULL, 'Traitement', NULL, NULL, NULL, NULL, NULL, NULL, NULL),
(102, 'q102_item', 'Type de résection gastrique', NULL, 'Traitement', NULL, NULL, NULL, NULL, NULL, NULL, NULL),
(103, 'q103_item', 'Type de curage', NULL, 'Traitement', NULL, NULL, NULL, NULL, NULL, NULL, NULL),
(104, 'q104_item', 'Type de rétablissement', NULL, 'Traitement', NULL, NULL, NULL, NULL, NULL, NULL, NULL),
(105, 'q105_item', 'Type de réservoir', NULL, 'Traitement', NULL, NULL, NULL, NULL, NULL, NULL, NULL),
(106, 'q106_item', 'Poumon réséqueé à distance', NULL, 'Traitement', NULL, NULL, NULL, NULL, NULL, NULL, NULL),
(107, 'q107_item', 'Type de reconstruction', NULL, 'Traitement', NULL, NULL, NULL, NULL, NULL, NULL, NULL),
(108, 'q108_item', 'Stomie de protection', NULL, 'Traitement', NULL, NULL, NULL, NULL, NULL, NULL, NULL),
(109, 'q109_item', 'Utilisation de l\'Echographie', NULL, 'Traitement', NULL, NULL, NULL, NULL, NULL, NULL, NULL),
(110, 'q110_item', 'Nombre d\'hépatectomies', NULL, 'Traitement', NULL, NULL, NULL, NULL, NULL, NULL, NULL),
(111, 'q111_item', 'Hépatectomie majeure?', NULL, 'Traitement', NULL, NULL, NULL, NULL, NULL, NULL, NULL),
(112, 'q112_item', 'Bisegmentectomie?', NULL, 'Traitement', NULL, NULL, NULL, NULL, NULL, NULL, NULL),
(113, 'q113_item', 'Segmentectomie ou tumorectomie?', NULL, 'Traitement', NULL, NULL, NULL, NULL, NULL, NULL, NULL),
(114, 'q114_item', 'Destruction locale?', NULL, 'Traitement', NULL, NULL, NULL, NULL, NULL, NULL, NULL),
(115, 'q115_item', 'Durée cumulée de clampage pédiculaire (min)', NULL, 'Traitement', NULL, NULL, NULL, NULL, NULL, NULL, NULL),
(116, 'q116_item', 'PVC en début d\'hépatectomie (cmH2O)', NULL, 'Traitement', NULL, NULL, NULL, NULL, NULL, NULL, NULL),
(117, 'q117_item', 'Anastomose bilio-digestive', NULL, 'Traitement', NULL, NULL, NULL, NULL, NULL, NULL, NULL),
(118, 'q118_item', 'Curage pédiculaire hépatique', NULL, 'Traitement', NULL, NULL, NULL, NULL, NULL, NULL, NULL),
(119, 'q119_item', 'Examen extemporané sur les ganglions', NULL, 'Traitement', NULL, NULL, NULL, NULL, NULL, NULL, NULL),
(120, 'q120_item', 'Examen extemporané sur les marges biliaires', NULL, 'Traitement', NULL, NULL, NULL, NULL, NULL, NULL, NULL),
(121, 'q121_item', 'Anastomose bilio-digestive', NULL, 'Traitement', NULL, NULL, NULL, NULL, NULL, NULL, NULL),
(122, 'q122_item', 'Anastomose pancréatico-digestive', NULL, 'Traitement', NULL, NULL, NULL, NULL, NULL, NULL, NULL),
(123, 'q123_item', 'Intubation de l\'anastomose pancréatico-digestive', NULL, 'Traitement', NULL, NULL, NULL, NULL, NULL, NULL, NULL),
(124, 'q124_item', 'Diamètre du Wirsung', NULL, 'Traitement', NULL, NULL, NULL, NULL, NULL, NULL, NULL),
(125, 'q125_item', 'Consistance du pancréas', NULL, 'Traitement', NULL, NULL, NULL, NULL, NULL, NULL, NULL),
(126, 'q126_item', 'Examen extemporané sur les ganglions', NULL, 'Traitement', NULL, NULL, NULL, NULL, NULL, NULL, NULL),
(127, 'q127_item', 'Examen extemporané sur les marges', NULL, 'Traitement', NULL, NULL, NULL, NULL, NULL, NULL, NULL),
(128, 'q128_item', 'Nombre de tumeurs réséquées', NULL, 'Traitement', NULL, NULL, NULL, NULL, NULL, NULL, NULL),
(129, 'q129_item', 'Longueur de grele réséquée', NULL, 'Traitement', NULL, NULL, NULL, NULL, NULL, NULL, NULL),
(130, 'q130_item', 'Nombre d\'anastomoses', NULL, 'Traitement', NULL, NULL, NULL, NULL, NULL, NULL, NULL),
(131, 'q131_item', 'Iléostomie', NULL, 'Traitement', NULL, NULL, NULL, NULL, NULL, NULL, NULL),
(132, 'q132_item', 'Si résection œsophagienne, type de plastie', NULL, 'Traitement', NULL, NULL, NULL, NULL, NULL, NULL, NULL),
(133, 'q133_item', 'type de reconstruction', NULL, 'Traitement', NULL, NULL, NULL, NULL, NULL, NULL, NULL),
(134, 'q134_item', 'Cytologie péritoneale', NULL, 'Traitement', NULL, NULL, NULL, NULL, NULL, NULL, NULL),
(135, 'q135_item', 'Résection associée', NULL, 'Traitement', NULL, NULL, NULL, NULL, NULL, NULL, NULL),
(136, 'q136_item', 'Résection locale Veine porte', NULL, 'Traitement', NULL, NULL, NULL, NULL, NULL, NULL, NULL),
(137, 'q137_item', 'Reconstruction Veine porte', NULL, 'Traitement', NULL, NULL, NULL, NULL, NULL, NULL, NULL),
(138, 'q138_item', 'Résection locale Veine cave', NULL, 'Traitement', NULL, NULL, NULL, NULL, NULL, NULL, NULL),
(139, 'q139_item', 'Reconstruction Veine cave', NULL, 'Traitement', NULL, NULL, NULL, NULL, NULL, NULL, NULL),
(140, 'q140_item', 'Résection locale Voies biliaires', NULL, 'Traitement', NULL, NULL, NULL, NULL, NULL, NULL, NULL),
(141, 'q141_item', 'Résection locale Diaphragme', NULL, 'Traitement', NULL, NULL, NULL, NULL, NULL, NULL, NULL),
(142, 'q142_item', 'Résection locale Colon', NULL, 'Traitement', NULL, NULL, NULL, NULL, NULL, NULL, NULL),
(143, 'q143_item', 'Résection locale Estomac', NULL, 'Traitement', NULL, NULL, NULL, NULL, NULL, NULL, NULL),
(144, 'q144_item', 'Organes réséqués en local', NULL, 'Traitement', NULL, NULL, NULL, NULL, NULL, NULL, NULL),
(145, 'q145_item', 'Organes réséqués à distance', NULL, 'Traitement', NULL, NULL, NULL, NULL, NULL, NULL, NULL),
(146, 'q146_item', 'Perforation tumorale per opératoire', NULL, 'Traitement', NULL, NULL, NULL, NULL, NULL, NULL, NULL),
(147, 'q147_item', 'Contamination per opératoire', NULL, 'Traitement', NULL, NULL, NULL, NULL, NULL, NULL, NULL),
(148, 'q148_item', 'Durée opératoire (minutes)', NULL, 'Traitement', NULL, NULL, NULL, NULL, NULL, NULL, NULL),
(149, 'q149_item', 'Pertes sanguines estimées (cc)', NULL, 'Traitement', NULL, NULL, NULL, NULL, NULL, NULL, NULL),
(150, 'q150_item', 'Culots globulaires transfusés en per opératoire', NULL, 'Traitement', NULL, NULL, NULL, NULL, NULL, NULL, NULL),
(151, 'q151_item', 'Hémorragie', NULL, 'Morbi-mortalité', NULL, NULL, NULL, NULL, NULL, NULL, NULL),
(152, 'q152_item', 'Culots globulaires transfusés en postopératoire', NULL, 'Morbi-mortalité', NULL, NULL, NULL, NULL, NULL, NULL, NULL),
(153, 'q153_item', 'Infection de paroi', NULL, 'Morbi-mortalité', NULL, NULL, NULL, NULL, NULL, NULL, NULL),
(154, 'q154_item', 'Collection profonde', NULL, 'Morbi-mortalité', NULL, NULL, NULL, NULL, NULL, NULL, NULL),
(155, 'q155_item', 'Fistule anastomotique', NULL, 'Morbi-mortalité', NULL, NULL, NULL, NULL, NULL, NULL, NULL),
(156, 'q156_item', 'Fistule digestive', NULL, 'Morbi-mortalité', NULL, NULL, NULL, NULL, NULL, NULL, NULL),
(157, 'q157_item', 'Fistule pancréatique', NULL, 'Morbi-mortalité', NULL, NULL, NULL, NULL, NULL, NULL, NULL),
(158, 'q158_item', 'Trouble de la vidange gastrique', NULL, 'Morbi-mortalité', NULL, NULL, NULL, NULL, NULL, NULL, NULL),
(159, 'q159_item', 'Dosage amylase ou lipase dans le drainage à partir de j3', NULL, 'Morbi-mortalité', NULL, NULL, NULL, NULL, NULL, NULL, NULL),
(160, 'q160_item', 'Insuffisance hépathique', NULL, 'Morbi-mortalité', NULL, NULL, NULL, NULL, NULL, NULL, NULL),
(161, 'q161_item', 'Fistule biliaire', NULL, 'Morbi-mortalité', NULL, NULL, NULL, NULL, NULL, NULL, NULL),
(162, 'q162_item', 'Ascite postopératoire', NULL, 'Morbi-mortalité', NULL, NULL, NULL, NULL, NULL, NULL, NULL),
(163, 'q163_item', 'Reprise chirurgicale', NULL, 'Morbi-mortalité', NULL, NULL, NULL, NULL, NULL, NULL, NULL),
(164, 'q164_item', 'Insuffisance rénale nécessitant une dialyse', NULL, 'Morbi-mortalité', NULL, NULL, NULL, NULL, NULL, NULL, NULL),
(165, 'q165_item', 'Complication médicales(clavien > 2)', NULL, 'Morbi-mortalité', NULL, NULL, NULL, NULL, NULL, NULL, NULL),
(166, 'q166_item', 'Durée de séjour en réanimation', NULL, 'Morbi-mortalité', NULL, NULL, NULL, NULL, NULL, NULL, NULL),
(167, 'q167_item', 'Score de Clavien maximal', NULL, 'Morbi-mortalité', NULL, NULL, NULL, NULL, NULL, NULL, NULL),
(168, 'q168_item', 'Date de sortie', NULL, 'Morbi-mortalité', NULL, NULL, NULL, NULL, NULL, NULL, NULL),
(169, 'q169_item', 'Durée de séjour', NULL, 'Morbi-mortalité', NULL, NULL, NULL, NULL, NULL, NULL, NULL),
(170, 'q170_item', 'Réadmission non programmée ', NULL, 'Morbi-mortalité', NULL, NULL, NULL, NULL, NULL, NULL, NULL),
(171, 'q171_item', 'Nombre de nodule sur pièce', NULL, 'Histologie de la pièce opérato', NULL, NULL, NULL, NULL, NULL, NULL, NULL),
(172, 'q172_item', 'Diamètre du plus grand nodule sur pièce', NULL, 'Histologie de la pièce opérato', NULL, NULL, NULL, NULL, NULL, NULL, NULL),
(173, 'q173_item', 'Localisation définitive', NULL, 'Histologie de la pièce opérato', NULL, NULL, NULL, NULL, NULL, NULL, NULL),
(174, 'q174_item', 'Type histologie', NULL, 'Histologie de la pièce opérato', NULL, NULL, NULL, NULL, NULL, NULL, NULL),
(175, 'q175_item', 'Différenciation', NULL, 'Histologie de la pièce opérato', NULL, NULL, NULL, NULL, NULL, NULL, NULL),
(176, 'q176_item', 'Pourcentage de mucine', NULL, 'Histologie de la pièce opérato', NULL, NULL, NULL, NULL, NULL, NULL, NULL),
(177, 'q177_item', 'Marge proximale minimale', NULL, 'Histologie de la pièce opérato', NULL, NULL, NULL, NULL, NULL, NULL, NULL),
(178, 'q178_item', 'Marge distale minimale', NULL, 'Histologie de la pièce opérato', NULL, NULL, NULL, NULL, NULL, NULL, NULL),
(179, 'q179_item', 'Marge circonferrentielle minimale', NULL, 'Histologie de la pièce opérato', NULL, NULL, NULL, NULL, NULL, NULL, NULL),
(180, 'q180_item', 'Marge gastrique minimale', NULL, 'Histologie de la pièce opérato', NULL, NULL, NULL, NULL, NULL, NULL, NULL),
(181, 'q181_item', 'Encrage de la lame rétroportale par le chirurgien', NULL, 'Histologie de la pièce opérato', NULL, NULL, NULL, NULL, NULL, NULL, NULL),
(182, 'q182_item', 'Marge pancréatique minimale', NULL, 'Histologie de la pièce opérato', NULL, NULL, NULL, NULL, NULL, NULL, NULL),
(183, 'q183_item', 'Marge grêlique minimale', NULL, 'Histologie de la pièce opérato', NULL, NULL, NULL, NULL, NULL, NULL, NULL),
(184, 'q184_item', 'Marge longitude la plus proche', NULL, 'Histologie de la pièce opérato', NULL, NULL, NULL, NULL, NULL, NULL, NULL),
(185, 'q185_item', 'Marge latérale', NULL, 'Histologie de la pièce opérato', NULL, NULL, NULL, NULL, NULL, NULL, NULL),
(186, 'q186_item', 'Marge hépatique minimale', NULL, 'Histologie de la pièce opérato', NULL, NULL, NULL, NULL, NULL, NULL, NULL),
(187, 'q187_item', 'Marge biliaire minimale', NULL, 'Histologie de la pièce opérato', NULL, NULL, NULL, NULL, NULL, NULL, NULL),
(188, 'q188_item', 'Marge digestive minimale', NULL, 'Histologie de la pièce opérato', NULL, NULL, NULL, NULL, NULL, NULL, NULL),
(189, 'q189_item', 'Marge rétroportale minimale', NULL, 'Histologie de la pièce opérato', NULL, NULL, NULL, NULL, NULL, NULL, NULL),
(190, 'q190_item', 'Marge veineuse portale minimale', NULL, 'Histologie de la pièce opérato', NULL, NULL, NULL, NULL, NULL, NULL, NULL),
(191, 'q191_item', 'Marge veineuse cave  minimale', NULL, 'Histologie de la pièce opérato', NULL, NULL, NULL, NULL, NULL, NULL, NULL),
(192, 'q192_item', 'Qualité du mésorectum', NULL, 'Histologie de la pièce opérato', NULL, NULL, NULL, NULL, NULL, NULL, NULL),
(193, 'q193_item', 'Nombre de ganglions examinés', NULL, 'Histologie de la pièce opérato', NULL, NULL, NULL, NULL, NULL, NULL, NULL),
(194, 'q194_item', 'Nombre de ganglions envahis', NULL, 'Histologie de la pièce opérato', NULL, NULL, NULL, NULL, NULL, NULL, NULL),
(195, 'q195_item', 'Stade T', NULL, 'Histologie de la pièce opérato', NULL, NULL, NULL, NULL, NULL, NULL, NULL),
(196, 'q196_item', 'Stade N', NULL, 'Histologie de la pièce opérato', NULL, NULL, NULL, NULL, NULL, NULL, NULL),
(197, 'q197_item', 'Stade M', NULL, 'Histologie de la pièce opérato', NULL, NULL, NULL, NULL, NULL, NULL, NULL),
(198, 'q198_item', 'Si tne,KI67%', NULL, 'Histologie de la pièce opérato', NULL, NULL, NULL, NULL, NULL, NULL, NULL),
(199, 'q199_item', 'Réponse histologie', NULL, 'Histologie de la pièce opérato', NULL, NULL, NULL, NULL, NULL, NULL, NULL),
(200, 'q200_item', 'Fibrose du foie non tumorale', NULL, 'Histologie de la pièce opérato', NULL, NULL, NULL, NULL, NULL, NULL, NULL),
(201, 'q201_item', 'Stéatose du foie non tumoral', NULL, 'Histologie de la pièce opérato', NULL, NULL, NULL, NULL, NULL, NULL, NULL),
(202, 'q202_item', 'Radicalité', NULL, 'Histologie de la pièce opérato', NULL, NULL, NULL, NULL, NULL, NULL, NULL),
(203, 'q203_item', 'Traitement adjuvant', NULL, 'Histologie de la pièce opérato', NULL, NULL, NULL, NULL, NULL, NULL, NULL),
(204, 'q204_item', 'Date de début du traitement adjuvant', NULL, 'Histologie de la pièce opérato', NULL, NULL, NULL, NULL, NULL, NULL, NULL),
(205, 'q205_item', 'Délai entre la chirurgie et le  traitement adjuvant', NULL, 'Histologie de la pièce opérato', NULL, NULL, NULL, NULL, NULL, NULL, NULL),
(206, 'q206_item', 'Date fermeture de stomie', NULL, 'A long terme', NULL, NULL, NULL, NULL, NULL, NULL, NULL),
(207, 'q207_item', 'Délai fermeture de stomie(semaines)', NULL, 'A long terme', NULL, NULL, NULL, NULL, NULL, NULL, NULL),
(208, 'q208_item', 'Date des dérnières nouvelle', NULL, 'A long terme', NULL, NULL, NULL, NULL, NULL, NULL, NULL),
(209, 'q209_item', 'Recul', NULL, 'A long terme', NULL, NULL, NULL, NULL, NULL, NULL, NULL),
(210, 'q210_item', 'Statut du patient', NULL, 'A long terme', NULL, NULL, NULL, NULL, NULL, NULL, NULL),
(211, 'q211_item', 'Récidive locale', NULL, 'A long terme', NULL, NULL, NULL, NULL, NULL, NULL, NULL),
(212, 'q212_item', 'Date de découverte de la récidive locale', NULL, 'A long terme', NULL, NULL, NULL, NULL, NULL, NULL, NULL),
(213, 'q213_item', 'Délai entre chirurgie et la récidive locale', NULL, 'A long terme', NULL, NULL, NULL, NULL, NULL, NULL, NULL),
(214, 'q214_item', 'Récidive à distance', NULL, 'A long terme', NULL, NULL, NULL, NULL, NULL, NULL, NULL),
(215, 'q215_item', 'Si Récidive à distance, préciser site(s)', NULL, 'A long terme', NULL, NULL, NULL, NULL, NULL, NULL, NULL),
(216, 'q216_item', 'Date de découverte de la récidive à distance', NULL, 'A long terme', NULL, NULL, NULL, NULL, NULL, NULL, NULL),
(217, 'q217_item', 'poumon', NULL, 'Maladie pré thérapeutique', NULL, NULL, NULL, NULL, NULL, NULL, NULL),
(218, 'q218_item', 'foie', NULL, 'Maladie pré thérapeutique', NULL, NULL, NULL, NULL, NULL, NULL, NULL),
(219, 'q219_item', 'péritoine', NULL, 'Maladie pré thérapeutique', NULL, NULL, NULL, NULL, NULL, NULL, NULL),
(220, 'q220_item', 'ovaire', NULL, 'Maladie pré thérapeutique', NULL, NULL, NULL, NULL, NULL, NULL, NULL),
(221, 'q221_item', 'Organes réséqués à distance_Péritoine', 'traitement', 'Traitement', NULL, NULL, NULL, NULL, NULL, NULL, NULL),
(222, 'q222_item', 'Organes réséqués à distance_Ovaire', 'traitement', 'Traitement', NULL, NULL, NULL, NULL, NULL, NULL, NULL),
(223, 'q223_item', 'Pleuro-pulmonaire', NULL, 'Morbi-mortalité', NULL, NULL, NULL, NULL, NULL, NULL, NULL),
(224, 'q224_item', 'Cardiaque', NULL, 'Morbi-mortalité', NULL, NULL, NULL, NULL, NULL, NULL, NULL),
(225, 'q225_item', 'Thrombo embolique', NULL, 'Morbi-mortalité', NULL, NULL, NULL, NULL, NULL, NULL, NULL),
(226, 'q226_item', 'Bague à chaton', NULL, 'Histologie de la pièce opérato', NULL, NULL, NULL, NULL, NULL, NULL, NULL),
(227, 'q227_item', 'Embols vasculaires', NULL, 'Histologie de la pièce opérato', NULL, NULL, NULL, NULL, NULL, NULL, NULL),
(228, 'q228_item', 'Engainement périnervreux', NULL, 'Histologie de la pièce opérato', NULL, NULL, NULL, NULL, NULL, NULL, NULL),
(229, 'q229_item', 'Délai entre chirurgie et la récidive à distance', NULL, 'A long terme', NULL, NULL, NULL, NULL, NULL, NULL, NULL),
(230, 'q230_item', 'Geste interventionnel endoscopique et/ou radiologique dans les 90 jours postopératoires', NULL, 'Morbi-mortalité', NULL, NULL, NULL, NULL, NULL, NULL, NULL),
(231, 'q231_item', 'Score de Clavien maximal dans les 90 jours postopératoires', NULL, 'Morbi-mortalité', NULL, NULL, NULL, NULL, NULL, NULL, NULL),
(232, 'q232_item', 'Organe réséqué locale Plèvre', NULL, 'Traitement', NULL, NULL, NULL, NULL, NULL, NULL, NULL),
(233, 'q233_item', 'Organe réséqué locale Pericarde', NULL, 'Traitement', NULL, NULL, NULL, NULL, NULL, NULL, NULL),
(234, 'q234_item', 'Organe réséqué locale  Diaphragme', NULL, 'Traitement', NULL, NULL, NULL, NULL, NULL, NULL, NULL),
(235, 'q235_item', 'Organe réséqué locale Colon', NULL, 'Traitement', NULL, NULL, NULL, NULL, NULL, NULL, NULL),
(236, 'q236_item', 'Organe réséqué locale Mésocolon', NULL, 'Traitement', NULL, NULL, NULL, NULL, NULL, NULL, NULL),
(237, 'q237_item', 'Organe réséqué locale Pancréas', NULL, 'Traitement', NULL, NULL, NULL, NULL, NULL, NULL, NULL),
(238, 'q238_item', 'Organe réséqué locale Rate', NULL, 'Traitement', NULL, NULL, NULL, NULL, NULL, NULL, NULL),
(239, 'q239_item', 'Organe réséqué locale Vésicule bilaire', NULL, 'Traitement', NULL, NULL, NULL, NULL, NULL, NULL, NULL),
(240, 'q240_item', 'Organe réséqué locale Foie', NULL, 'Traitement', NULL, NULL, NULL, NULL, NULL, NULL, NULL),
(241, 'q241_item', 'Foie distance traitement', NULL, 'Traitement', NULL, NULL, NULL, NULL, NULL, NULL, NULL),
(242, 'q242_item', 'Curage abdominal', NULL, 'Traitement', NULL, NULL, NULL, NULL, NULL, NULL, NULL),
(243, 'q243_item', 'Curage thoracique', NULL, 'Traitement', NULL, NULL, NULL, NULL, NULL, NULL, NULL),
(244, 'q244_item', 'Curage cervical', NULL, 'Traitement', NULL, NULL, NULL, NULL, NULL, NULL, NULL),
(245, 'q245_item', 'Fundus', NULL, 'Maladie pré thérapeutique', NULL, NULL, NULL, NULL, NULL, NULL, NULL),
(246, 'q246_item', 'Corps', NULL, 'Maladie pré thérapeutique', NULL, NULL, NULL, NULL, NULL, NULL, NULL),
(247, 'q247_item', 'Petit courbure', NULL, 'Maladie pré thérapeutique', NULL, NULL, NULL, NULL, NULL, NULL, NULL),
(248, 'q248_item', 'Grand courbure', NULL, 'Maladie pré thérapeutique', NULL, NULL, NULL, NULL, NULL, NULL, NULL),
(249, 'q249_item', 'Antre', NULL, 'Maladie pré thérapeutique', NULL, NULL, NULL, NULL, NULL, NULL, NULL),
(250, 'q250_item', 'Pylore', NULL, 'Maladie pré thérapeutique', NULL, NULL, NULL, NULL, NULL, NULL, NULL),
(251, 'q251_item', 'Appendice', NULL, 'Maladie pré thérapeutique', NULL, NULL, NULL, NULL, NULL, NULL, NULL),
(252, 'q252_item', 'Colon droit', NULL, 'Maladie pré thérapeutique', NULL, NULL, NULL, NULL, NULL, NULL, NULL),
(253, 'q253_item', 'Colon transverse', NULL, 'Maladie pré thérapeutique', NULL, NULL, NULL, NULL, NULL, NULL, NULL),
(254, 'q254_item', 'Colon descendant', NULL, 'Maladie pré thérapeutique', NULL, NULL, NULL, NULL, NULL, NULL, NULL),
(255, 'q255_item', 'Sigmoide', NULL, 'Maladie pré thérapeutique', NULL, NULL, NULL, NULL, NULL, NULL, NULL),
(256, 'q256_item', 'Organe réséqué locale paroi', NULL, 'Traitement', NULL, NULL, NULL, NULL, NULL, NULL, NULL),
(257, 'q257_item', 'Organe réséqué locale Urinaire', NULL, 'Traitement', NULL, NULL, NULL, NULL, NULL, NULL, NULL),
(258, 'q258_item', 'Organe réséqué locale Utérus', NULL, 'Traitement', NULL, NULL, NULL, NULL, NULL, NULL, NULL),
(259, 'q259_item', 'Organe réséqué locale Ovaire', NULL, 'Traitement', NULL, NULL, NULL, NULL, NULL, NULL, NULL),
(260, 'q260_item', 'Organe réséqué locale Péritoine', NULL, 'Traitement', NULL, NULL, NULL, NULL, NULL, NULL, NULL),
(261, 'q261_item', 'Création d\'anastomose', NULL, 'Traitement', NULL, NULL, NULL, NULL, NULL, NULL, NULL),
(262, 'q262_item', 'Organe réséqué locale Grêle', NULL, 'Traitement', NULL, NULL, NULL, NULL, NULL, NULL, NULL),
(263, 'q263_item', 'Organe réséqué locale Duodénum', NULL, 'Traitement', NULL, NULL, NULL, NULL, NULL, NULL, NULL),
(264, 'q264_item', 'Organe réséqué locale Vaisseaux iliaques', NULL, 'Traitement', NULL, NULL, NULL, NULL, NULL, NULL, NULL),
(265, 'q265_item', 'Organe réséqué locale Vagin', NULL, 'Traitement', NULL, NULL, NULL, NULL, NULL, NULL, NULL),
(266, 'q266_item', 'Réponse morphologique au traitement néo-adjuvant (RECIST)', '', 'Traitement', NULL, NULL, NULL, NULL, NULL, NULL, NULL),
(267, 'q267_item', 'Réponse des marqueurs au traitement néo-adjuvant', NULL, 'Traitement', NULL, NULL, NULL, NULL, NULL, NULL, NULL),
(268, 'q268_item', 'Complications médicales Infectueuse', NULL, 'Morbi-mortalité', NULL, NULL, NULL, NULL, NULL, NULL, NULL),
(269, 'q269_item', 'Reprise chirurgicale intra-hospitalier', NULL, 'Morbi-mortalité', NULL, NULL, NULL, NULL, NULL, NULL, NULL),
(270, 'q270_item', 'Geste interventionnel endoscopique et/ou radiologique intra-hospitalier', NULL, 'Morbi-mortalité', NULL, NULL, NULL, NULL, NULL, NULL, NULL);

-- --------------------------------------------------------

--
-- Structure de la table `medecin`
--

CREATE TABLE `medecin` (
  `id` int(11) NOT NULL,
  `nom` varchar(30) NOT NULL,
  `prenom` varchar(30) NOT NULL,
  `code` varchar(30) NOT NULL,
  `telephone` varchar(20) DEFAULT NULL,
  `mail` varchar(100) DEFAULT NULL,
  `statut` varchar(100) NOT NULL,
  `id_service` int(11) NOT NULL
) ENGINE=InnoDB DEFAULT CHARSET=utf8;

--
-- Déchargement des données de la table `medecin`
--

INSERT INTO `medecin` (`id`, `nom`, `prenom`, `code`, `telephone`, `mail`, `statut`, `id_service`) VALUES
(36, 'RAOUF', 'Mohsin', '', '', '', '', 3),
(37, 'SOUADKA', 'Amine', '', '', '', '', 3),
(38, 'BENKABOU', 'Amine', '', '', '', '', 3),
(39, 'MAJBAR', 'Anas', '', '', '', '', 3),
(40, 'BOUGTAB', 'Abdeslam', '', '', '', '', 3),
(41, 'BELKOUCHI', 'Abdelkader', '', '', '', '', 2),
(42, 'IFRINE', 'Lahssan', '', '', '', '', 2),
(43, 'MALKI', 'Hadj Omar', '', '', '', '', 2),
(44, 'CHEFCHAOUNI', 'Mountassir', '', '', '', '', 2),
(45, 'AHALLAT', 'Mohamed', '', '', '', '', 1),
(46, 'HRORA', 'Abdelmalek', '', '', '', '', 1),
(47, 'RAISS', 'Mohamed', '', '', '', '', 1),
(48, 'SABBAH', 'Farid', '', '', '', '', 1),
(49, 'MAJBAR', 'Anas', '', '', '', '', 1),
(50, 'ELHARROUDI', 'TIJANI', '', '', '', '', 4),
(51, 'ALAOUI', 'Mouna', '', '', '', '', 1),
(52, 'SERJI', 'Badr', '', '', '', '', 4);

-- --------------------------------------------------------

--
-- Structure de la table `organe`
--

CREATE TABLE `organe` (
  `id` int(11) NOT NULL,
  `intitule` varchar(100) NOT NULL,
  `code` varchar(20) DEFAULT NULL
) ENGINE=InnoDB DEFAULT CHARSET=utf8;

--
-- Déchargement des données de la table `organe`
--

INSERT INTO `organe` (`id`, `intitule`, `code`) VALUES
(1, 'Oesophage et Cardia', 'A'),
(2, 'Estomac', 'B'),
(3, 'Pancréas-Voies bilaire', 'C'),
(4, 'Grêle', 'D'),
(5, 'Colon et de l\'Appendice', 'E'),
(6, 'Rectum et de l\'Anus', 'F'),
(7, 'Foie primitif', 'G'),
(8, 'Foie métastasique', 'H');

-- --------------------------------------------------------

--
-- Structure de la table `patient`
--

CREATE TABLE `patient` (
  `id` int(11) NOT NULL,
  `code` varchar(255) DEFAULT NULL,
  `sexe` varchar(10) DEFAULT NULL,
  `age` int(3) DEFAULT NULL,
  `serie` varchar(10) DEFAULT NULL,
  `serieComplete` varchar(100) DEFAULT NULL
) ENGINE=InnoDB DEFAULT CHARSET=utf8;

--
-- Déchargement des données de la table `patient`
--

INSERT INTO `patient` (`id`, `code`, `sexe`, `age`, `serie`, `serieComplete`) VALUES
(84, 'd3ee7f7f-6cd6-4966-a652-8f6e5da2e149', '0', 51, '0002', '1-0002-E'),
(85, '30888b8b-a09d-47d8-90b4-43dcbbee94d1', '0', 34, '0003', '1-0003-E'),
(86, 'fe8552c0-452d-4510-bcab-bb80eb8c890f', '1', 37, '0005', '1-0005-E'),
(87, 'a1bc9b20-b356-4f07-8f15-4014f4b34d0e', '1', 45, '0009', '1-0009-E'),
(88, 'c72c9ff5-b502-4c95-bc37-aaa31590b936', '0', 34, '0010', '1-0010-E'),
(89, '72a3bd0c-c836-44d3-a942-d40d32b697d2', '1', 38, '0018', '1-0018-E'),
(90, '2229716a-e1a4-4020-b80b-3c9de8a959ff', NULL, 0, NULL, NULL),
(91, 'a6a4f794-e868-441e-bfdb-1a4e0c6503e4', '1', 52, '0028', '1-0028-E'),
(92, '948b81d7-a857-4bf5-86b7-73903539f52b', '0', 63, '0020', '1-0020-E'),
(93, '6e433bae-7bd2-47e1-a067-204e5b14524e', '1', 56, '0025', '1-0025-E'),
(94, '5aff5ff0-d1f3-41ce-bf7c-be19c658a645', '1', 51, '0030', '1-0030-E'),
(95, '842ca880-a5c0-4087-930e-2ff72907abb6', '0', 69, '0037', '1-0037-E'),
(96, '1a45a4cf-E869-448d-9ce3-86772bef60be', '0', 66, '0038', '1-0038-E'),
(97, 'fbd58050-da69-4745-b8a2-3b8df4ebc355', '1', 91, '0039', '1-0039-E'),
(98, '2e1401f1-0b14-43c6-aabe-E16ed3b4471d', '0', 63, '0041', '1-0041-E'),
(99, '333e29f3-287a-46bd-999a-73e6b5f523cd', '0', 61, '0047', '1-0047-E'),
(100, 'c21ccb12-53e8-4102-87bc-ba57e045e745', '1', 52, '0049', '1-0049-E'),
(101, '946926de-7bf7-4f0e-938a-990e5fd462d9', '1', 89, '0055', '1-0055-E'),
(102, '76b87d39-deb0-49ca-a12f-71cce8024b62', '1', 49, '0059', '1-0059-E'),
(103, 'a5c9fab4-8775-44cc-972f-3b052db173cb', '0', 65, '0061', '1-0061-E'),
(104, '857adad9-cd3c-475f-8145-4089f8e56262', '1', 50, '0065', '1-0065-E'),
(105, 'dd8282ce-670f-44db-9e15-0b273a8de969', '0', 85, '0072', '1-0072-E'),
(106, '75cb7ece-E769-4feb-ba26-7234bc6e666e', '0', 75, '0073', '1-0073-E');

-- --------------------------------------------------------

--
-- Structure de la table `pj_item`
--

CREATE TABLE `pj_item` (
  `id_pj` int(11) NOT NULL,
  `nom` varchar(250) DEFAULT NULL,
  `type` varchar(50) DEFAULT NULL,
  `contenu` text
) ENGINE=InnoDB DEFAULT CHARSET=utf8;

-- --------------------------------------------------------

--
-- Structure de la table `role`
--

CREATE TABLE `role` (
  `id` int(11) NOT NULL,
  `intitule` varchar(200) DEFAULT NULL
) ENGINE=InnoDB DEFAULT CHARSET=utf8;

--
-- Déchargement des données de la table `role`
--

INSERT INTO `role` (`id`, `intitule`) VALUES
(1, 'admin'),
(2, 'medecin_admin'),
(3, 'medecin'),
(4, 'stratans_arc'),
(5, 'stratans_tec'),
(6, 'resident');

-- --------------------------------------------------------

--
-- Structure de la table `service`
--

CREATE TABLE `service` (
  `id` int(11) NOT NULL,
  `intitule` varchar(255) NOT NULL,
  `code` varchar(255) DEFAULT NULL
) ENGINE=InnoDB DEFAULT CHARSET=utf8;

--
-- Déchargement des données de la table `service`
--

INSERT INTO `service` (`id`, `intitule`, `code`) VALUES
(1, 'Chirurgie C', '4'),
(2, 'Chirurgie A', '3'),
(3, 'INO', '1'),
(4, 'OUJDA', '2');

-- --------------------------------------------------------

--
-- Structure de la table `utilisateur`
--

CREATE TABLE `utilisateur` (
  `id` int(11) NOT NULL,
  `code` varchar(255) DEFAULT NULL,
  `nom_prenom` varchar(250) DEFAULT NULL,
  `nom_utilisateur` varchar(255) DEFAULT NULL,
  `mdp` varchar(255) DEFAULT NULL,
  `localisation_ip` varchar(255) DEFAULT NULL,
  `statut` varchar(50) DEFAULT NULL,
  `mail` varchar(50) DEFAULT NULL,
  `telephone` varchar(20) DEFAULT NULL,
  `date_derniere_cnx` datetime DEFAULT NULL,
  `question_securite` varchar(255) DEFAULT NULL,
  `reponse_question` varchar(255) DEFAULT NULL,
  `token` varchar(255) DEFAULT NULL,
  `id_role` int(11) DEFAULT NULL,
  `id_service` int(11) DEFAULT NULL
) ENGINE=InnoDB DEFAULT CHARSET=utf8;

--
-- Déchargement des données de la table `utilisateur`
--

INSERT INTO `utilisateur` (`id`, `code`, `nom_prenom`, `nom_utilisateur`, `mdp`, `localisation_ip`, `statut`, `mail`, `telephone`, `date_derniere_cnx`, `question_securite`, `reponse_question`, `token`, `id_role`, `id_service`) VALUES
(1, NULL, 'yasmine_taous4', 'yasmine.taous4', '5ea345ab330cf29f81d8de9bf5466f508fe351e1', NULL, NULL, 'yasmine.taous@gmail.com', NULL, NULL, NULL, NULL, NULL, 1, 1),
(2, NULL, 'yasmine_taous2', 'yasmine.taous2', '5ea345ab330cf29f81d8de9bf5466f508fe351e1', NULL, NULL, 'yasmine.taous@gmail.com', NULL, NULL, NULL, NULL, NULL, 6, 1),
(3, NULL, 'yasmine_taous3', 'yasmine.taous3', '5ea345ab330cf29f81d8de9bf5466f508fe351e1', NULL, NULL, 'yasmine.taous@gmail.com', NULL, NULL, NULL, NULL, NULL, 4, 2),
(4, NULL, 'yasmine_taous', 'yasmine.taous4', '5ea345ab330cf29f81d8de9bf5466f508fe351e1', NULL, NULL, 'yasmine.taous@gmail.com', NULL, NULL, NULL, NULL, NULL, 3, 2),
(5, NULL, 'yasmine_taous5', 'yasmine.taous5', '5ea345ab330cf29f81d8de9bf5466f508fe351e1', NULL, NULL, 'yasmine.taous@gmail.com', NULL, NULL, NULL, NULL, NULL, 1, NULL),
(6, NULL, 'medecin test', 'medecin_test', '5ea345ab330cf29f81d8de9bf5466f508fe351e1', NULL, NULL, 'yasmine.taous@gmail.com', NULL, NULL, NULL, NULL, NULL, 3, 1),
(7, NULL, 'medecin test', 'medecin_test', '5ea345ab330cf29f81d8de9bf5466f508fe351e1', NULL, NULL, 'yasmine.taous@gmail.com', NULL, NULL, NULL, NULL, NULL, 3, 3),
(8, NULL, 'medecin ino', 'medecin_ino', 'ebb9046a83699871733341885da33aead8cc37fb', NULL, NULL, 'yasmine.taous@gmail.com', NULL, NULL, NULL, NULL, 'c0c807bd-ec2d-4056-85fc-358ae1bdb2a5', 3, 3),
(9, NULL, 'medecin oujda', 'medecin_oujda', '5ea345ab330cf29f81d8de9bf5466f508fe351e1', NULL, NULL, 'yasmine.taous@gmail.com', NULL, NULL, NULL, NULL, NULL, 3, 4),
(10, NULL, 'medecin CA', 'medecin_ca', '5ea345ab330cf29f81d8de9bf5466f508fe351e1', NULL, NULL, 'yasmine.taous@gmail.com', NULL, NULL, NULL, NULL, NULL, 3, 2),
(11, NULL, 'medecin CC', 'medecin_cc', '5ea345ab330cf29f81d8de9bf5466f508fe351e1', NULL, NULL, 'yasmine.taous@gmail.com', NULL, NULL, NULL, NULL, NULL, 3, 1),
(12, NULL, 'resident ino', 'resident_ino', '5ea345ab330cf29f81d8de9bf5466f508fe351e1', NULL, NULL, 'yasmine.taous@gmail.com', NULL, NULL, NULL, NULL, NULL, 6, 3),
(13, NULL, 'resident oujda', 'resident_oujda', '5ea345ab330cf29f81d8de9bf5466f508fe351e1', NULL, NULL, 'yasmine.taous@gmail.com', NULL, NULL, NULL, NULL, NULL, 6, 4),
(14, NULL, 'resident CA', 'resident_ca', '5ea345ab330cf29f81d8de9bf5466f508fe351e1', NULL, NULL, 'yasmine.taous@gmail.com', NULL, NULL, NULL, NULL, NULL, 6, 2),
(15, NULL, 'resident CC', 'resident_cc', '5ea345ab330cf29f81d8de9bf5466f508fe351e1', NULL, NULL, 'yasmine.taous@gmail.com', NULL, NULL, NULL, NULL, NULL, 6, 1),
(16, NULL, 'stratans arc', 'stratans_arc', '5ea345ab330cf29f81d8de9bf5466f508fe351e1', NULL, NULL, 'yasmine.taous@gmail.com', NULL, NULL, NULL, NULL, NULL, 4, 1),
(17, NULL, 'stratans tec', 'stratans_tec', '5ea345ab330cf29f81d8de9bf5466f508fe351e1', NULL, NULL, 'yasmine.taous@gmail.com', NULL, NULL, NULL, NULL, NULL, 5, 3),
(18, NULL, 'admin test', 'admin_test', '5ea345ab330cf29f81d8de9bf5466f508fe351e1', NULL, NULL, 'yasmine.taous@gmail.com', NULL, NULL, NULL, NULL, NULL, 1, NULL),
(19, NULL, 'dfgdfg_fdsfs', 'dfgdg', '5ea345ab330cf29f81d8de9bf5466f508fe351e1', NULL, NULL, 'dfgdfgf@sdfdsg.com', NULL, NULL, NULL, NULL, NULL, NULL, NULL),
(20, NULL, 'taous_yasmine', 'yasmine', '5ea345ab330cf29f81d8de9bf5466f508fe351e1', NULL, NULL, 'yass.test@gmail.com', NULL, NULL, NULL, NULL, NULL, 4, 1),
(21, NULL, 'taous_yasmine', 'abcdef', '862bffd3a14f343f266de6ae527e300e23798289', NULL, NULL, 'yass.test@gmail.com', NULL, NULL, NULL, NULL, NULL, 4, 2);

--
-- Index pour les tables déchargées
--

--
-- Index pour la table `commentaire`
--
ALTER TABLE `commentaire`
  ADD PRIMARY KEY (`id`),
  ADD KEY `fk_user1` (`emetteur`),
  ADD KEY `fk_user2` (`recepteur`),
  ADD KEY `fk_fi` (`form_item_id`),
  ADD KEY `fk_parent` (`id_parent`);

--
-- Index pour la table `commentaire_reponse`
--
ALTER TABLE `commentaire_reponse`
  ADD PRIMARY KEY (`id`),
  ADD KEY `fk_comment` (`id_commentaire`);

--
-- Index pour la table `formulaire`
--
ALTER TABLE `formulaire`
  ADD PRIMARY KEY (`id`),
  ADD KEY `organeID_fk` (`id_organe`),
  ADD KEY `patientID_fk` (`id_patient`),
  ADD KEY `FK_5pc89wfeo9gx7oqwr39egrk7w` (`id_utilisateur`);

--
-- Index pour la table `formulaire_historique`
--
ALTER TABLE `formulaire_historique`
  ADD PRIMARY KEY (`id`),
  ADD KEY `fk_user` (`id_utilisateur`),
  ADD KEY `fk_form` (`id_formulaire`);

--
-- Index pour la table `formulaire_item`
--
ALTER TABLE `formulaire_item`
  ADD PRIMARY KEY (`id`),
  ADD KEY `itemID_fk` (`id_item`),
  ADD KEY `formID_fk` (`id_formulaire`),
  ADD KEY `pjID_fk` (`id_pj`);

--
-- Index pour la table `item`
--
ALTER TABLE `item`
  ADD PRIMARY KEY (`id`);

--
-- Index pour la table `medecin`
--
ALTER TABLE `medecin`
  ADD PRIMARY KEY (`id`),
  ADD KEY `serviceID_fk` (`id_service`);

--
-- Index pour la table `organe`
--
ALTER TABLE `organe`
  ADD PRIMARY KEY (`id`);

--
-- Index pour la table `patient`
--
ALTER TABLE `patient`
  ADD PRIMARY KEY (`id`);

--
-- Index pour la table `pj_item`
--
ALTER TABLE `pj_item`
  ADD PRIMARY KEY (`id_pj`);

--
-- Index pour la table `role`
--
ALTER TABLE `role`
  ADD PRIMARY KEY (`id`);

--
-- Index pour la table `service`
--
ALTER TABLE `service`
  ADD PRIMARY KEY (`id`);

--
-- Index pour la table `utilisateur`
--
ALTER TABLE `utilisateur`
  ADD PRIMARY KEY (`id`),
  ADD KEY `roleID_fk` (`id_role`),
  ADD KEY `serviceUserID_fk` (`id_service`);

--
-- AUTO_INCREMENT pour les tables déchargées
--

--
-- AUTO_INCREMENT pour la table `commentaire`
--
ALTER TABLE `commentaire`
  MODIFY `id` int(11) NOT NULL AUTO_INCREMENT, AUTO_INCREMENT=12;

--
-- AUTO_INCREMENT pour la table `commentaire_reponse`
--
ALTER TABLE `commentaire_reponse`
  MODIFY `id` int(11) NOT NULL AUTO_INCREMENT, AUTO_INCREMENT=5;

--
-- AUTO_INCREMENT pour la table `formulaire`
--
ALTER TABLE `formulaire`
  MODIFY `id` int(11) NOT NULL AUTO_INCREMENT, AUTO_INCREMENT=24;

--
-- AUTO_INCREMENT pour la table `formulaire_historique`
--
ALTER TABLE `formulaire_historique`
  MODIFY `id` int(11) NOT NULL AUTO_INCREMENT, AUTO_INCREMENT=23;

--
-- AUTO_INCREMENT pour la table `formulaire_item`
--
ALTER TABLE `formulaire_item`
  MODIFY `id` int(11) NOT NULL AUTO_INCREMENT, AUTO_INCREMENT=2578;

--
-- AUTO_INCREMENT pour la table `item`
--
ALTER TABLE `item`
  MODIFY `id` int(11) NOT NULL AUTO_INCREMENT, AUTO_INCREMENT=271;

--
-- AUTO_INCREMENT pour la table `medecin`
--
ALTER TABLE `medecin`
  MODIFY `id` int(11) NOT NULL AUTO_INCREMENT, AUTO_INCREMENT=53;

--
-- AUTO_INCREMENT pour la table `organe`
--
ALTER TABLE `organe`
  MODIFY `id` int(11) NOT NULL AUTO_INCREMENT, AUTO_INCREMENT=9;

--
-- AUTO_INCREMENT pour la table `patient`
--
ALTER TABLE `patient`
  MODIFY `id` int(11) NOT NULL AUTO_INCREMENT, AUTO_INCREMENT=107;

--
-- AUTO_INCREMENT pour la table `pj_item`
--
ALTER TABLE `pj_item`
  MODIFY `id_pj` int(11) NOT NULL AUTO_INCREMENT;

--
-- AUTO_INCREMENT pour la table `role`
--
ALTER TABLE `role`
  MODIFY `id` int(11) NOT NULL AUTO_INCREMENT, AUTO_INCREMENT=7;

--
-- AUTO_INCREMENT pour la table `service`
--
ALTER TABLE `service`
  MODIFY `id` int(11) NOT NULL AUTO_INCREMENT, AUTO_INCREMENT=5;

--
-- AUTO_INCREMENT pour la table `utilisateur`
--
ALTER TABLE `utilisateur`
  MODIFY `id` int(11) NOT NULL AUTO_INCREMENT, AUTO_INCREMENT=22;

--
-- Contraintes pour les tables déchargées
--

--
-- Contraintes pour la table `commentaire`
--
ALTER TABLE `commentaire`
  ADD CONSTRAINT `fk_fi` FOREIGN KEY (`form_item_id`) REFERENCES `formulaire_item` (`id`) ON DELETE CASCADE ON UPDATE CASCADE,
  ADD CONSTRAINT `fk_parent` FOREIGN KEY (`id_parent`) REFERENCES `commentaire` (`id`) ON DELETE CASCADE ON UPDATE CASCADE,
  ADD CONSTRAINT `fk_user1` FOREIGN KEY (`emetteur`) REFERENCES `utilisateur` (`id`) ON DELETE CASCADE ON UPDATE CASCADE,
  ADD CONSTRAINT `fk_user2` FOREIGN KEY (`recepteur`) REFERENCES `utilisateur` (`id`) ON DELETE CASCADE ON UPDATE CASCADE;

--
-- Contraintes pour la table `commentaire_reponse`
--
ALTER TABLE `commentaire_reponse`
  ADD CONSTRAINT `fk_comment` FOREIGN KEY (`id_commentaire`) REFERENCES `commentaire` (`id`) ON DELETE CASCADE ON UPDATE CASCADE;

--
-- Contraintes pour la table `formulaire`
--
ALTER TABLE `formulaire`
  ADD CONSTRAINT `FK_5pc89wfeo9gx7oqwr39egrk7w` FOREIGN KEY (`id_utilisateur`) REFERENCES `utilisateur` (`id`),
  ADD CONSTRAINT `organeID_fk` FOREIGN KEY (`id_organe`) REFERENCES `organe` (`id`) ON DELETE CASCADE ON UPDATE CASCADE,
  ADD CONSTRAINT `patientID_fk` FOREIGN KEY (`id_patient`) REFERENCES `patient` (`id`) ON DELETE CASCADE ON UPDATE CASCADE;

--
-- Contraintes pour la table `formulaire_historique`
--
ALTER TABLE `formulaire_historique`
  ADD CONSTRAINT `fk_form` FOREIGN KEY (`id_formulaire`) REFERENCES `formulaire` (`id`) ON DELETE CASCADE ON UPDATE CASCADE,
  ADD CONSTRAINT `fk_user` FOREIGN KEY (`id_utilisateur`) REFERENCES `utilisateur` (`id`) ON DELETE CASCADE ON UPDATE CASCADE;

--
-- Contraintes pour la table `formulaire_item`
--
ALTER TABLE `formulaire_item`
  ADD CONSTRAINT `formID_fk` FOREIGN KEY (`id_formulaire`) REFERENCES `formulaire` (`id`) ON DELETE CASCADE ON UPDATE CASCADE,
  ADD CONSTRAINT `itemID_fk` FOREIGN KEY (`id_item`) REFERENCES `item` (`id`) ON DELETE CASCADE ON UPDATE CASCADE,
  ADD CONSTRAINT `pjID_fk` FOREIGN KEY (`id_pj`) REFERENCES `pj_item` (`id_pj`) ON DELETE CASCADE ON UPDATE CASCADE;

--
-- Contraintes pour la table `medecin`
--
ALTER TABLE `medecin`
  ADD CONSTRAINT `serviceID_fk` FOREIGN KEY (`id_service`) REFERENCES `service` (`id`) ON DELETE CASCADE ON UPDATE CASCADE;

--
-- Contraintes pour la table `utilisateur`
--
ALTER TABLE `utilisateur`
  ADD CONSTRAINT `roleID_fk` FOREIGN KEY (`id_role`) REFERENCES `role` (`id`) ON DELETE CASCADE ON UPDATE CASCADE,
  ADD CONSTRAINT `serviceUserID_fk` FOREIGN KEY (`id_service`) REFERENCES `service` (`id`) ON DELETE CASCADE ON UPDATE CASCADE;
COMMIT;

/*!40101 SET CHARACTER_SET_CLIENT=@OLD_CHARACTER_SET_CLIENT */;
/*!40101 SET CHARACTER_SET_RESULTS=@OLD_CHARACTER_SET_RESULTS */;
/*!40101 SET COLLATION_CONNECTION=@OLD_COLLATION_CONNECTION */;
