-- phpMyAdmin SQL Dump
-- version 4.8.2
-- https://www.phpmyadmin.net/
--
-- Hôte : 127.0.0.1
-- Généré le :  ven. 19 oct. 2018 à 12:09
-- Version du serveur :  10.1.34-MariaDB
-- Version de PHP :  7.2.7

SET SQL_MODE = "NO_AUTO_VALUE_ON_ZERO";
SET AUTOCOMMIT = 0;
START TRANSACTION;
SET time_zone = "+00:00";


/*!40101 SET @OLD_CHARACTER_SET_CLIENT=@@CHARACTER_SET_CLIENT */;
/*!40101 SET @OLD_CHARACTER_SET_RESULTS=@@CHARACTER_SET_RESULTS */;
/*!40101 SET @OLD_COLLATION_CONNECTION=@@COLLATION_CONNECTION */;
/*!40101 SET NAMES utf8mb4 */;

--
-- Base de données :  `observatory`
--

-- --------------------------------------------------------

--
-- Structure de la table `commentaire`
--

CREATE TABLE `commentaire` (
  `id` int(11) NOT NULL,
  `titre` varchar(255) DEFAULT NULL,
  `content` text,
  `dateComment` datetime DEFAULT NULL,
  `etat` varchar(10) DEFAULT NULL,
  `is_quest` tinyint(1) DEFAULT NULL,
  `is_rep` tinyint(1) DEFAULT NULL,
  `id_parent` int(11) DEFAULT NULL,
  `emetteur` int(11) DEFAULT NULL,
  `recepteur` int(11) DEFAULT NULL,
  `form_item_id` int(11) DEFAULT NULL
) ENGINE=InnoDB DEFAULT CHARSET=utf8;

--
-- Déchargement des données de la table `commentaire`
--

INSERT INTO `commentaire` (`id`, `titre`, `content`, `dateComment`, `etat`, `is_quest`, `is_rep`, `id_parent`, `emetteur`, `recepteur`, `form_item_id`) VALUES
(7, NULL, 'moi le pere vngfg xsfsdd ', '2018-07-06 21:39:30', '1', NULL, NULL, NULL, 8, 8, 5),
(8, NULL, 'test123654', '2018-07-06 21:39:42', '1', NULL, NULL, NULL, 8, 8, 518),
(9, NULL, 'il a un papa sdlkfhsdkjfhksd qsdfkjdsf qsdhkfkdhf sqgdqy eyyrez ezryzuit retreit zrturiote zyiryrztiure zyreziuret rztyeruter zrtyretuiert rziutrezutre zrtieriytrez zriyteriutze', '2018-07-06 23:29:27', '1', 1, NULL, 7, 8, 8, 772),
(10, NULL, 'fdsfds sdfdsf', '2018-07-13 23:37:56', '1', NULL, NULL, NULL, 8, 8, 769),
(11, 'comment 1', 'test titre', '2018-09-23 21:52:29', '1', NULL, NULL, NULL, 8, 8, NULL);

-- --------------------------------------------------------

--
-- Structure de la table `commentaire_reponse`
--

CREATE TABLE `commentaire_reponse` (
  `id` int(11) NOT NULL,
  `content` text,
  `dateResponse` datetime DEFAULT NULL,
  `etat` varchar(10) DEFAULT NULL,
  `id_commentaire` int(11) DEFAULT NULL,
  `dateComment` datetime DEFAULT NULL
) ENGINE=InnoDB DEFAULT CHARSET=utf8;

--
-- Déchargement des données de la table `commentaire_reponse`
--

INSERT INTO `commentaire_reponse` (`id`, `content`, `dateResponse`, `etat`, `id_commentaire`, `dateComment`) VALUES
(1, 'test 123 hdkjsfhkds sdkjfhsdkjfs sdkfhsqkjdf sdjhfkjsdf dsjhfqkjsdg', NULL, NULL, 7, NULL),
(2, '2 hjdsfsd sdhfsdkjf dsfdjfklds dfhskfsd sdfsdkghfdg d', NULL, NULL, 7, NULL),
(3, '4test 123 hdkjsfhkds sdkjfhsdkjfs sdkfhsqkjdf sdjhfkjsdf dsjhfqkjsdg', NULL, NULL, 9, NULL),
(4, '3 hjdsfsd sdhfsdkjf dsfdjfklds dfhskfsd sdfsdkghfdg d', NULL, NULL, 7, NULL);

-- --------------------------------------------------------

--
-- Structure de la table `formulaire`
--

CREATE TABLE `formulaire` (
  `id` int(11) NOT NULL,
  `code_dossier` varchar(255) DEFAULT NULL,
  `etat` varchar(20) DEFAULT NULL,
  `date_creation` datetime DEFAULT NULL,
  `q1_fi` varchar(3) DEFAULT NULL,
  `q2_fi` varchar(3) DEFAULT NULL,
  `q3_fi` varchar(3) DEFAULT NULL,
  `q4_fi` varchar(3) DEFAULT NULL,
  `q5_fi` varchar(3) DEFAULT NULL,
  `q6_fi` varchar(3) DEFAULT NULL,
  `q7_fi` varchar(255) DEFAULT NULL,
  `statutEtapeDescription` varchar(10) DEFAULT NULL,
  `id_organe` int(11) DEFAULT NULL,
  `id_patient` int(11) DEFAULT NULL,
  `medecinIns` varchar(255) DEFAULT NULL
) ENGINE=InnoDB DEFAULT CHARSET=utf8;

--
-- Déchargement des données de la table `formulaire`
--

INSERT INTO `formulaire` (`id`, `code_dossier`, `etat`, `date_creation`, `q1_fi`, `q2_fi`, `q3_fi`, `q4_fi`, `q5_fi`, `q6_fi`, `q7_fi`, `statutEtapeDescription`, `id_organe`, `id_patient`, `medecinIns`) VALUES
(1, '77b5dee2-5c99-420f-93f1-5716f2c0abd3', 'initial', '2018-07-01 14:29:40', '1', '1', '0', '0', '0', '0', NULL, NULL, 5, 33, NULL),
(2, '0aa13f87-b3b3-4d87-b9be-85505c75113b', 'initial', '2018-07-01 14:59:49', '1', '1', '0', '0', '0', '0', NULL, NULL, 5, 34, NULL),
(3, '9f67c7a4-50c6-4428-ba91-a417fc767544', '1', '2018-07-01 20:37:57', '1', '1', '0', '0', '0', '0', NULL, 'ok', 5, 35, NULL),
(4, '2ab9241e-9c38-4b30-94f7-9901907c0857', '2', '2018-07-01 21:17:23', '1', '1', '0', '0', '0', '0', NULL, 'ok', 5, 36, NULL),
(5, 'd95c43ec-4a50-4ef3-8c6b-cf0b3288e64c', '1', '2018-07-01 21:22:05', '1', '1', '0', '0', '0', '0', NULL, 'ok', 2, 37, NULL),
(6, 'b428cdc3-459a-40e8-8d7a-79eaa0050d38', '1', '2018-07-03 21:33:22', '1', '1', '0', '0', '0', '0', NULL, 'ok', 5, 38, NULL),
(7, 'f80d6127-971b-4613-b0cd-0f7a25d7f16c', '1', '2018-07-05 21:46:24', '1', '1', '0', '0', '0', '0', NULL, 'ok', 5, 39, NULL),
(8, 'b40a889f-bb5b-4bdb-9b36-c225a064f97e', '1', '2018-07-12 22:49:28', '1', '1', '0', '0', '0', '0', NULL, 'ok', 3, 40, NULL),
(9, '98edf31e-f993-46c8-a458-c3685f794eab', '3', '2018-07-12 22:50:19', '1', '1', '0', '0', '0', '0', NULL, 'ok', 5, 41, NULL),
(10, 'b61b0085-df13-4f01-ab04-c6dc04eb9450', '1', '2018-07-12 22:55:49', '1', '1', '0', '0', '0', '0', NULL, 'ok', 6, 42, NULL),
(11, 'd1722bdc-5727-4aad-b636-d0cbee3a2fbb', 'initial', '2018-07-12 23:07:41', '1', '1', '0', '0', '0', '0', NULL, NULL, 6, 43, NULL),
(12, '22af95c1-a337-4343-888f-a82fc345ac5b', '1', '2018-07-12 23:45:49', '1', '1', '0', '0', '0', '0', NULL, 'ok', 6, 44, NULL),
(13, '2728fa50-ddcc-45a3-a676-4c702b236203', '5', '2018-07-12 23:50:04', '1', '1', '0', '0', '0', '0', NULL, 'ok', 2, 45, NULL),
(14, 'a17405d0-a1e0-4d98-be9b-906af4640a0b', '1', '2018-07-13 23:04:26', '1', '1', '0', '0', '0', '0', NULL, 'ok', 7, 46, NULL),
(15, '85ad4f8c-f1b0-4461-89ec-4acc9a9a2057', '3', '2018-07-17 22:42:26', '1', '1', '0', '0', '0', '0', NULL, 'ok', 5, 47, NULL),
(16, '8461bd98-01d3-4fb7-b02a-b02cde7f2f4e', '1', '2018-07-19 16:28:22', '1', '1', '0', '0', '0', '0', NULL, 'ok', 8, 48, NULL),
(17, '944ea03c-6c95-4376-87a4-110780582941', '5', '2018-07-19 16:47:47', '1', '1', '0', '0', '0', '0', NULL, 'ok', 4, 49, NULL),
(18, '3bd1820c-bfe0-4d8f-b47c-eb9ce0b202cb', '7', '2018-07-19 17:03:37', '1', '1', '0', '0', '0', '0', NULL, 'ok', 1, 50, NULL),
(19, '569a6926-64e4-4ec5-b5b5-2b69e872e78b', '1', '2018-07-19 19:13:01', '1', '1', '0', '0', '0', '0', NULL, 'ok', 5, 51, NULL),
(20, '964942cd-1236-485c-a28e-ddac4b3a5937', '6', '2018-07-22 19:05:40', '1', '1', '0', '0', '0', '0', NULL, 'ok', 5, 52, NULL),
(21, 'ecf986c4-924f-418f-b432-fbc39c59d6c0', '5', '2018-07-29 21:57:05', '1', '1', '0', '0', '0', '0', NULL, 'ok', 1, 53, NULL),
(22, 'f6860187-6183-4ebc-9052-00d36722c658', '3', '2018-07-29 22:00:27', '1', '1', '0', '0', '0', '0', NULL, 'ok', 5, 54, NULL),
(23, '9eee09f0-6ba5-46df-9de8-3275da8047a1', '1', '2018-08-02 00:17:12', '1', '1', '0', '0', '0', '0', NULL, 'ok', 3, 55, NULL),
(24, 'd769a12d-1460-4617-ab35-b814108826a5', 'initial', '2018-08-02 00:19:43', '1', '1', '0', '0', '0', '0', NULL, NULL, 3, 56, NULL),
(25, '14b0ae3f-faa8-4dc6-ab14-2799900eb2d1', '1', '2018-08-02 00:27:23', '1', '1', '0', '0', '0', '0', NULL, 'ok', 3, 57, NULL),
(26, 'c9a1194c-f8ba-4db2-a6e6-b104b07ccdcd', '5', '2018-08-02 00:34:25', '1', '1', '0', '0', '0', '0', NULL, 'ok', 3, 58, NULL),
(27, 'b761ff33-0e57-411f-b16a-5d10c4c47ebd', '1', '2018-08-02 00:35:30', '1', '1', '0', '0', '0', '0', NULL, 'ok', 3, 59, NULL),
(28, '1d47d3e9-57c1-4c42-9067-ad8cbf0548dd', '1', '2018-08-02 00:36:07', '1', '1', '0', '0', '0', '0', NULL, 'ok', 3, 60, NULL),
(29, 'ebf14ee8-ab94-45df-8b2d-c26e1f1cbe91', '1', '2018-08-02 00:38:04', '1', '1', '0', '0', '0', '0', NULL, 'ok', 3, 61, NULL),
(30, '06addad0-f201-4b95-bb3b-fbc1224723d9', 'initial', '2018-08-02 12:45:06', '1', '1', '0', '0', '0', '0', NULL, NULL, 6, 62, NULL),
(31, '19a47757-d09b-4737-ad98-e668a30131ce', '1', '2018-08-02 12:45:58', '1', '1', '0', '0', '0', '0', NULL, 'ok', 6, 63, NULL),
(32, '743d5b08-7472-4652-9cec-261144ca65ed', '3', '2018-08-02 12:47:07', '1', '1', '0', '0', '0', '0', NULL, 'ok', 6, 64, NULL),
(33, '19d52275-2a08-49c2-8668-61a84dd39868', '1', '2018-08-02 13:01:50', '1', '1', '0', '0', '0', '0', NULL, 'ok', 1, 65, NULL),
(34, 'bbca75b5-d406-4892-a038-b4c01d84e30f', '1', '2018-08-02 13:02:15', '1', '1', '0', '0', '0', '0', NULL, 'ok', 2, 66, NULL),
(35, '62423baa-cc0e-445f-a8fa-1905d7e271a6', '2', '2018-08-05 23:45:58', '1', '1', '0', '0', '0', '0', NULL, 'ok', 6, 67, NULL),
(36, '9e8533b4-59d6-4e28-b2a1-7628291e34ae', '6', '2018-08-05 23:47:16', '1', '1', '0', '0', '0', '0', NULL, 'ok', 6, 68, NULL),
(37, 'cd1b1608-8c1c-4905-832d-d37a754ffe5d', '5', '2018-08-08 01:07:44', '1', '1', '0', '0', '0', '0', NULL, 'ok', 6, 69, NULL),
(38, '6bce24b8-81ea-4b1f-a07f-1c5fdcb65ed5', '1', '2018-08-08 21:52:47', '1', '1', '0', '0', '0', '0', NULL, 'ok', 1, 70, NULL),
(39, '1cd671e7-87ae-4444-ba8b-b76b3452a4c5', 'initial', '2018-08-09 10:02:34', '1', '1', '0', '0', '0', '0', NULL, NULL, 6, 71, NULL),
(40, 'c287ea8f-6caf-4b2b-a95d-be2362ad1565', '7', '2018-08-09 10:03:20', '1', '1', '0', '0', '0', '0', NULL, 'ok', 6, 72, NULL),
(41, '193d8ed3-5e52-4117-bd0f-f1bcd7272364', '7', '2018-08-13 00:14:38', '1', '1', '0', '0', '0', '0', NULL, 'ok', 6, 73, NULL),
(42, '75e29eaf-6017-435e-bea8-adec4ab82d94', '1', '2018-08-13 11:09:10', '1', '1', '0', '0', '0', '0', NULL, 'ok', 5, 74, NULL),
(43, 'f4a429f0-d825-4965-b915-ce475425e962', '1', '2018-08-30 19:47:46', '1', '1', '0', '0', '0', '0', NULL, 'ok', 2, 75, NULL),
(44, '71a5eb9e-893f-4c89-8b4b-65cecfa47d72', 'initial', '2018-10-02 12:09:27', '1', '1', '0', '0', '0', '0', NULL, NULL, 6, 77, 'anas'),
(45, 'c1f6e341-aae9-42be-9866-39e0668a3258', 'initial', '2018-10-02 12:09:27', '1', '1', '0', '0', '0', '0', NULL, NULL, 6, 76, 'anas'),
(46, '2ed2dfbc-e32a-4603-b0c7-07cebe3be800', 'initial', '2018-10-02 12:10:29', '1', '1', '0', '0', '0', '0', NULL, NULL, 6, 78, 'test12'),
(47, '3ab21778-c1e7-4cca-ba88-816f5b246374', 'initial', '2018-10-02 12:13:52', '1', '1', '0', '0', '0', '0', NULL, NULL, 1, 79, 'test147'),
(48, 'adfe2844-8f33-4f2d-b9d7-d91b1f438e3e', '2', '2018-10-15 16:12:45', '1', '1', '0', '0', '0', '0', NULL, 'ok', 2, 80, NULL),
(49, 'b0679e34-ea18-4dab-8208-38fbf91d8004', '4', '2018-10-19 10:57:23', '1', '1', '0', '0', '0', '0', NULL, 'ok', 5, 81, NULL),
(50, '7440eea8-0e1f-4111-abfa-ee229db0b266', '4', '2018-10-19 11:00:50', '1', '1', '0', '0', '0', '0', NULL, 'ok', 5, 82, NULL),
(51, '77bf87fc-84a8-4ce9-b059-171666fe2d89', '4', '2018-10-19 11:02:02', '1', '1', '0', '0', '0', '0', NULL, 'ok', 5, 83, NULL);

-- --------------------------------------------------------

--
-- Structure de la table `formulaire_historique`
--

CREATE TABLE `formulaire_historique` (
  `id` int(11) NOT NULL,
  `operation` varchar(200) DEFAULT NULL,
  `etape` varchar(10) DEFAULT NULL,
  `date_modification` datetime DEFAULT NULL,
  `id_utilisateur` int(11) DEFAULT NULL,
  `id_formulaire` int(11) DEFAULT NULL
) ENGINE=InnoDB DEFAULT CHARSET=utf8;

--
-- Déchargement des données de la table `formulaire_historique`
--

INSERT INTO `formulaire_historique` (`id`, `operation`, `etape`, `date_modification`, `id_utilisateur`, `id_formulaire`) VALUES
(1, 'creation', '1', '2018-07-03 21:33:22', 8, 6),
(2, 'creation', '1', '2018-07-05 21:46:24', 8, 7),
(3, 'creation', '1', '2018-07-12 22:49:28', 8, 8),
(4, 'creation', '1', '2018-07-12 22:50:19', 8, 9),
(5, 'creation', '1', '2018-07-12 22:55:49', 8, 10),
(6, 'creation', '1', '2018-07-12 23:07:41', 8, 11),
(7, 'creation', '1', '2018-07-12 23:45:49', 8, 12),
(8, 'creation', '1', '2018-07-12 23:50:04', 8, 13),
(9, 'creation', '1', '2018-07-13 23:04:26', 8, 14),
(10, 'creation', '1', '2018-07-17 22:42:26', 8, 15),
(11, 'creation', '1', '2018-07-19 16:28:22', 8, 16),
(12, 'creation', '1', '2018-07-19 16:47:47', 8, 17),
(13, 'creation', '1', '2018-07-19 17:03:37', 8, 18),
(14, 'creation', '1', '2018-07-19 19:13:01', 8, 19),
(15, 'creation', '1', '2018-07-22 19:05:40', 8, 20),
(16, 'creation', '1', '2018-07-29 21:57:05', 1, 21),
(17, 'creation', '1', '2018-07-29 22:00:27', 1, 22),
(18, 'creation', '1', '2018-08-02 00:17:12', 1, 23),
(19, 'creation', '1', '2018-08-02 00:19:43', 1, 24),
(20, 'creation', '1', '2018-08-02 00:27:23', 1, 25),
(21, 'creation', '1', '2018-08-02 00:34:25', 8, 26),
(22, 'creation', '1', '2018-08-02 00:35:30', 1, 27),
(23, 'creation', '1', '2018-08-02 00:36:07', 1, 28),
(24, 'creation', '1', '2018-08-02 00:38:04', 1, 29),
(25, 'creation', '1', '2018-08-02 12:45:06', 8, 30),
(26, 'creation', '1', '2018-08-02 12:45:58', 1, 31),
(27, 'creation', '1', '2018-08-02 12:47:07', 1, 32),
(28, 'creation', '1', '2018-08-02 13:01:50', 1, 33),
(29, 'creation', '1', '2018-08-02 13:02:15', 1, 34),
(30, 'creation', '1', '2018-08-05 23:45:58', 8, 35),
(31, 'creation', '1', '2018-08-05 23:47:16', 1, 36),
(32, 'creation', '1', '2018-08-08 01:07:44', 1, 37),
(33, 'creation', '1', '2018-08-08 21:52:47', 1, 38),
(34, 'creation', '1', '2018-08-09 10:02:34', 8, 39),
(35, 'creation', '1', '2018-08-09 10:03:20', 8, 40),
(36, 'creation', '1', '2018-08-13 00:14:38', 8, 41),
(37, 'creation', '1', '2018-08-13 11:09:10', 8, 42),
(38, 'creation', '1', '2018-08-30 19:47:46', 8, 43),
(39, 'creation', '1', '2018-10-02 12:09:27', 8, 45),
(40, 'creation', '1', '2018-10-02 12:09:27', 8, 44),
(41, 'creation', '1', '2018-10-02 12:10:29', 8, 46),
(42, 'creation', '1', '2018-10-02 12:13:52', 8, 47),
(43, 'creation', '1', '2018-10-15 16:12:45', 8, 48),
(44, 'creation', '1', '2018-10-19 10:57:23', 8, 49),
(45, 'creation', '1', '2018-10-19 11:00:50', 8, 50),
(46, 'creation', '1', '2018-10-19 11:02:02', 8, 51);

-- --------------------------------------------------------

--
-- Structure de la table `formulaire_item`
--

CREATE TABLE `formulaire_item` (
  `id` int(11) NOT NULL,
  `date` datetime DEFAULT NULL,
  `valeur_item` varchar(255) DEFAULT NULL,
  `etape` varchar(10) DEFAULT NULL,
  `statut` varchar(50) DEFAULT NULL,
  `id_formulaire` int(11) DEFAULT NULL,
  `id_item` int(11) DEFAULT NULL,
  `id_pj` int(11) DEFAULT NULL
) ENGINE=InnoDB DEFAULT CHARSET=utf8;

--
-- Déchargement des données de la table `formulaire_item`
--

INSERT INTO `formulaire_item` (`id`, `date`, `valeur_item`, `etape`, `statut`, `id_formulaire`, `id_item`, `id_pj`) VALUES
(1, '2018-07-01 23:57:14', '', '2', '', 4, 1, NULL),
(2, '2018-07-01 23:57:14', '', '2', '', 4, 2, NULL),
(3, '2018-07-01 23:57:14', '', '2', '', 4, 3, NULL),
(4, '2018-07-01 23:57:14', '', '2', '', 4, 4, NULL),
(5, '2018-07-01 23:57:14', '', '2', '', 4, 5, NULL),
(6, '2018-07-01 23:57:14', '', '2', '', 4, 9, NULL),
(7, '2018-07-01 23:57:14', '', '2', '', 4, 10, NULL),
(8, '2018-07-01 23:57:14', '', '2', '', 4, 11, NULL),
(9, '2018-07-01 23:57:14', '', '2', '', 4, 12, NULL),
(10, '2018-07-01 23:57:14', '', '2', '', 4, 13, NULL),
(11, '2018-07-01 23:57:14', '', '2', '', 4, 14, NULL),
(12, '2018-07-01 23:57:14', '', '2', '', 4, 15, NULL),
(13, '2018-07-01 23:57:14', '', '2', '', 4, 16, NULL),
(14, '2018-07-01 23:57:14', '', '2', '', 4, 20, NULL),
(15, '2018-07-12 22:51:03', '', '2', 'ko', 9, 1, NULL),
(16, '2018-07-12 22:51:03', '', '2', 'ko', 9, 2, NULL),
(17, '2018-07-12 22:51:03', '', '2', 'ko', 9, 3, NULL),
(18, '2018-07-12 22:51:03', '', '2', 'ko', 9, 4, NULL),
(19, '2018-07-12 22:51:03', '', '2', 'ko', 9, 5, NULL),
(20, '2018-07-12 22:51:03', '2', '2', 'ko', 9, 9, NULL),
(21, '2018-07-12 22:51:03', '', '2', 'ko', 9, 10, NULL),
(22, '2018-07-12 22:51:03', '', '2', 'ko', 9, 11, NULL),
(23, '2018-07-12 22:51:03', '', '2', 'ko', 9, 12, NULL),
(24, '2018-07-12 22:51:03', '', '2', 'ko', 9, 13, NULL),
(25, '2018-07-12 22:51:03', '', '2', 'ko', 9, 14, NULL),
(26, '2018-07-12 22:51:03', '', '2', 'ko', 9, 15, NULL),
(27, '2018-07-12 22:51:03', '', '2', 'ko', 9, 16, NULL),
(28, '2018-07-12 22:51:03', '', '2', 'ko', 9, 20, NULL),
(29, '2018-07-13 00:01:59', '', '3', 'ko', 13, 26, NULL),
(30, '2018-07-13 00:01:59', '', '3', 'ko', 13, 27, NULL),
(31, '2018-07-13 00:01:59', '', '3', 'ko', 13, 29, NULL),
(32, '2018-07-13 00:01:59', '', '3', 'ko', 13, 30, NULL),
(33, '2018-07-13 00:01:59', '', '3', 'ko', 13, 31, NULL),
(34, '2018-07-13 00:01:59', '', '3', 'ko', 13, 32, NULL),
(35, '2018-07-13 00:01:59', '', '3', 'ko', 13, 33, NULL),
(36, '2018-07-13 00:01:59', '', '3', 'ko', 13, 34, 1),
(37, '2018-07-13 00:01:59', '', '3', 'ko', 13, 35, NULL),
(38, '2018-07-13 00:01:59', '', '3', 'ko', 13, 45, NULL),
(39, '2018-07-13 00:01:59', '', '3', 'ko', 13, 47, NULL),
(40, '2018-07-13 00:01:59', '', '3', 'ko', 13, 48, NULL),
(41, '2018-07-13 00:01:59', '', '3', 'ko', 13, 245, 2),
(42, '2018-07-13 00:01:59', '', '3', 'ko', 13, 246, NULL),
(43, '2018-07-13 00:01:59', '', '3', 'ko', 13, 247, NULL),
(44, '2018-07-13 00:01:59', '', '3', 'ko', 13, 248, NULL),
(45, '2018-07-13 00:01:59', '', '3', 'ko', 13, 249, NULL),
(46, '2018-07-13 00:01:59', '', '3', 'ko', 13, 250, NULL),
(47, '2018-07-13 00:01:59', '', '3', 'ko', 13, 67, NULL),
(48, '2018-07-13 00:01:59', '', '3', 'ko', 13, 68, NULL),
(49, '2018-07-13 00:01:59', '', '3', 'ko', 13, 69, NULL),
(50, '2018-07-13 00:01:59', '', '3', 'ko', 13, 217, NULL),
(51, '2018-07-13 00:01:59', '', '3', 'ko', 13, 218, NULL),
(52, '2018-07-13 00:01:59', '', '3', 'ko', 13, 219, NULL),
(53, '2018-07-13 00:01:59', '', '3', 'ko', 13, 220, NULL),
(54, '2018-07-14 00:30:19', '', '3', 'ko', 9, 26, NULL),
(55, '2018-07-14 00:30:19', '', '3', 'ko', 9, 27, NULL),
(56, '2018-07-14 00:30:19', '', '3', 'ko', 9, 29, NULL),
(57, '2018-07-14 00:30:19', '', '3', 'ko', 9, 30, NULL),
(58, '2018-07-14 00:30:19', '', '3', 'ko', 9, 31, NULL),
(59, '2018-07-14 00:30:19', '', '3', 'ko', 9, 32, NULL),
(60, '2018-07-14 00:30:19', '', '3', 'ko', 9, 33, NULL),
(61, '2018-07-14 00:30:19', '', '3', 'ko', 9, 34, NULL),
(62, '2018-07-14 00:30:19', '', '3', 'ko', 9, 35, NULL),
(63, '2018-07-14 00:30:19', '', '3', 'ko', 9, 43, NULL),
(64, '2018-07-14 00:30:19', '', '3', 'ko', 9, 48, NULL),
(65, '2018-07-14 00:30:19', '', '3', 'ko', 9, 251, NULL),
(66, '2018-07-14 00:30:19', '', '3', 'ko', 9, 252, NULL),
(67, '2018-07-14 00:30:19', '', '3', 'ko', 9, 253, NULL),
(68, '2018-07-14 00:30:19', '', '3', 'ko', 9, 254, NULL),
(69, '2018-07-14 00:30:19', '', '3', 'ko', 9, 255, NULL),
(70, '2018-07-14 00:30:19', '', '3', 'ko', 9, 58, NULL),
(71, '2018-07-14 00:30:19', '', '3', 'ko', 9, 67, NULL),
(72, '2018-07-14 00:30:19', '', '3', 'ko', 9, 68, NULL),
(73, '2018-07-14 00:30:19', '', '3', 'ko', 9, 69, NULL),
(74, '2018-07-14 00:30:19', '', '3', 'ko', 9, 217, NULL),
(75, '2018-07-14 00:30:19', '', '3', 'ko', 9, 218, NULL),
(76, '2018-07-14 00:30:19', '', '3', 'ko', 9, 219, NULL),
(77, '2018-07-14 00:30:19', '', '3', 'ko', 9, 220, NULL),
(78, '2018-07-19 17:26:54', '', '3', 'ko', 15, 26, 3),
(79, '2018-07-19 17:26:54', '', '3', 'ko', 15, 27, NULL),
(80, '2018-07-19 17:26:54', '', '3', 'ko', 15, 29, NULL),
(81, '2018-07-19 17:26:54', '', '3', 'ko', 15, 30, NULL),
(82, '2018-07-19 17:26:54', '', '3', 'ko', 15, 31, NULL),
(83, '2018-07-19 17:26:54', '', '3', 'ko', 15, 32, NULL),
(84, '2018-07-19 17:26:54', '', '3', 'ko', 15, 33, NULL),
(85, '2018-07-19 17:26:54', '', '3', 'ko', 15, 34, NULL),
(86, '2018-07-19 17:26:54', '', '3', 'ko', 15, 35, NULL),
(87, '2018-07-19 17:26:54', '', '3', 'ko', 15, 43, NULL),
(88, '2018-07-19 17:26:54', '', '3', 'ko', 15, 48, NULL),
(89, '2018-07-19 17:26:54', '', '3', 'ko', 15, 251, NULL),
(90, '2018-07-19 17:26:54', '', '3', 'ko', 15, 252, NULL),
(91, '2018-07-19 17:26:54', '', '3', 'ko', 15, 253, NULL),
(92, '2018-07-19 17:26:54', '', '3', 'ko', 15, 254, NULL),
(93, '2018-07-19 17:26:54', '', '3', 'ko', 15, 255, NULL),
(94, '2018-07-19 17:26:54', '', '3', 'ko', 15, 58, NULL),
(95, '2018-07-19 17:26:54', '', '3', 'ko', 15, 67, NULL),
(96, '2018-07-19 17:26:54', '', '3', 'ko', 15, 68, NULL),
(97, '2018-07-19 17:26:54', '', '3', 'ko', 15, 69, NULL),
(98, '2018-07-19 17:26:54', '', '3', 'ko', 15, 217, NULL),
(99, '2018-07-19 17:26:54', '', '3', 'ko', 15, 218, NULL),
(100, '2018-07-19 17:26:54', '', '3', 'ko', 15, 219, NULL),
(101, '2018-07-19 17:26:54', '', '3', 'ko', 15, 220, NULL),
(102, '2018-07-22 23:01:21', '1', '2', 'ok', 20, 1, NULL),
(103, '2018-07-22 23:01:21', '0', '2', 'ok', 20, 2, NULL),
(104, '2018-07-22 23:01:21', '999', '2', 'ok', 20, 3, NULL),
(105, '2018-07-22 23:01:21', '0', '2', 'ok', 20, 4, NULL),
(106, '2018-07-22 23:01:21', '1', '2', 'ok', 20, 5, NULL),
(107, '2018-07-22 23:01:21', '2', '2', 'ok', 20, 9, NULL),
(108, '2018-07-22 23:01:21', '1', '2', 'ok', 20, 10, NULL),
(109, '2018-07-22 23:01:21', '20', '2', 'ok', 20, 11, NULL),
(110, '2018-07-22 23:01:21', '2', '2', 'ok', 20, 12, NULL),
(111, '2018-07-22 23:01:21', '5.00', '2', 'ok', 20, 13, NULL),
(112, '2018-07-22 23:01:21', '999', '2', 'ok', 20, 14, NULL),
(113, '2018-07-22 23:01:21', '999', '2', 'ok', 20, 15, NULL),
(114, '2018-07-22 23:01:21', '20', '2', 'ok', 20, 16, NULL),
(115, '2018-07-22 23:01:21', '5', '2', 'ok', 20, 20, NULL),
(116, '2018-07-22 23:45:47', '30', '3', 'ok', 20, 26, NULL),
(117, '2018-07-22 23:45:47', '20', '3', 'ok', 20, 27, NULL),
(118, '2018-07-22 23:45:47', '0', '3', 'ok', 20, 29, NULL),
(119, '2018-07-22 23:45:47', '', '3', 'ok', 20, 30, NULL),
(120, '2018-07-22 23:45:47', '', '3', 'ok', 20, 31, NULL),
(121, '2018-07-22 23:45:47', '', '3', 'ok', 20, 32, NULL),
(122, '2018-07-22 23:45:47', '', '3', 'ok', 20, 33, NULL),
(123, '2018-07-22 23:45:47', '0', '3', 'ok', 20, 34, NULL),
(124, '2018-07-22 23:45:47', '1', '3', 'ok', 20, 35, NULL),
(125, '2018-07-22 23:45:47', '0', '3', 'ok', 20, 43, NULL),
(126, '2018-07-22 23:45:47', '1', '3', 'ok', 20, 48, NULL),
(127, '2018-07-22 23:45:47', '1', '3', 'ok', 20, 251, NULL),
(128, '2018-07-22 23:45:47', '0', '3', 'ok', 20, 252, NULL),
(129, '2018-07-22 23:45:47', '999', '3', 'ok', 20, 253, NULL),
(130, '2018-07-22 23:45:47', '0', '3', 'ok', 20, 254, NULL),
(131, '2018-07-22 23:45:47', '1', '3', 'ok', 20, 255, NULL),
(132, '2018-07-22 23:45:47', '0', '3', 'ok', 20, 58, NULL),
(133, '2018-07-22 23:45:47', '1', '3', 'ok', 20, 67, NULL),
(134, '2018-07-22 23:45:47', '1', '3', 'ok', 20, 68, NULL),
(135, '2018-07-22 23:45:47', '0', '3', 'ok', 20, 69, NULL),
(136, '2018-07-22 23:45:47', '1', '3', 'ok', 20, 217, NULL),
(137, '2018-07-22 23:45:47', '0', '3', 'ok', 20, 218, NULL),
(138, '2018-07-22 23:45:47', '999', '3', 'ok', 20, 219, NULL),
(139, '2018-07-22 23:45:47', '0', '3', 'ok', 20, 220, NULL),
(140, '2018-07-29 21:08:24', '09/09/9999', '4', 'ko', 20, 72, NULL),
(141, '2018-07-29 21:08:24', '05/08/2018', '4', 'ko', 20, 73, NULL),
(142, '2018-07-29 21:08:24', '0', '4', 'ko', 20, 74, NULL),
(143, '2018-07-29 21:08:24', '0', '4', 'ko', 20, 75, NULL),
(144, '2018-07-29 21:08:24', '0', '4', 'ko', 20, 76, NULL),
(145, '2018-07-29 21:08:24', '09/09/9999', '4', 'ko', 20, 78, NULL),
(146, '2018-07-29 21:08:24', '09/09/9999', '4', 'ko', 20, 79, NULL),
(147, '2018-07-29 21:08:24', '', '4', 'ko', 20, 83, NULL),
(148, '2018-07-29 21:08:24', '', '4', 'ko', 20, 84, NULL),
(149, '2018-07-29 21:08:24', '', '4', 'ko', 20, 85, NULL),
(150, '2018-07-29 21:08:24', '0', '4', 'ko', 20, 86, NULL),
(151, '2018-07-29 21:08:24', '', '4', 'ko', 20, 87, NULL),
(152, '2018-07-29 21:08:24', '', '4', 'ko', 20, 88, NULL),
(153, '2018-07-29 21:08:24', '', '4', 'ko', 20, 89, NULL),
(154, '2018-07-29 21:08:24', '0', '4', 'ko', 20, 96, NULL),
(155, '2018-07-29 21:08:24', '1', '4', 'ko', 20, 99, NULL),
(156, '2018-07-29 21:08:24', '0', '4', 'ko', 20, 100, NULL),
(157, '2018-07-29 21:08:24', '0', '4', 'ko', 20, 261, NULL),
(158, '2018-07-29 21:08:24', '0', '4', 'ko', 20, 108, NULL),
(159, '2018-07-29 21:08:24', '2', '4', 'ko', 20, 135, NULL),
(160, '2018-07-29 21:08:24', '2', '4', 'ko', 20, 262, NULL),
(161, '2018-07-29 21:08:24', '2', '4', 'ko', 20, 256, NULL),
(162, '2018-07-29 21:08:24', '2', '4', 'ko', 20, 263, NULL),
(163, '2018-07-29 21:08:24', '2', '4', 'ko', 20, 143, NULL),
(164, '2018-07-29 21:08:24', '2', '4', 'ko', 20, 238, NULL),
(165, '2018-07-29 21:08:24', '2', '4', 'ko', 20, 237, NULL),
(166, '2018-07-29 21:08:24', '2', '4', 'ko', 20, 257, NULL),
(167, '2018-07-29 21:08:24', '2', '4', 'ko', 20, 258, NULL),
(168, '2018-07-29 21:08:24', '2', '4', 'ko', 20, 259, NULL),
(169, '2018-07-29 21:08:24', '2', '4', 'ko', 20, 264, NULL),
(170, '2018-07-29 21:08:24', '2', '4', 'ko', 20, 260, NULL),
(171, '2018-07-29 21:08:24', '', '4', 'ko', 20, 241, NULL),
(172, '2018-07-29 21:08:24', '', '4', 'ko', 20, 221, NULL),
(173, '2018-07-29 21:08:24', '', '4', 'ko', 20, 222, NULL),
(174, '2018-07-29 21:08:24', '', '4', 'ko', 20, 146, NULL),
(175, '2018-07-29 21:08:24', '', '4', 'ko', 20, 147, NULL),
(176, '2018-07-29 21:08:24', '', '4', 'ko', 20, 148, NULL),
(177, '2018-07-29 21:08:24', '', '4', 'ko', 20, 149, NULL),
(178, '2018-07-29 21:08:24', '', '4', 'ko', 20, 150, NULL),
(179, '2018-07-29 21:08:33', '', '5', 'ko', 20, 151, NULL),
(180, '2018-07-29 21:08:33', '', '5', 'ko', 20, 152, NULL),
(181, '2018-07-29 21:08:33', '', '5', 'ko', 20, 153, NULL),
(182, '2018-07-29 21:08:33', '', '5', 'ko', 20, 154, NULL),
(183, '2018-07-29 21:08:33', '', '5', 'ko', 20, 155, NULL),
(184, '2018-07-29 21:08:33', '', '5', 'ko', 20, 268, NULL),
(185, '2018-07-29 21:08:33', '', '5', 'ko', 20, 223, NULL),
(186, '2018-07-29 21:08:33', '', '5', 'ko', 20, 224, NULL),
(187, '2018-07-29 21:08:33', '', '5', 'ko', 20, 225, NULL),
(188, '2018-07-29 21:08:33', '', '5', 'ko', 20, 166, NULL),
(189, '2018-07-29 21:08:33', '', '5', 'ko', 20, 163, NULL),
(190, '2018-07-29 21:08:33', '', '5', 'ko', 20, 230, NULL),
(191, '2018-07-29 21:08:33', '', '5', 'ko', 20, 167, NULL),
(192, '2018-07-29 21:08:33', '29/07/2018', '5', 'ko', 20, 168, NULL),
(193, '2018-07-29 21:08:33', '', '5', 'ko', 20, 169, NULL),
(194, '2018-07-29 21:08:33', '', '5', 'ko', 20, 170, NULL),
(195, '2018-07-29 21:08:33', '', '5', 'ko', 20, 231, NULL),
(196, '2018-07-29 18:54:44', '0', '4', 'ko', 20, 77, NULL),
(197, '2018-07-29 18:54:44', '', '4', 'ko', 20, 93, NULL),
(198, '2018-07-29 18:54:44', '0', '4', 'ko', 20, 117, NULL),
(199, '2018-07-29 18:54:44', '', '4', 'ko', 20, 122, NULL),
(200, '2018-07-29 18:54:44', '2', '4', 'ko', 20, 123, NULL),
(201, '2018-07-29 18:54:44', '2', '4', 'ko', 20, 124, NULL),
(202, '2018-07-29 18:54:44', '2', '4', 'ko', 20, 125, NULL),
(203, '2018-07-29 18:54:44', '2', '4', 'ko', 20, 126, NULL),
(204, '2018-07-29 18:54:44', '2', '4', 'ko', 20, 127, NULL),
(205, '2018-07-29 18:54:44', '2', '4', 'ko', 20, 136, NULL),
(206, '2018-07-29 18:54:44', '2', '4', 'ko', 20, 137, NULL),
(207, '2018-07-29 18:54:44', '2', '4', 'ko', 20, 235, NULL),
(208, '2018-07-29 18:54:44', '3', '4', 'ko', 20, 140, NULL),
(209, '2018-07-29 18:54:53', '', '5', 'ko', 20, 161, NULL),
(210, '2018-07-29 18:54:53', '', '5', 'ko', 20, 157, NULL),
(211, '2018-07-29 18:54:53', '', '5', 'ko', 20, 158, NULL),
(212, '2018-07-29 18:54:53', '', '5', 'ko', 20, 159, NULL),
(213, '2018-07-29 18:54:53', '', '5', 'ko', 20, 164, NULL),
(214, '2018-07-29 19:52:03', '', '5', 'ko', 17, 151, NULL),
(215, '2018-07-29 19:52:03', '', '5', 'ko', 17, 152, NULL),
(216, '2018-07-29 19:52:03', '', '5', 'ko', 17, 153, NULL),
(217, '2018-07-29 19:52:03', '', '5', 'ko', 17, 154, NULL),
(218, '2018-07-29 19:52:03', '', '5', 'ko', 17, 155, NULL),
(219, '2018-07-29 19:52:03', '', '5', 'ko', 17, 268, NULL),
(220, '2018-07-29 19:52:03', '', '5', 'ko', 17, 223, NULL),
(221, '2018-07-29 19:52:03', '', '5', 'ko', 17, 224, NULL),
(222, '2018-07-29 19:52:03', '', '5', 'ko', 17, 225, NULL),
(223, '2018-07-29 19:52:03', '', '5', 'ko', 17, 166, NULL),
(224, '2018-07-29 19:52:03', '', '5', 'ko', 17, 163, NULL),
(225, '2018-07-29 19:52:03', '', '5', 'ko', 17, 230, NULL),
(226, '2018-07-29 19:52:03', '', '5', 'ko', 17, 167, NULL),
(227, '2018-07-29 19:52:03', '', '5', 'ko', 17, 168, NULL),
(228, '2018-07-29 19:52:03', '', '5', 'ko', 17, 169, NULL),
(229, '2018-07-29 19:52:03', '', '5', 'ko', 17, 170, NULL),
(230, '2018-07-29 19:52:03', '', '5', 'ko', 17, 231, NULL),
(231, '2018-08-02 00:06:26', '', '5', 'ko', 13, 151, NULL),
(232, '2018-08-02 00:06:26', '', '5', 'ko', 13, 152, NULL),
(233, '2018-08-02 00:06:26', '', '5', 'ko', 13, 153, NULL),
(234, '2018-08-02 00:06:26', '', '5', 'ko', 13, 154, NULL),
(235, '2018-08-02 00:06:26', '', '5', 'ko', 13, 156, NULL),
(236, '2018-08-02 00:06:26', '', '5', 'ko', 13, 268, NULL),
(237, '2018-08-02 00:06:26', '', '5', 'ko', 13, 223, NULL),
(238, '2018-08-02 00:06:26', '', '5', 'ko', 13, 224, NULL),
(239, '2018-08-02 00:06:26', '', '5', 'ko', 13, 225, NULL),
(240, '2018-08-02 00:06:26', '', '5', 'ko', 13, 166, NULL),
(241, '2018-08-02 00:06:26', '', '5', 'ko', 13, 163, NULL),
(242, '2018-08-02 00:06:26', '', '5', 'ko', 13, 230, NULL),
(243, '2018-08-02 00:06:26', '', '5', 'ko', 13, 167, NULL),
(244, '2018-08-02 00:06:26', '', '5', 'ko', 13, 168, NULL),
(245, '2018-08-02 00:06:26', '', '5', 'ko', 13, 169, NULL),
(246, '2018-08-02 00:06:26', '', '5', 'ko', 13, 170, NULL),
(247, '2018-08-02 00:06:26', '', '5', 'ko', 13, 231, NULL),
(248, '2018-07-29 21:35:46', '', '6', 'ko', 20, 174, NULL),
(249, '2018-07-29 21:35:46', '', '6', 'ko', 20, 175, NULL),
(250, '2018-07-29 21:35:46', '', '6', 'ko', 20, 176, NULL),
(251, '2018-07-29 21:35:46', '', '6', 'ko', 20, 226, NULL),
(252, '2018-07-29 21:35:46', '', '6', 'ko', 20, 227, NULL),
(253, '2018-07-29 21:35:46', '', '6', 'ko', 20, 228, NULL),
(254, '2018-07-29 21:35:46', '', '6', 'ko', 20, 184, NULL),
(255, '2018-07-29 21:35:46', '', '6', 'ko', 20, 193, NULL),
(256, '2018-07-29 21:35:46', '', '6', 'ko', 20, 194, NULL),
(257, '2018-07-29 21:35:46', '', '6', 'ko', 20, 195, NULL),
(258, '2018-07-29 21:35:46', '', '6', 'ko', 20, 196, NULL),
(259, '2018-07-29 21:35:46', '', '6', 'ko', 20, 197, NULL),
(260, '2018-07-29 21:35:46', '', '6', 'ko', 20, 198, NULL),
(261, '2018-07-29 21:35:46', '', '6', 'ko', 20, 202, NULL),
(262, '2018-07-29 21:35:46', '', '6', 'ko', 20, 203, NULL),
(263, '2018-07-29 21:35:46', '09/09/9999', '6', 'ko', 20, 204, NULL),
(264, '2018-07-29 21:35:46', '', '6', 'ko', 20, 205, NULL),
(265, '2018-07-30 00:27:50', '', '3', 'ko', 22, 26, NULL),
(266, '2018-07-30 00:27:50', '', '3', 'ko', 22, 27, NULL),
(267, '2018-07-30 00:27:50', '', '3', 'ko', 22, 29, NULL),
(268, '2018-07-30 00:27:50', '', '3', 'ko', 22, 30, NULL),
(269, '2018-07-30 00:27:50', '', '3', 'ko', 22, 31, NULL),
(270, '2018-07-30 00:27:50', '', '3', 'ko', 22, 32, NULL),
(271, '2018-07-30 00:27:50', '', '3', 'ko', 22, 33, NULL),
(272, '2018-07-30 00:27:50', '', '3', 'ko', 22, 34, NULL),
(273, '2018-07-30 00:27:50', '', '3', 'ko', 22, 35, NULL),
(274, '2018-07-30 00:27:50', '', '3', 'ko', 22, 43, NULL),
(275, '2018-07-30 00:27:50', '', '3', 'ko', 22, 48, NULL),
(276, '2018-07-30 00:27:50', '', '3', 'ko', 22, 251, NULL),
(277, '2018-07-30 00:27:50', '', '3', 'ko', 22, 252, NULL),
(278, '2018-07-30 00:27:50', '', '3', 'ko', 22, 253, NULL),
(279, '2018-07-30 00:27:50', '', '3', 'ko', 22, 254, NULL),
(280, '2018-07-30 00:27:50', '', '3', 'ko', 22, 255, NULL),
(281, '2018-07-30 00:27:50', '', '3', 'ko', 22, 58, NULL),
(282, '2018-07-30 00:27:50', '', '3', 'ko', 22, 67, NULL),
(283, '2018-07-30 00:27:50', '', '3', 'ko', 22, 68, NULL),
(284, '2018-07-30 00:27:50', '0', '3', 'ko', 22, 69, NULL),
(285, '2018-07-30 00:27:50', '', '3', 'ko', 22, 217, NULL),
(286, '2018-07-30 00:27:50', '', '3', 'ko', 22, 218, NULL),
(287, '2018-07-30 00:27:50', '', '3', 'ko', 22, 219, NULL),
(288, '2018-07-30 00:27:50', '', '3', 'ko', 22, 220, NULL),
(289, '2018-07-30 00:30:30', '', '3', 'ko', 21, 26, NULL),
(290, '2018-07-30 00:30:30', '', '3', 'ko', 21, 27, NULL),
(291, '2018-07-30 00:30:30', '', '3', 'ko', 21, 29, NULL),
(292, '2018-07-30 00:30:30', '', '3', 'ko', 21, 30, NULL),
(293, '2018-07-30 00:30:30', '', '3', 'ko', 21, 31, NULL),
(294, '2018-07-30 00:30:30', '', '3', 'ko', 21, 32, NULL),
(295, '2018-07-30 00:30:30', '', '3', 'ko', 21, 33, NULL),
(296, '2018-07-30 00:30:30', '', '3', 'ko', 21, 34, NULL),
(297, '2018-07-30 00:30:30', '', '3', 'ko', 21, 35, NULL),
(298, '2018-07-30 00:30:30', '', '3', 'ko', 21, 36, NULL),
(299, '2018-07-30 00:30:30', '', '3', 'ko', 21, 45, NULL),
(300, '2018-07-30 00:30:30', '', '3', 'ko', 21, 46, NULL),
(301, '2018-07-30 00:30:30', '', '3', 'ko', 21, 48, NULL),
(302, '2018-07-30 00:30:30', '', '3', 'ko', 21, 62, NULL),
(303, '2018-07-30 00:30:30', '', '3', 'ko', 21, 63, NULL),
(304, '2018-07-30 00:30:30', '', '3', 'ko', 21, 64, NULL),
(305, '2018-07-30 00:30:30', '', '3', 'ko', 21, 65, NULL),
(306, '2018-07-30 00:30:30', '', '3', 'ko', 21, 66, NULL),
(307, '2018-07-30 00:30:30', '', '3', 'ko', 21, 67, NULL),
(308, '2018-07-30 00:30:30', '', '3', 'ko', 21, 68, NULL),
(309, '2018-07-30 00:30:30', '0', '3', 'ko', 21, 69, NULL),
(310, '2018-07-30 00:30:30', '', '3', 'ko', 21, 217, NULL),
(311, '2018-07-30 00:30:30', '', '3', 'ko', 21, 218, NULL),
(312, '2018-07-30 00:30:30', '', '3', 'ko', 21, 219, NULL),
(313, '2018-07-30 00:30:30', '', '3', 'ko', 21, 220, NULL),
(314, '2018-08-01 00:38:47', '09/09/9999', '4', 'ko', 21, 72, NULL),
(315, '2018-08-01 00:38:47', '', '4', 'ko', 21, 73, NULL),
(316, '2018-08-01 00:38:47', '', '4', 'ko', 21, 74, NULL),
(317, '2018-08-01 00:38:47', '0', '4', 'ko', 21, 75, NULL),
(318, '2018-08-01 00:38:47', '0', '4', 'ko', 21, 76, NULL),
(319, '2018-08-01 00:38:47', '0', '4', 'ko', 21, 77, NULL),
(320, '2018-08-01 00:38:47', '09/09/9999', '4', 'ko', 21, 78, NULL),
(321, '2018-08-01 00:38:47', '09/09/9999', '4', 'ko', 21, 79, NULL),
(322, '2018-08-01 00:38:47', '', '4', 'ko', 21, 83, NULL),
(323, '2018-08-01 00:38:47', '', '4', 'ko', 21, 84, NULL),
(324, '2018-08-01 00:38:47', '', '4', 'ko', 21, 85, NULL),
(325, '2018-08-01 00:38:47', '', '4', 'ko', 21, 86, NULL),
(326, '2018-08-01 00:38:47', '', '4', 'ko', 21, 87, NULL),
(327, '2018-08-01 00:38:47', '', '4', 'ko', 21, 88, NULL),
(328, '2018-08-01 00:38:47', '', '4', 'ko', 21, 94, NULL),
(329, '2018-08-01 00:38:47', '', '4', 'ko', 21, 95, NULL),
(330, '2018-08-01 00:38:47', '', '4', 'ko', 21, 96, NULL),
(331, '2018-08-01 00:38:47', '', '4', 'ko', 21, 97, NULL),
(332, '2018-08-01 00:38:47', '', '4', 'ko', 21, 98, NULL),
(333, '2018-08-01 00:38:47', '0', '4', 'ko', 21, 99, NULL),
(334, '2018-08-01 00:38:47', '0', '4', 'ko', 21, 101, NULL),
(335, '2018-08-01 00:38:47', '0', '4', 'ko', 21, 102, NULL),
(336, '2018-08-01 00:38:47', '2', '4', 'ko', 21, 242, NULL),
(337, '2018-08-01 00:38:47', '2', '4', 'ko', 21, 243, NULL),
(338, '2018-08-01 00:38:47', '2', '4', 'ko', 21, 244, NULL),
(339, '2018-08-01 00:38:47', '0', '4', 'ko', 21, 132, NULL),
(340, '2018-08-01 00:38:47', '0', '4', 'ko', 21, 133, NULL),
(341, '2018-08-01 00:38:47', '0', '4', 'ko', 21, 134, NULL),
(342, '2018-08-01 00:38:47', '', '4', 'ko', 21, 135, NULL),
(343, '2018-08-01 00:38:47', '2', '4', 'ko', 21, 232, NULL),
(344, '2018-08-01 00:38:47', '2', '4', 'ko', 21, 233, NULL),
(345, '2018-08-01 00:38:47', '2', '4', 'ko', 21, 234, NULL),
(346, '2018-08-01 00:38:47', '2', '4', 'ko', 21, 235, NULL),
(347, '2018-08-01 00:38:47', '2', '4', 'ko', 21, 236, NULL),
(348, '2018-08-01 00:38:47', '2', '4', 'ko', 21, 237, NULL),
(349, '2018-08-01 00:38:47', '2', '4', 'ko', 21, 238, NULL),
(350, '2018-08-01 00:38:47', '2', '4', 'ko', 21, 239, NULL),
(351, '2018-08-01 00:38:47', '2', '4', 'ko', 21, 240, NULL),
(352, '2018-08-01 00:38:47', '2', '4', 'ko', 21, 241, NULL),
(353, '2018-08-01 00:38:47', '2', '4', 'ko', 21, 221, NULL),
(354, '2018-08-01 00:38:47', '2', '4', 'ko', 21, 222, NULL),
(355, '2018-08-01 00:38:47', '', '4', 'ko', 21, 146, NULL),
(356, '2018-08-01 00:38:47', '', '4', 'ko', 21, 147, NULL),
(357, '2018-08-01 00:38:47', '', '4', 'ko', 21, 148, NULL),
(358, '2018-08-01 00:38:47', '', '4', 'ko', 21, 149, NULL),
(359, '2018-08-01 00:38:47', '', '4', 'ko', 21, 150, NULL),
(360, '2018-08-01 00:38:56', '', '5', 'ko', 21, 151, NULL),
(361, '2018-08-01 00:38:56', '', '5', 'ko', 21, 152, NULL),
(362, '2018-08-01 00:38:56', '', '5', 'ko', 21, 153, NULL),
(363, '2018-08-01 00:38:56', '', '5', 'ko', 21, 154, NULL),
(364, '2018-08-01 00:38:56', '', '5', 'ko', 21, 155, NULL),
(365, '2018-08-01 00:38:56', '', '5', 'ko', 21, 223, NULL),
(366, '2018-08-01 00:38:56', '', '5', 'ko', 21, 224, NULL),
(367, '2018-08-01 00:38:56', '', '5', 'ko', 21, 225, NULL),
(368, '2018-08-01 00:38:56', '', '5', 'ko', 21, 166, NULL),
(369, '2018-08-01 00:38:56', '', '5', 'ko', 21, 167, NULL),
(370, '2018-08-01 00:38:56', '', '5', 'ko', 21, 168, NULL),
(371, '2018-08-01 00:38:56', '', '5', 'ko', 21, 169, NULL),
(372, '2018-08-01 00:38:56', '', '5', 'ko', 21, 170, NULL),
(373, '2018-08-01 00:38:56', '', '5', 'ko', 21, 163, NULL),
(374, '2018-08-01 00:38:56', '', '5', 'ko', 21, 230, NULL),
(375, '2018-08-01 00:38:56', '0', '5', 'ko', 21, 231, NULL),
(376, '2018-08-01 00:49:56', '', '2', 'ko', 13, 1, NULL),
(377, '2018-08-01 00:49:56', '', '2', 'ko', 13, 2, NULL),
(378, '2018-08-01 00:49:56', '', '2', 'ko', 13, 3, NULL),
(379, '2018-08-01 00:49:56', '', '2', 'ko', 13, 4, NULL),
(380, '2018-08-01 00:49:56', '', '2', 'ko', 13, 5, NULL),
(381, '2018-08-01 00:49:56', '', '2', 'ko', 13, 9, NULL),
(382, '2018-08-01 00:49:56', '', '2', 'ko', 13, 10, NULL),
(383, '2018-08-01 00:49:56', '', '2', 'ko', 13, 11, NULL),
(384, '2018-08-01 00:49:56', '', '2', 'ko', 13, 12, NULL),
(385, '2018-08-01 00:49:56', '', '2', 'ko', 13, 13, NULL),
(386, '2018-08-01 00:49:56', '', '2', 'ko', 13, 14, NULL),
(387, '2018-08-01 00:49:56', '', '2', 'ko', 13, 15, NULL),
(388, '2018-08-01 00:49:56', '', '2', 'ko', 13, 16, NULL),
(389, '2018-08-01 00:49:56', '', '2', 'ko', 13, 20, NULL),
(390, '2018-08-02 00:03:03', '', '4', 'ko', 13, 72, NULL),
(391, '2018-08-02 00:03:03', '', '4', 'ko', 13, 73, NULL),
(392, '2018-08-02 00:03:03', '', '4', 'ko', 13, 74, NULL),
(393, '2018-08-02 00:03:03', '', '4', 'ko', 13, 75, NULL),
(394, '2018-08-02 00:03:03', '', '4', 'ko', 13, 76, NULL),
(395, '2018-08-02 00:03:03', '09/09/9999', '4', 'ko', 13, 78, NULL),
(396, '2018-08-02 00:03:03', '09/09/9999', '4', 'ko', 13, 79, NULL),
(397, '2018-08-02 00:03:03', '', '4', 'ko', 13, 83, NULL),
(398, '2018-08-02 00:03:03', '', '4', 'ko', 13, 84, NULL),
(399, '2018-08-02 00:03:03', '01/08/2018', '4', 'ko', 13, 85, NULL),
(400, '2018-08-02 00:03:03', '', '4', 'ko', 13, 86, NULL),
(401, '2018-08-02 00:03:03', '0', '4', 'ko', 13, 87, NULL),
(402, '2018-08-02 00:03:03', '', '4', 'ko', 13, 88, NULL),
(403, '2018-08-02 00:03:03', '', '4', 'ko', 13, 96, NULL),
(404, '2018-08-02 00:03:03', '', '4', 'ko', 13, 99, NULL),
(405, '2018-08-02 00:03:03', '', '4', 'ko', 13, 100, NULL),
(406, '2018-08-02 00:03:03', '', '4', 'ko', 13, 103, NULL),
(407, '2018-08-02 00:03:03', '', '4', 'ko', 13, 133, NULL),
(408, '2018-08-02 00:03:03', '', '4', 'ko', 13, 135, NULL),
(409, '2018-08-02 00:03:03', '', '4', 'ko', 13, 235, NULL),
(410, '2018-08-02 00:03:03', '', '4', 'ko', 13, 236, NULL),
(411, '2018-08-02 00:03:03', '', '4', 'ko', 13, 237, NULL),
(412, '2018-08-02 00:03:03', '', '4', 'ko', 13, 238, NULL),
(413, '2018-08-02 00:03:03', '', '4', 'ko', 13, 239, NULL),
(414, '2018-08-02 00:03:03', '', '4', 'ko', 13, 240, NULL),
(415, '2018-08-02 00:03:03', '', '4', 'ko', 13, 241, NULL),
(416, '2018-08-02 00:03:03', '', '4', 'ko', 13, 221, NULL),
(417, '2018-08-02 00:03:03', '', '4', 'ko', 13, 222, NULL),
(418, '2018-08-02 00:03:03', '', '4', 'ko', 13, 106, NULL),
(419, '2018-08-02 00:03:03', '', '4', 'ko', 13, 146, NULL),
(420, '2018-08-02 00:03:03', '', '4', 'ko', 13, 147, NULL),
(421, '2018-08-02 00:03:03', '', '4', 'ko', 13, 148, NULL),
(422, '2018-08-02 00:03:03', '', '4', 'ko', 13, 149, NULL),
(423, '2018-08-02 00:03:03', '', '4', 'ko', 13, 150, NULL),
(424, '2018-08-02 12:50:06', '1', '2', 'termine', 32, 1, NULL),
(425, '2018-08-02 12:50:06', '999', '2', 'termine', 32, 2, NULL),
(426, '2018-08-02 12:50:06', '1', '2', 'termine', 32, 3, NULL),
(427, '2018-08-02 12:50:06', '999', '2', 'termine', 32, 4, NULL),
(428, '2018-08-02 12:50:06', '1', '2', 'termine', 32, 5, NULL),
(429, '2018-08-02 12:50:06', '1', '2', 'termine', 32, 9, NULL),
(430, '2018-08-02 12:50:06', '2', '2', 'termine', 32, 10, NULL),
(431, '2018-08-02 12:50:06', '77', '2', 'termine', 32, 11, NULL),
(432, '2018-08-02 12:50:06', '1.57', '2', 'termine', 32, 12, NULL),
(433, '2018-08-02 12:50:06', '31.24', '2', 'termine', 32, 13, NULL),
(434, '2018-08-02 12:50:06', '0', '2', 'termine', 32, 14, NULL),
(435, '2018-08-02 12:50:06', '0.00', '2', 'termine', 32, 15, NULL),
(436, '2018-08-02 12:50:06', '13.6', '2', 'termine', 32, 16, NULL),
(437, '2018-08-02 12:50:06', '45.3', '2', 'termine', 32, 20, NULL),
(438, '2018-08-02 12:56:29', '22.8', '3', 'termine', 32, 26, NULL),
(439, '2018-08-02 12:56:29', '233', '3', 'termine', 32, 27, NULL),
(440, '2018-08-02 12:56:29', '1', '3', 'termine', 32, 29, NULL),
(441, '2018-08-02 12:56:29', '0', '3', 'termine', 32, 30, NULL),
(442, '2018-08-02 12:56:29', '0', '3', 'termine', 32, 31, NULL),
(443, '2018-08-02 12:56:29', '444', '3', 'termine', 32, 32, NULL),
(444, '2018-08-02 12:56:29', '', '3', 'termine', 32, 33, NULL),
(445, '2018-08-02 12:56:29', '1', '3', 'termine', 32, 34, NULL),
(446, '2018-08-02 12:56:29', '1', '3', 'termine', 32, 35, NULL),
(447, '2018-08-02 12:56:29', '1', '3', 'termine', 32, 38, NULL),
(448, '2018-08-02 12:56:29', '0', '3', 'termine', 32, 42, NULL),
(449, '2018-08-02 12:56:29', '1', '3', 'termine', 32, 43, NULL),
(450, '2018-08-02 12:56:29', '0', '3', 'termine', 32, 48, NULL),
(451, '2018-08-02 12:56:29', '018', '3', 'termine', 32, 55, NULL),
(452, '2018-08-02 12:56:29', '2', '3', 'termine', 32, 56, NULL),
(453, '2018-08-02 12:56:29', '0', '3', 'termine', 32, 67, NULL),
(454, '2018-08-02 12:56:29', '0', '3', 'termine', 32, 68, NULL),
(455, '2018-08-02 12:56:29', '1', '3', 'termine', 32, 69, NULL),
(456, '2018-08-02 12:56:29', '0', '3', 'termine', 32, 217, NULL),
(457, '2018-08-02 12:56:29', '0', '3', 'termine', 32, 218, NULL),
(458, '2018-08-02 12:56:29', '0', '3', 'termine', 32, 219, NULL),
(459, '2018-08-02 12:56:29', '0', '3', 'termine', 32, 220, NULL),
(460, '2018-08-08 00:22:22', '0', '5', 'termine', 36, 151, NULL),
(461, '2018-08-08 00:22:22', '1', '5', 'termine', 36, 152, NULL),
(462, '2018-08-08 00:22:22', '1', '5', 'termine', 36, 153, NULL),
(463, '2018-08-08 00:22:22', '0', '5', 'termine', 36, 154, NULL),
(464, '2018-08-08 00:22:22', '', '5', 'termine', 36, 155, NULL),
(465, '2018-08-08 00:22:22', '999', '5', 'termine', 36, 268, NULL),
(466, '2018-08-08 00:22:22', '0', '5', 'termine', 36, 223, NULL),
(467, '2018-08-08 00:22:22', '1', '5', 'termine', 36, 224, NULL),
(468, '2018-08-08 00:22:22', '0', '5', 'termine', 36, 225, NULL),
(469, '2018-08-08 00:22:22', '2', '5', 'termine', 36, 166, NULL),
(470, '2018-08-08 00:22:22', '1', '5', 'termine', 36, 163, NULL),
(471, '2018-08-08 00:22:22', '2', '5', 'termine', 36, 230, NULL),
(472, '2018-08-08 00:22:22', '5', '5', 'termine', 36, 167, NULL),
(473, '2018-08-08 00:22:22', '09/08/2018', '5', 'termine', 36, 168, NULL),
(474, '2018-08-08 00:22:22', '2', '5', 'termine', 36, 169, NULL),
(475, '2018-08-08 00:22:22', '0', '5', 'termine', 36, 170, NULL),
(476, '2018-08-08 00:22:22', '4', '5', 'termine', 36, 231, NULL),
(477, '2018-08-07 21:37:51', '', '6', 'ko', 36, 174, NULL),
(478, '2018-08-07 21:37:51', '', '6', 'ko', 36, 175, NULL),
(479, '2018-08-07 21:37:51', '', '6', 'ko', 36, 176, NULL),
(480, '2018-08-07 21:37:51', '', '6', 'ko', 36, 226, NULL),
(481, '2018-08-07 21:37:51', '', '6', 'ko', 36, 227, NULL),
(482, '2018-08-07 21:37:51', '', '6', 'ko', 36, 228, NULL),
(483, '2018-08-07 21:37:51', '', '6', 'ko', 36, 185, NULL),
(484, '2018-08-07 21:37:51', '', '6', 'ko', 36, 178, NULL),
(485, '2018-08-07 21:37:51', '', '6', 'ko', 36, 192, NULL),
(486, '2018-08-07 21:37:51', '', '6', 'ko', 36, 193, NULL),
(487, '2018-08-07 21:37:51', '', '6', 'ko', 36, 194, NULL),
(488, '2018-08-07 21:37:51', '', '6', 'ko', 36, 195, NULL),
(489, '2018-08-07 21:37:51', '', '6', 'ko', 36, 196, NULL),
(490, '2018-08-07 21:37:51', '', '6', 'ko', 36, 197, NULL),
(491, '2018-08-07 21:37:51', '', '6', 'ko', 36, 198, NULL),
(492, '2018-08-07 21:37:51', '', '6', 'ko', 36, 199, NULL),
(493, '2018-08-07 21:37:51', '', '6', 'ko', 36, 202, NULL),
(494, '2018-08-07 21:37:51', '', '6', 'ko', 36, 203, NULL),
(495, '2018-08-07 21:37:51', '09/09/9999', '6', 'ko', 36, 204, NULL),
(496, '2018-08-07 21:37:51', '', '6', 'ko', 36, 205, NULL),
(497, '2018-08-07 23:46:41', '', '4', 'ko', 36, 72, NULL),
(498, '2018-08-07 23:46:41', '', '4', 'ko', 36, 73, NULL),
(499, '2018-08-07 23:46:41', '', '4', 'ko', 36, 74, NULL),
(500, '2018-08-07 23:46:41', '', '4', 'ko', 36, 75, NULL),
(501, '2018-08-07 23:46:41', '', '4', 'ko', 36, 77, NULL),
(502, '2018-08-07 23:46:41', '', '4', 'ko', 36, 76, NULL),
(503, '2018-08-07 23:46:41', '09/09/9999', '4', 'ko', 36, 78, NULL),
(504, '2018-08-07 23:46:41', '09/09/9999', '4', 'ko', 36, 79, NULL),
(505, '2018-08-07 23:46:41', '', '4', 'ko', 36, 83, NULL),
(506, '2018-08-07 23:46:41', '', '4', 'ko', 36, 84, NULL),
(507, '2018-08-07 23:46:41', '07/08/2018', '4', 'ko', 36, 85, NULL),
(508, '2018-08-07 23:46:41', '', '4', 'ko', 36, 86, NULL),
(509, '2018-08-07 23:46:41', '', '4', 'ko', 36, 87, NULL),
(510, '2018-08-07 23:46:41', '', '4', 'ko', 36, 88, NULL),
(511, '2018-08-07 23:46:41', '', '4', 'ko', 36, 89, NULL),
(512, '2018-08-07 23:46:41', '', '4', 'ko', 36, 96, NULL),
(513, '2018-08-07 23:46:41', '0', '4', 'ko', 36, 99, NULL),
(514, '2018-08-07 23:46:41', '', '4', 'ko', 36, 100, NULL),
(515, '2018-08-07 23:46:41', '', '4', 'ko', 36, 104, NULL),
(516, '2018-08-07 23:46:41', '', '4', 'ko', 36, 105, NULL),
(517, '2018-08-07 23:46:41', '', '4', 'ko', 36, 108, NULL),
(518, '2018-08-07 23:46:41', '', '4', 'ko', 36, 135, NULL),
(519, '2018-08-07 23:46:41', '2', '4', 'ko', 36, 262, NULL),
(520, '2018-08-07 23:46:41', '2', '4', 'ko', 36, 257, NULL),
(521, '2018-08-07 23:46:41', '2', '4', 'ko', 36, 258, NULL),
(522, '2018-08-07 23:46:41', '2', '4', 'ko', 36, 259, NULL),
(523, '2018-08-07 23:46:41', '2', '4', 'ko', 36, 265, NULL),
(524, '2018-08-07 23:46:41', '2', '4', 'ko', 36, 260, NULL),
(525, '2018-08-07 23:46:41', '2', '4', 'ko', 36, 241, NULL),
(526, '2018-08-07 23:46:41', '2', '4', 'ko', 36, 221, NULL),
(527, '2018-08-07 23:46:41', '2', '4', 'ko', 36, 222, NULL),
(528, '2018-08-07 23:46:41', '2', '4', 'ko', 36, 106, NULL),
(529, '2018-08-07 23:46:41', '', '4', 'ko', 36, 146, NULL),
(530, '2018-08-07 23:46:41', '', '4', 'ko', 36, 147, NULL),
(531, '2018-08-07 23:46:41', '', '4', 'ko', 36, 148, NULL),
(532, '2018-08-07 23:46:41', '', '4', 'ko', 36, 149, NULL),
(533, '2018-08-07 23:46:41', '', '4', 'ko', 36, 150, NULL),
(534, '2018-08-08 01:08:07', '', '5', 'ko', 37, 151, NULL),
(535, '2018-08-08 01:08:07', '50', '5', 'ko', 37, 152, NULL),
(536, '2018-08-08 01:08:07', '', '5', 'ko', 37, 153, NULL),
(537, '2018-08-08 01:08:07', '', '5', 'ko', 37, 154, NULL),
(538, '2018-08-08 01:08:07', '', '5', 'ko', 37, 155, NULL),
(539, '2018-08-08 01:08:07', '', '5', 'ko', 37, 268, NULL),
(540, '2018-08-08 01:08:07', '', '5', 'ko', 37, 223, NULL),
(541, '2018-08-08 01:08:07', '', '5', 'ko', 37, 224, NULL),
(542, '2018-08-08 01:08:07', '', '5', 'ko', 37, 225, NULL),
(543, '2018-08-08 01:08:07', '', '5', 'ko', 37, 166, NULL),
(544, '2018-08-08 01:08:07', '3', '5', 'ko', 37, 163, NULL),
(545, '2018-08-08 01:08:07', '2', '5', 'ko', 37, 230, NULL),
(546, '2018-08-08 01:08:07', '', '5', 'ko', 37, 167, NULL),
(547, '2018-08-08 01:08:07', '', '5', 'ko', 37, 168, NULL),
(548, '2018-08-08 01:08:07', '', '5', 'ko', 37, 169, NULL),
(549, '2018-08-08 01:08:07', '', '5', 'ko', 37, 170, NULL),
(550, '2018-08-08 01:08:07', '', '5', 'ko', 37, 231, NULL),
(551, '2018-08-09 09:56:21', '', '2', 'ko', 35, 1, NULL),
(552, '2018-08-09 09:56:21', '', '2', 'ko', 35, 2, NULL),
(553, '2018-08-09 09:56:21', '', '2', 'ko', 35, 3, NULL),
(554, '2018-08-09 09:56:21', '', '2', 'ko', 35, 4, NULL),
(555, '2018-08-09 09:56:21', '', '2', 'ko', 35, 5, NULL),
(556, '2018-08-09 09:56:21', '', '2', 'ko', 35, 9, NULL),
(557, '2018-08-09 09:56:21', '', '2', 'ko', 35, 10, NULL),
(558, '2018-08-09 09:56:21', '99', '2', 'ko', 35, 11, NULL),
(559, '2018-08-09 09:56:21', '2', '2', 'ko', 35, 12, NULL),
(560, '2018-08-09 09:56:21', '24.75', '2', 'ko', 35, 13, NULL),
(561, '2018-08-09 09:56:21', '', '2', 'ko', 35, 14, NULL),
(562, '2018-08-09 09:56:21', '', '2', 'ko', 35, 15, NULL),
(563, '2018-08-09 09:56:21', '', '2', 'ko', 35, 16, NULL),
(564, '2018-08-09 09:56:21', '', '2', 'ko', 35, 20, NULL),
(565, '2018-08-09 11:04:38', '0', '2', 'ok', 40, 1, NULL),
(566, '2018-08-09 11:04:38', '0', '2', 'ok', 40, 2, NULL),
(567, '2018-08-09 11:04:38', '0', '2', 'ok', 40, 3, NULL),
(568, '2018-08-09 11:04:38', '0', '2', 'ok', 40, 4, NULL),
(569, '2018-08-09 11:04:38', '0', '2', 'ok', 40, 5, NULL),
(570, '2018-08-09 11:04:38', '1', '2', 'ok', 40, 9, NULL),
(571, '2018-08-09 11:04:38', '1', '2', 'ok', 40, 10, NULL),
(572, '2018-08-09 11:04:38', '64', '2', 'ok', 40, 11, NULL),
(573, '2018-08-09 11:04:38', '1.77', '2', 'ok', 40, 12, NULL),
(574, '2018-08-09 11:04:38', '20.43', '2', 'ok', 40, 13, NULL),
(575, '2018-08-09 11:04:38', '13', '2', 'ok', 40, 14, NULL),
(576, '2018-08-09 11:04:38', '16.88', '2', 'ok', 40, 15, NULL),
(577, '2018-08-09 11:04:38', '11.6', '2', 'ok', 40, 16, NULL),
(578, '2018-08-09 11:04:38', '39', '2', 'ok', 40, 20, NULL),
(579, '2018-08-09 10:16:25', '34.58', '3', 'termine', 40, 26, NULL),
(580, '2018-08-09 10:16:25', '142.9', '3', 'termine', 40, 27, NULL),
(581, '2018-08-09 10:16:25', '1', '3', 'termine', 40, 29, NULL),
(582, '2018-08-09 10:16:25', '0', '3', 'termine', 40, 30, NULL),
(583, '2018-08-09 10:16:25', '1', '3', 'termine', 40, 31, NULL),
(584, '2018-08-09 10:16:25', '0', '3', 'termine', 40, 32, NULL),
(585, '2018-08-09 10:16:25', '', '3', 'termine', 40, 33, NULL),
(586, '2018-08-09 10:16:25', '1', '3', 'termine', 40, 34, NULL),
(587, '2018-08-09 10:16:25', '1', '3', 'termine', 40, 35, NULL),
(588, '2018-08-09 10:16:25', '0', '3', 'termine', 40, 38, NULL),
(589, '2018-08-09 10:16:25', '0', '3', 'termine', 40, 42, NULL),
(590, '2018-08-09 10:16:25', '1', '3', 'termine', 40, 43, NULL),
(591, '2018-08-09 10:16:25', '0', '3', 'termine', 40, 48, NULL),
(592, '2018-08-09 10:16:25', '12', '3', 'termine', 40, 55, NULL),
(593, '2018-08-09 10:16:25', '0', '3', 'termine', 40, 56, NULL),
(594, '2018-08-09 10:16:25', '5', '3', 'termine', 40, 67, NULL),
(595, '2018-08-09 10:16:25', '2', '3', 'termine', 40, 68, NULL),
(596, '2018-08-09 10:16:25', '0', '3', 'termine', 40, 69, NULL),
(597, '2018-08-09 10:16:25', '0', '3', 'termine', 40, 217, NULL),
(598, '2018-08-09 10:16:25', '999', '3', 'termine', 40, 218, NULL),
(599, '2018-08-09 10:16:25', '999', '3', 'termine', 40, 219, NULL),
(600, '2018-08-09 10:16:25', '999', '3', 'termine', 40, 220, NULL),
(601, '2018-08-09 10:31:07', '05/02/2015', '4', 'termine', 40, 72, NULL),
(602, '2018-08-09 10:31:07', '08/01/2018', '4', 'termine', 40, 73, NULL),
(603, '2018-08-09 10:31:07', '1068', '4', 'termine', 40, 74, NULL),
(604, '2018-08-09 10:31:07', '0', '4', 'termine', 40, 75, NULL),
(605, '2018-08-09 10:31:07', '0', '4', 'termine', 40, 77, NULL),
(606, '2018-08-09 10:31:07', '0', '4', 'termine', 40, 76, NULL),
(607, '2018-08-09 10:31:07', '09/09/9999', '4', 'termine', 40, 78, NULL),
(608, '2018-08-09 10:31:07', '09/09/9999', '4', 'termine', 40, 79, NULL),
(609, '2018-08-09 10:31:07', '7', '4', 'termine', 40, 83, NULL),
(610, '2018-08-09 10:31:07', '1', '4', 'termine', 40, 84, NULL),
(611, '2018-08-09 10:31:07', '08/01/2018', '4', 'termine', 40, 85, NULL),
(612, '2018-08-09 10:31:07', '1', '4', 'termine', 40, 86, NULL),
(613, '2018-08-09 10:31:07', '0', '4', 'termine', 40, 87, NULL),
(614, '2018-08-09 10:31:07', '0', '4', 'termine', 40, 88, NULL),
(615, '2018-08-09 10:31:07', '0', '4', 'termine', 40, 89, NULL),
(616, '2018-08-09 10:31:07', '0', '4', 'termine', 40, 96, NULL),
(617, '2018-08-09 10:31:07', '0', '4', 'termine', 40, 99, NULL),
(618, '2018-08-09 10:31:07', '4', '4', 'termine', 40, 100, NULL),
(619, '2018-08-09 10:31:07', '7', '4', 'termine', 40, 104, NULL),
(620, '2018-08-09 10:31:07', '0', '4', 'termine', 40, 105, NULL),
(621, '2018-08-09 10:31:07', '0', '4', 'termine', 40, 108, NULL),
(622, '2018-08-09 10:31:07', '', '4', 'termine', 40, 135, NULL),
(623, '2018-08-09 10:31:07', '2', '4', 'termine', 40, 262, NULL),
(624, '2018-08-09 10:31:07', '2', '4', 'termine', 40, 257, NULL),
(625, '2018-08-09 10:31:07', '2', '4', 'termine', 40, 258, NULL),
(626, '2018-08-09 10:31:07', '2', '4', 'termine', 40, 259, NULL),
(627, '2018-08-09 10:31:07', '2', '4', 'termine', 40, 265, NULL),
(628, '2018-08-09 10:31:07', '2', '4', 'termine', 40, 260, NULL),
(629, '2018-08-09 10:31:07', '2', '4', 'termine', 40, 241, NULL),
(630, '2018-08-09 10:31:07', '2', '4', 'termine', 40, 221, NULL),
(631, '2018-08-09 10:31:07', '2', '4', 'termine', 40, 222, NULL),
(632, '2018-08-09 10:31:07', '2', '4', 'termine', 40, 106, NULL),
(633, '2018-08-09 10:31:07', '0', '4', 'termine', 40, 146, NULL),
(634, '2018-08-09 10:31:07', '0', '4', 'termine', 40, 147, NULL),
(635, '2018-08-09 10:31:07', '90', '4', 'termine', 40, 148, NULL),
(636, '2018-08-09 10:31:07', '40', '4', 'termine', 40, 149, NULL),
(637, '2018-08-09 10:31:07', '0', '4', 'termine', 40, 150, NULL),
(638, '2018-08-09 10:54:35', '0', '5', 'ko', 40, 151, NULL),
(639, '2018-08-09 10:54:35', '0', '5', 'ko', 40, 152, NULL),
(640, '2018-08-09 10:54:35', '999', '5', 'ko', 40, 153, NULL),
(641, '2018-08-09 10:54:35', '999', '5', 'ko', 40, 154, NULL),
(642, '2018-08-09 10:54:35', '999', '5', 'ko', 40, 155, NULL),
(643, '2018-08-09 10:54:35', '0', '5', 'ko', 40, 268, NULL),
(644, '2018-08-09 10:54:35', '0', '5', 'ko', 40, 223, NULL),
(645, '2018-08-09 10:54:35', '0', '5', 'ko', 40, 224, NULL),
(646, '2018-08-09 10:54:35', '0', '5', 'ko', 40, 225, NULL),
(647, '2018-08-09 10:54:35', '0', '5', 'ko', 40, 166, NULL),
(648, '2018-08-09 10:54:35', '0', '5', 'ko', 40, 163, NULL),
(649, '2018-08-09 10:54:35', '', '5', 'ko', 40, 230, NULL),
(650, '2018-08-09 10:54:35', '0', '5', 'ko', 40, 167, NULL),
(651, '2018-08-09 10:54:35', '10/01/2018', '5', 'ko', 40, 168, NULL),
(652, '2018-08-09 10:54:35', '2', '5', 'ko', 40, 169, NULL),
(653, '2018-08-09 10:54:35', '2', '5', 'ko', 40, 170, NULL),
(654, '2018-08-09 10:54:35', '0', '5', 'ko', 40, 231, NULL),
(655, '2018-08-09 10:55:23', '', '6', 'termine', 40, 174, NULL),
(656, '2018-08-09 10:55:23', '', '6', 'termine', 40, 175, NULL),
(657, '2018-08-09 10:55:23', '', '6', 'termine', 40, 176, NULL),
(658, '2018-08-09 10:55:23', '2', '6', 'termine', 40, 226, NULL),
(659, '2018-08-09 10:55:23', '2', '6', 'termine', 40, 227, NULL),
(660, '2018-08-09 10:55:23', '2', '6', 'termine', 40, 228, NULL),
(661, '2018-08-09 10:55:23', '', '6', 'termine', 40, 185, NULL),
(662, '2018-08-09 10:55:23', '', '6', 'termine', 40, 178, NULL),
(663, '2018-08-09 10:55:23', '', '6', 'termine', 40, 192, NULL),
(664, '2018-08-09 10:55:23', '', '6', 'termine', 40, 193, NULL),
(665, '2018-08-09 10:55:23', '', '6', 'termine', 40, 194, NULL),
(666, '2018-08-09 10:55:23', '', '6', 'termine', 40, 195, NULL),
(667, '2018-08-09 10:55:23', '', '6', 'termine', 40, 196, NULL),
(668, '2018-08-09 10:55:23', '', '6', 'termine', 40, 197, NULL),
(669, '2018-08-09 10:55:23', '', '6', 'termine', 40, 198, NULL),
(670, '2018-08-09 10:55:23', '', '6', 'termine', 40, 199, NULL),
(671, '2018-08-09 10:55:23', '', '6', 'termine', 40, 202, NULL),
(672, '2018-08-09 10:55:23', '', '6', 'termine', 40, 203, NULL),
(673, '2018-08-09 10:55:23', '', '6', 'termine', 40, 204, NULL),
(674, '2018-08-09 10:55:23', '', '6', 'termine', 40, 205, NULL),
(675, '2018-08-12 22:43:36', '12/08/2018', '7', 'termine', 18, 208, NULL),
(676, '2018-08-12 22:43:36', '', '7', 'termine', 18, 209, NULL),
(677, '2018-08-12 22:43:36', '0', '7', 'termine', 18, 210, NULL),
(678, '2018-08-12 22:43:36', '1', '7', 'termine', 18, 211, NULL),
(679, '2018-08-12 22:43:36', '19/08/2018', '7', 'termine', 18, 212, NULL),
(680, '2018-08-12 22:43:36', '', '7', 'termine', 18, 213, NULL),
(681, '2018-08-12 22:43:36', '0', '7', 'termine', 18, 214, NULL),
(682, '2018-08-12 22:43:36', '26/08/2018', '7', 'termine', 18, 216, NULL),
(683, '2018-08-12 22:43:36', '', '7', 'termine', 18, 229, NULL),
(684, '2018-08-12 22:48:56', '12/08/2018', '7', 'ko', 40, 208, NULL),
(685, '2018-08-12 22:48:56', '704', '7', 'ko', 40, 209, NULL),
(686, '2018-08-12 22:48:56', '1', '7', 'ko', 40, 210, NULL),
(687, '2018-08-12 22:48:56', '', '7', 'ko', 40, 211, NULL),
(688, '2018-08-12 22:48:56', '', '7', 'ko', 40, 212, NULL),
(689, '2018-08-12 22:48:56', '', '7', 'ko', 40, 213, NULL),
(690, '2018-08-12 22:48:56', '', '7', 'ko', 40, 214, NULL),
(691, '2018-08-12 22:48:56', '', '7', 'ko', 40, 216, NULL),
(692, '2018-08-12 22:48:56', '', '7', 'ko', 40, 229, NULL),
(693, '2018-08-13 00:52:47', '13/08/2018', '7', 'termine', 41, 208, NULL),
(694, '2018-08-13 00:52:47', '', '7', 'termine', 41, 209, NULL),
(695, '2018-08-13 00:52:47', '1', '7', 'termine', 41, 210, NULL),
(696, '2018-08-13 00:52:47', '1', '7', 'termine', 41, 211, NULL),
(697, '2018-08-13 00:52:47', '14/08/2018', '7', 'termine', 41, 212, NULL),
(698, '2018-08-13 00:52:47', '', '7', 'termine', 41, 213, NULL),
(699, '2018-08-13 00:52:47', '1', '7', 'termine', 41, 214, NULL),
(700, '2018-08-13 00:52:47', '15/08/2018', '7', 'termine', 41, 216, NULL),
(701, '2018-08-13 00:52:47', '', '7', 'termine', 41, 229, NULL),
(702, '2018-08-30 19:38:41', '', '2', 'ko', 26, 1, NULL),
(703, '2018-08-30 19:38:41', '', '2', 'ko', 26, 2, NULL),
(704, '2018-08-30 19:38:41', '', '2', 'ko', 26, 3, NULL),
(705, '2018-08-30 19:38:41', '', '2', 'ko', 26, 4, NULL),
(706, '2018-08-30 19:38:41', '', '2', 'ko', 26, 5, NULL),
(707, '2018-08-30 19:38:41', '', '2', 'ko', 26, 9, NULL),
(708, '2018-08-30 19:38:41', '', '2', 'ko', 26, 10, NULL),
(709, '2018-08-30 19:38:41', '', '2', 'ko', 26, 11, NULL),
(710, '2018-08-30 19:38:41', '', '2', 'ko', 26, 12, NULL),
(711, '2018-08-30 19:38:41', '', '2', 'ko', 26, 13, NULL),
(712, '2018-08-30 19:38:41', '', '2', 'ko', 26, 14, NULL),
(713, '2018-08-30 19:38:41', '', '2', 'ko', 26, 15, NULL),
(714, '2018-08-30 19:38:41', '', '2', 'ko', 26, 16, NULL),
(715, '2018-08-30 19:38:41', '', '2', 'ko', 26, 17, NULL),
(716, '2018-08-30 19:38:41', '', '2', 'ko', 26, 18, NULL),
(717, '2018-08-30 19:38:41', '', '2', 'ko', 26, 19, NULL),
(718, '2018-08-30 19:38:41', '', '2', 'ko', 26, 20, NULL),
(719, '2018-08-30 19:38:51', '', '3', 'ko', 26, 26, NULL),
(720, '2018-08-30 19:38:51', '', '3', 'ko', 26, 27, NULL),
(721, '2018-08-30 19:38:51', '', '3', 'ko', 26, 29, NULL),
(722, '2018-08-30 19:38:51', '', '3', 'ko', 26, 30, NULL),
(723, '2018-08-30 19:38:51', '', '3', 'ko', 26, 31, NULL),
(724, '2018-08-30 19:38:51', '', '3', 'ko', 26, 32, NULL),
(725, '2018-08-30 19:38:51', '', '3', 'ko', 26, 33, NULL),
(726, '2018-08-30 19:38:51', '', '3', 'ko', 26, 34, NULL),
(727, '2018-08-30 19:38:51', '', '3', 'ko', 26, 35, NULL),
(728, '2018-08-30 19:38:51', '', '3', 'ko', 26, 39, NULL),
(729, '2018-08-30 19:38:51', '', '3', 'ko', 26, 41, NULL),
(730, '2018-08-30 19:38:51', '', '3', 'ko', 26, 48, NULL),
(731, '2018-08-30 19:38:51', '', '3', 'ko', 26, 49, NULL),
(732, '2018-08-30 19:38:51', '', '3', 'ko', 26, 50, NULL),
(733, '2018-08-30 19:38:51', '', '3', 'ko', 26, 60, NULL),
(734, '2018-08-30 19:38:51', '', '3', 'ko', 26, 61, NULL),
(735, '2018-08-30 19:38:51', '', '3', 'ko', 26, 67, NULL),
(736, '2018-08-30 19:38:51', '', '3', 'ko', 26, 68, NULL),
(737, '2018-08-30 19:38:51', '', '3', 'ko', 26, 69, NULL),
(738, '2018-08-30 19:38:51', '', '3', 'ko', 26, 217, NULL),
(739, '2018-08-30 19:38:51', '', '3', 'ko', 26, 218, NULL),
(740, '2018-08-30 19:38:51', '', '3', 'ko', 26, 219, NULL),
(741, '2018-08-30 19:38:51', '', '3', 'ko', 26, 220, NULL),
(742, '2018-08-30 19:39:17', '', '4', 'ko', 26, 72, NULL),
(743, '2018-08-30 19:39:17', '', '4', 'ko', 26, 73, NULL),
(744, '2018-08-30 19:39:17', '', '4', 'ko', 26, 74, NULL),
(745, '2018-08-30 19:39:17', '', '4', 'ko', 26, 75, NULL),
(746, '2018-08-30 19:39:17', '', '4', 'ko', 26, 77, NULL),
(747, '2018-08-30 19:39:17', '', '4', 'ko', 26, 76, NULL),
(748, '2018-08-30 19:39:17', '09/09/9999', '4', 'ko', 26, 78, NULL),
(749, '2018-08-30 19:39:17', '09/09/9999', '4', 'ko', 26, 79, NULL),
(750, '2018-08-30 19:39:17', '', '4', 'ko', 26, 83, NULL),
(751, '2018-08-30 19:39:17', '', '4', 'ko', 26, 84, NULL),
(752, '2018-08-30 19:39:17', '', '4', 'ko', 26, 85, NULL),
(753, '2018-08-30 19:39:17', '', '4', 'ko', 26, 86, NULL),
(754, '2018-08-30 19:39:17', '', '4', 'ko', 26, 87, NULL),
(755, '2018-08-30 19:39:17', '', '4', 'ko', 26, 88, NULL),
(756, '2018-08-30 19:39:17', '', '4', 'ko', 26, 93, NULL),
(757, '2018-08-30 19:39:17', '', '4', 'ko', 26, 96, NULL),
(758, '2018-08-30 19:39:17', '', '4', 'ko', 26, 99, NULL),
(759, '2018-08-30 19:39:17', '', '4', 'ko', 26, 100, NULL),
(760, '2018-08-30 19:39:17', '', '4', 'ko', 26, 117, NULL),
(761, '2018-08-30 19:39:17', '', '4', 'ko', 26, 122, NULL),
(762, '2018-08-30 19:39:17', '', '4', 'ko', 26, 123, NULL),
(763, '2018-08-30 19:39:17', '', '4', 'ko', 26, 124, NULL),
(764, '2018-08-30 19:39:17', '', '4', 'ko', 26, 125, NULL),
(765, '2018-08-30 19:39:17', '', '4', 'ko', 26, 126, NULL),
(766, '2018-08-30 19:39:17', '', '4', 'ko', 26, 127, NULL),
(767, '2018-08-30 19:39:17', '', '4', 'ko', 26, 135, NULL),
(768, '2018-08-30 19:39:17', '', '4', 'ko', 26, 136, NULL),
(769, '2018-08-30 19:39:17', '', '4', 'ko', 26, 137, NULL),
(770, '2018-08-30 19:39:17', '', '4', 'ko', 26, 235, NULL),
(771, '2018-08-30 19:39:17', '', '4', 'ko', 26, 140, NULL),
(772, '2018-08-30 19:39:17', '', '4', 'ko', 26, 143, NULL),
(773, '2018-08-30 19:39:17', '', '4', 'ko', 26, 241, NULL),
(774, '2018-08-30 19:39:17', '', '4', 'ko', 26, 221, NULL),
(775, '2018-08-30 19:39:17', '', '4', 'ko', 26, 222, NULL),
(776, '2018-08-30 19:39:17', '', '4', 'ko', 26, 146, NULL),
(777, '2018-08-30 19:39:17', '', '4', 'ko', 26, 147, NULL),
(778, '2018-08-30 19:39:17', '', '4', 'ko', 26, 148, NULL),
(779, '2018-08-30 19:39:17', '', '4', 'ko', 26, 149, NULL),
(780, '2018-08-30 19:39:17', '', '4', 'ko', 26, 150, NULL),
(781, '2018-08-30 19:43:29', '', '5', 'ko', 26, 151, NULL),
(782, '2018-08-30 19:43:29', '', '5', 'ko', 26, 152, NULL),
(783, '2018-08-30 19:43:29', '', '5', 'ko', 26, 153, NULL),
(784, '2018-08-30 19:43:29', '', '5', 'ko', 26, 154, NULL),
(785, '2018-08-30 19:43:29', '', '5', 'ko', 26, 161, NULL),
(786, '2018-08-30 19:43:29', '', '5', 'ko', 26, 157, NULL),
(787, '2018-08-30 19:43:29', '', '5', 'ko', 26, 158, NULL),
(788, '2018-08-30 19:43:29', '', '5', 'ko', 26, 159, NULL),
(789, '2018-08-30 19:43:29', '', '5', 'ko', 26, 164, NULL),
(790, '2018-08-30 19:43:29', '', '5', 'ko', 26, 223, NULL),
(791, '2018-08-30 19:43:29', '', '5', 'ko', 26, 224, NULL),
(792, '2018-08-30 19:43:29', '', '5', 'ko', 26, 225, NULL),
(793, '2018-08-30 19:43:29', '', '5', 'ko', 26, 166, NULL),
(794, '2018-08-30 19:43:29', '', '5', 'ko', 26, 163, NULL),
(795, '2018-08-30 19:43:29', '', '5', 'ko', 26, 230, NULL),
(796, '2018-08-30 19:43:29', '', '5', 'ko', 26, 167, NULL),
(797, '2018-08-30 19:43:29', '', '5', 'ko', 26, 168, NULL),
(798, '2018-08-30 19:43:29', '', '5', 'ko', 26, 169, NULL),
(799, '2018-08-30 19:43:29', '', '5', 'ko', 26, 170, NULL),
(800, '2018-08-30 19:43:29', '', '5', 'ko', 26, 231, NULL),
(801, '2018-10-15 16:45:27', '1', '2', 'ko', 48, 1, NULL),
(802, '2018-10-15 16:45:27', '', '2', 'ko', 48, 2, NULL),
(803, '2018-10-15 16:45:27', '', '2', 'ko', 48, 3, NULL),
(804, '2018-10-15 16:45:27', '', '2', 'ko', 48, 4, NULL),
(805, '2018-10-15 16:45:27', '', '2', 'ko', 48, 5, NULL),
(806, '2018-10-15 16:45:27', '', '2', 'ko', 48, 9, NULL),
(807, '2018-10-15 16:45:27', '', '2', 'ko', 48, 10, NULL),
(808, '2018-10-15 16:45:27', '020', '2', 'ko', 48, 11, NULL),
(809, '2018-10-15 16:45:27', '2.5', '2', 'ko', 48, 12, NULL),
(810, '2018-10-15 16:45:27', '3.20', '2', 'ko', 48, 13, NULL),
(811, '2018-10-15 16:45:27', '', '2', 'ko', 48, 14, NULL),
(812, '2018-10-15 16:45:27', '', '2', 'ko', 48, 15, NULL),
(813, '2018-10-15 16:45:27', '', '2', 'ko', 48, 16, NULL),
(814, '2018-10-15 16:45:27', '', '2', 'ko', 48, 20, NULL),
(815, '2018-10-19 11:00:31', '', '4', 'ko', 49, 72, NULL),
(816, '2018-10-19 11:00:31', '', '4', 'ko', 49, 73, NULL),
(817, '2018-10-19 11:00:31', '', '4', 'ko', 49, 74, NULL),
(818, '2018-10-19 11:00:31', '', '4', 'ko', 49, 75, NULL),
(819, '2018-10-19 11:00:31', '', '4', 'ko', 49, 76, NULL),
(820, '2018-10-19 11:00:31', '09/09/9999', '4', 'ko', 49, 78, NULL),
(821, '2018-10-19 11:00:31', '09/09/9999', '4', 'ko', 49, 79, NULL),
(822, '2018-10-19 11:00:31', '', '4', 'ko', 49, 83, NULL),
(823, '2018-10-19 11:00:31', '', '4', 'ko', 49, 84, NULL),
(824, '2018-10-19 11:00:31', '', '4', 'ko', 49, 85, NULL),
(825, '2018-10-19 11:00:31', '', '4', 'ko', 49, 86, NULL),
(826, '2018-10-19 11:00:31', '', '4', 'ko', 49, 87, NULL),
(827, '2018-10-19 11:00:31', '', '4', 'ko', 49, 88, NULL),
(828, '2018-10-19 11:00:31', '', '4', 'ko', 49, 89, NULL),
(829, '2018-10-19 11:00:31', '', '4', 'ko', 49, 96, NULL),
(830, '2018-10-19 11:00:31', '1', '4', 'ko', 49, 99, NULL),
(831, '2018-10-19 11:00:31', '', '4', 'ko', 49, 100, NULL),
(832, '2018-10-19 11:00:31', '', '4', 'ko', 49, 261, NULL),
(833, '2018-10-19 11:00:31', '', '4', 'ko', 49, 108, NULL),
(834, '2018-10-19 11:00:31', '', '4', 'ko', 49, 135, NULL),
(835, '2018-10-19 11:00:31', '', '4', 'ko', 49, 262, NULL),
(836, '2018-10-19 11:00:31', '', '4', 'ko', 49, 256, NULL),
(837, '2018-10-19 11:00:31', '', '4', 'ko', 49, 263, NULL),
(838, '2018-10-19 11:00:31', '', '4', 'ko', 49, 143, NULL),
(839, '2018-10-19 11:00:31', '', '4', 'ko', 49, 238, NULL),
(840, '2018-10-19 11:00:31', '', '4', 'ko', 49, 237, NULL),
(841, '2018-10-19 11:00:31', '', '4', 'ko', 49, 257, NULL),
(842, '2018-10-19 11:00:31', '', '4', 'ko', 49, 258, NULL),
(843, '2018-10-19 11:00:31', '', '4', 'ko', 49, 259, NULL),
(844, '2018-10-19 11:00:31', '', '4', 'ko', 49, 264, NULL),
(845, '2018-10-19 11:00:31', '', '4', 'ko', 49, 260, NULL),
(846, '2018-10-19 11:00:31', '', '4', 'ko', 49, 241, NULL);
INSERT INTO `formulaire_item` (`id`, `date`, `valeur_item`, `etape`, `statut`, `id_formulaire`, `id_item`, `id_pj`) VALUES
(847, '2018-10-19 11:00:31', '', '4', 'ko', 49, 221, NULL),
(848, '2018-10-19 11:00:31', '', '4', 'ko', 49, 222, NULL),
(849, '2018-10-19 11:00:31', '', '4', 'ko', 49, 146, NULL),
(850, '2018-10-19 11:00:31', '', '4', 'ko', 49, 147, NULL),
(851, '2018-10-19 11:00:31', '', '4', 'ko', 49, 148, NULL),
(852, '2018-10-19 11:00:31', '', '4', 'ko', 49, 149, NULL),
(853, '2018-10-19 11:00:31', '', '4', 'ko', 49, 150, NULL),
(854, '2018-10-19 11:01:46', '', '4', 'ko', 50, 72, NULL),
(855, '2018-10-19 11:01:46', '', '4', 'ko', 50, 73, NULL),
(856, '2018-10-19 11:01:46', '', '4', 'ko', 50, 74, NULL),
(857, '2018-10-19 11:01:46', '', '4', 'ko', 50, 75, NULL),
(858, '2018-10-19 11:01:46', '', '4', 'ko', 50, 76, NULL),
(859, '2018-10-19 11:01:46', '09/09/9999', '4', 'ko', 50, 78, NULL),
(860, '2018-10-19 11:01:46', '09/09/9999', '4', 'ko', 50, 79, NULL),
(861, '2018-10-19 11:01:46', '', '4', 'ko', 50, 83, NULL),
(862, '2018-10-19 11:01:46', '', '4', 'ko', 50, 84, NULL),
(863, '2018-10-19 11:01:46', '', '4', 'ko', 50, 85, NULL),
(864, '2018-10-19 11:01:46', '', '4', 'ko', 50, 86, NULL),
(865, '2018-10-19 11:01:46', '', '4', 'ko', 50, 87, NULL),
(866, '2018-10-19 11:01:46', '', '4', 'ko', 50, 88, NULL),
(867, '2018-10-19 11:01:46', '', '4', 'ko', 50, 89, NULL),
(868, '2018-10-19 11:01:46', '', '4', 'ko', 50, 96, NULL),
(869, '2018-10-19 11:01:46', '1', '4', 'ko', 50, 99, NULL),
(870, '2018-10-19 11:01:46', '', '4', 'ko', 50, 100, NULL),
(871, '2018-10-19 11:01:46', '', '4', 'ko', 50, 261, NULL),
(872, '2018-10-19 11:01:46', '', '4', 'ko', 50, 108, NULL),
(873, '2018-10-19 11:01:46', '', '4', 'ko', 50, 135, NULL),
(874, '2018-10-19 11:01:46', '', '4', 'ko', 50, 262, NULL),
(875, '2018-10-19 11:01:46', '', '4', 'ko', 50, 256, NULL),
(876, '2018-10-19 11:01:46', '', '4', 'ko', 50, 263, NULL),
(877, '2018-10-19 11:01:46', '', '4', 'ko', 50, 143, NULL),
(878, '2018-10-19 11:01:46', '', '4', 'ko', 50, 238, NULL),
(879, '2018-10-19 11:01:46', '', '4', 'ko', 50, 237, NULL),
(880, '2018-10-19 11:01:46', '', '4', 'ko', 50, 257, NULL),
(881, '2018-10-19 11:01:46', '', '4', 'ko', 50, 258, NULL),
(882, '2018-10-19 11:01:46', '', '4', 'ko', 50, 259, NULL),
(883, '2018-10-19 11:01:46', '', '4', 'ko', 50, 264, NULL),
(884, '2018-10-19 11:01:46', '', '4', 'ko', 50, 260, NULL),
(885, '2018-10-19 11:01:46', '', '4', 'ko', 50, 241, NULL),
(886, '2018-10-19 11:01:46', '', '4', 'ko', 50, 221, NULL),
(887, '2018-10-19 11:01:46', '', '4', 'ko', 50, 222, NULL),
(888, '2018-10-19 11:01:46', '', '4', 'ko', 50, 146, NULL),
(889, '2018-10-19 11:01:46', '', '4', 'ko', 50, 147, NULL),
(890, '2018-10-19 11:01:46', '', '4', 'ko', 50, 148, NULL),
(891, '2018-10-19 11:01:46', '', '4', 'ko', 50, 149, NULL),
(892, '2018-10-19 11:01:46', '', '4', 'ko', 50, 150, NULL),
(893, '2018-10-19 11:02:48', '', '4', 'ko', 51, 72, NULL),
(894, '2018-10-19 11:02:48', '', '4', 'ko', 51, 73, NULL),
(895, '2018-10-19 11:02:48', '', '4', 'ko', 51, 74, NULL),
(896, '2018-10-19 11:02:48', '', '4', 'ko', 51, 75, NULL),
(897, '2018-10-19 11:02:48', '', '4', 'ko', 51, 76, NULL),
(898, '2018-10-19 11:02:48', '09/09/9999', '4', 'ko', 51, 78, NULL),
(899, '2018-10-19 11:02:48', '09/09/9999', '4', 'ko', 51, 79, NULL),
(900, '2018-10-19 11:02:48', '', '4', 'ko', 51, 83, NULL),
(901, '2018-10-19 11:02:48', '', '4', 'ko', 51, 84, NULL),
(902, '2018-10-19 11:02:48', '', '4', 'ko', 51, 85, NULL),
(903, '2018-10-19 11:02:48', '', '4', 'ko', 51, 86, NULL),
(904, '2018-10-19 11:02:48', '', '4', 'ko', 51, 87, NULL),
(905, '2018-10-19 11:02:48', '', '4', 'ko', 51, 88, NULL),
(906, '2018-10-19 11:02:48', '', '4', 'ko', 51, 89, NULL),
(907, '2018-10-19 11:02:48', '', '4', 'ko', 51, 96, NULL),
(908, '2018-10-19 11:02:48', '1', '4', 'ko', 51, 99, NULL),
(909, '2018-10-19 11:02:48', '', '4', 'ko', 51, 100, NULL),
(910, '2018-10-19 11:02:48', '', '4', 'ko', 51, 261, NULL),
(911, '2018-10-19 11:02:48', '', '4', 'ko', 51, 108, NULL),
(912, '2018-10-19 11:02:48', '', '4', 'ko', 51, 135, NULL),
(913, '2018-10-19 11:02:48', '', '4', 'ko', 51, 262, NULL),
(914, '2018-10-19 11:02:48', '', '4', 'ko', 51, 256, NULL),
(915, '2018-10-19 11:02:48', '', '4', 'ko', 51, 263, NULL),
(916, '2018-10-19 11:02:48', '', '4', 'ko', 51, 143, NULL),
(917, '2018-10-19 11:02:48', '', '4', 'ko', 51, 238, NULL),
(918, '2018-10-19 11:02:48', '', '4', 'ko', 51, 237, NULL),
(919, '2018-10-19 11:02:48', '', '4', 'ko', 51, 257, NULL),
(920, '2018-10-19 11:02:48', '', '4', 'ko', 51, 258, NULL),
(921, '2018-10-19 11:02:48', '', '4', 'ko', 51, 259, NULL),
(922, '2018-10-19 11:02:48', '', '4', 'ko', 51, 264, NULL),
(923, '2018-10-19 11:02:48', '', '4', 'ko', 51, 260, NULL),
(924, '2018-10-19 11:02:48', '', '4', 'ko', 51, 241, NULL),
(925, '2018-10-19 11:02:48', '', '4', 'ko', 51, 221, NULL),
(926, '2018-10-19 11:02:48', '', '4', 'ko', 51, 222, NULL),
(927, '2018-10-19 11:02:48', '', '4', 'ko', 51, 146, NULL),
(928, '2018-10-19 11:02:48', '', '4', 'ko', 51, 147, NULL),
(929, '2018-10-19 11:02:48', '', '4', 'ko', 51, 148, NULL),
(930, '2018-10-19 11:02:48', '', '4', 'ko', 51, 149, NULL),
(931, '2018-10-19 11:02:48', '', '4', 'ko', 51, 150, NULL),
(932, '2018-10-19 11:08:09', '', '2', 'ko', 51, 1, NULL),
(933, '2018-10-19 11:08:09', '', '2', 'ko', 51, 2, NULL),
(934, '2018-10-19 11:08:09', '', '2', 'ko', 51, 3, NULL),
(935, '2018-10-19 11:08:09', '', '2', 'ko', 51, 4, NULL),
(936, '2018-10-19 11:08:09', '', '2', 'ko', 51, 5, NULL),
(937, '2018-10-19 11:08:09', '3', '2', 'ko', 51, 9, NULL),
(938, '2018-10-19 11:08:09', '3', '2', 'ko', 51, 10, NULL),
(939, '2018-10-19 11:08:09', '', '2', 'ko', 51, 11, NULL),
(940, '2018-10-19 11:08:09', '', '2', 'ko', 51, 12, NULL),
(941, '2018-10-19 11:08:09', '', '2', 'ko', 51, 13, NULL),
(942, '2018-10-19 11:08:09', '', '2', 'ko', 51, 14, NULL),
(943, '2018-10-19 11:08:09', '', '2', 'ko', 51, 15, NULL),
(944, '2018-10-19 11:08:09', '', '2', 'ko', 51, 16, NULL),
(945, '2018-10-19 11:08:09', '', '2', 'ko', 51, 20, NULL),
(946, '2018-10-19 11:08:37', '', '2', 'ko', 50, 1, NULL),
(947, '2018-10-19 11:08:37', '', '2', 'ko', 50, 2, NULL),
(948, '2018-10-19 11:08:37', '', '2', 'ko', 50, 3, NULL),
(949, '2018-10-19 11:08:37', '', '2', 'ko', 50, 4, NULL),
(950, '2018-10-19 11:08:37', '', '2', 'ko', 50, 5, NULL),
(951, '2018-10-19 11:08:37', '3', '2', 'ko', 50, 9, NULL),
(952, '2018-10-19 11:08:37', '3', '2', 'ko', 50, 10, NULL),
(953, '2018-10-19 11:08:37', '', '2', 'ko', 50, 11, NULL),
(954, '2018-10-19 11:08:37', '', '2', 'ko', 50, 12, NULL),
(955, '2018-10-19 11:08:37', '', '2', 'ko', 50, 13, NULL),
(956, '2018-10-19 11:08:37', '', '2', 'ko', 50, 14, NULL),
(957, '2018-10-19 11:08:37', '', '2', 'ko', 50, 15, NULL),
(958, '2018-10-19 11:08:37', '', '2', 'ko', 50, 16, NULL),
(959, '2018-10-19 11:08:37', '', '2', 'ko', 50, 20, NULL),
(960, '2018-10-19 11:09:03', '', '2', 'ko', 49, 1, NULL),
(961, '2018-10-19 11:09:03', '', '2', 'ko', 49, 2, NULL),
(962, '2018-10-19 11:09:03', '', '2', 'ko', 49, 3, NULL),
(963, '2018-10-19 11:09:03', '', '2', 'ko', 49, 4, NULL),
(964, '2018-10-19 11:09:03', '', '2', 'ko', 49, 5, NULL),
(965, '2018-10-19 11:09:03', '3', '2', 'ko', 49, 9, NULL),
(966, '2018-10-19 11:09:03', '3', '2', 'ko', 49, 10, NULL),
(967, '2018-10-19 11:09:03', '', '2', 'ko', 49, 11, NULL),
(968, '2018-10-19 11:09:03', '', '2', 'ko', 49, 12, NULL),
(969, '2018-10-19 11:09:03', '', '2', 'ko', 49, 13, NULL),
(970, '2018-10-19 11:09:03', '', '2', 'ko', 49, 14, NULL),
(971, '2018-10-19 11:09:03', '', '2', 'ko', 49, 15, NULL),
(972, '2018-10-19 11:09:03', '', '2', 'ko', 49, 16, NULL),
(973, '2018-10-19 11:09:03', '', '2', 'ko', 49, 20, NULL);

-- --------------------------------------------------------

--
-- Structure de la table `item`
--

CREATE TABLE `item` (
  `id` int(11) NOT NULL,
  `code` varchar(255) DEFAULT NULL,
  `intitule` varchar(255) NOT NULL,
  `periode_intervention` varchar(250) DEFAULT NULL,
  `categorie` varchar(30) DEFAULT NULL,
  `sous_categorie` varchar(30) DEFAULT NULL,
  `obligatoire` varchar(1) DEFAULT NULL,
  `qualite` varchar(2) DEFAULT NULL,
  `fdr` varchar(2) DEFAULT NULL,
  `commun` varchar(2) DEFAULT NULL,
  `facteur pronostic` varchar(2) DEFAULT NULL,
  `facteur` varchar(2) DEFAULT NULL
) ENGINE=InnoDB DEFAULT CHARSET=utf8;

--
-- Déchargement des données de la table `item`
--

INSERT INTO `item` (`id`, `code`, `intitule`, `periode_intervention`, `categorie`, `sous_categorie`, `obligatoire`, `qualite`, `fdr`, `commun`, `facteur pronostic`, `facteur`) VALUES
(1, 'q1_item', 'Tabac (non si sevrage>6semaines)', NULL, 'comorbidité', NULL, NULL, NULL, NULL, NULL, NULL, NULL),
(2, 'q2_item', 'Accident vasculaire cérébral', NULL, 'comorbidité', NULL, NULL, NULL, NULL, NULL, NULL, NULL),
(3, 'q3_item', 'Cardiopathie ischémique', NULL, 'comorbidité', NULL, NULL, NULL, NULL, NULL, NULL, NULL),
(4, 'q4_item', 'Diabète', NULL, 'comorbidité', NULL, NULL, NULL, NULL, NULL, NULL, NULL),
(5, 'q5_item', 'Traitement anti-coagulant', NULL, 'comorbidité', NULL, NULL, NULL, NULL, NULL, NULL, NULL),
(6, 'q6_item', 'Hépatopathie chronique', NULL, 'comorbidité', NULL, NULL, NULL, NULL, NULL, NULL, NULL),
(7, 'q7_item', ' Score Child Pugh 5 à 1', NULL, 'comorbidité', NULL, NULL, NULL, NULL, NULL, NULL, NULL),
(8, 'q8_item', 'Score MELD', NULL, 'comorbidité', NULL, NULL, NULL, NULL, NULL, NULL, NULL),
(9, 'q9_item', 'Score ASA', NULL, 'comorbidité', NULL, NULL, NULL, NULL, NULL, NULL, NULL),
(10, 'q10_item', 'Score OMS', NULL, 'comorbidité', NULL, NULL, NULL, NULL, NULL, NULL, NULL),
(11, 'q11_item', 'Poids (kg)', NULL, 'comorbidité', NULL, NULL, NULL, NULL, NULL, NULL, NULL),
(12, 'q12_item', 'Taille (mètre)', NULL, 'comorbidité', NULL, NULL, NULL, NULL, NULL, NULL, NULL),
(13, 'q13_item', 'Indice de masse corporelle (kg/m2)', NULL, 'comorbidité', NULL, NULL, NULL, NULL, NULL, NULL, NULL),
(14, 'q14_item', 'Amaigrissement (kg)', NULL, 'comorbidité', NULL, NULL, NULL, NULL, NULL, NULL, NULL),
(15, 'q15_item', 'Pourcentage de poids perdu', NULL, 'comorbidité', NULL, NULL, NULL, NULL, NULL, NULL, NULL),
(16, 'q16_item', 'Taux d\'hémoglobine (g/dl)', NULL, 'comorbidité', NULL, NULL, NULL, NULL, NULL, NULL, NULL),
(17, 'q17_item', 'Taux de plaquettes (/mm3)', NULL, 'comorbidité', NULL, NULL, NULL, NULL, NULL, NULL, NULL),
(18, 'q18_item', 'Biluribine totale maximale (mg/l)', NULL, 'comorbidité', NULL, NULL, NULL, NULL, NULL, NULL, NULL),
(19, 'q19_item', 'Biluribine totale préparatoire (mg/l)', NULL, 'comorbidité', NULL, NULL, NULL, NULL, NULL, NULL, NULL),
(20, 'q20_item', 'Taux d\'albumine (g/l)', NULL, 'comorbidité', NULL, NULL, NULL, NULL, NULL, NULL, NULL),
(21, 'q21_item', 'Antécédents d\'hépatectomie(s)', NULL, 'Maladie pré thérapeutique', NULL, NULL, NULL, NULL, NULL, NULL, NULL),
(22, 'q22_item', 'Délai de la dernière hépatectomie', NULL, 'Maladie pré thérapeutique', NULL, NULL, NULL, NULL, NULL, NULL, NULL),
(23, 'q23_item', 'Statut du primitif', NULL, 'Maladie pré thérapeutique', NULL, NULL, NULL, NULL, NULL, NULL, NULL),
(24, 'q24_item', 'Si primitif réséqué ou en place', NULL, 'Maladie pré thérapeutique', NULL, NULL, NULL, NULL, NULL, NULL, NULL),
(25, 'q25_item', 'Si primitif réséqué:recul', NULL, 'Maladie pré thérapeutique', NULL, NULL, NULL, NULL, NULL, NULL, NULL),
(26, 'q26_item', 'Taux d\'ACE initial', NULL, 'Maladie pré thérapeutique', NULL, NULL, NULL, NULL, NULL, NULL, NULL),
(27, 'q27_item', 'Taux de CA 19-9 initial', NULL, 'Maladie pré thérapeutique', NULL, NULL, NULL, NULL, NULL, NULL, NULL),
(28, 'q28_item', 'Taux d\'AFP initial', NULL, 'Maladie pré thérapeutique', NULL, NULL, NULL, NULL, NULL, NULL, NULL),
(29, 'q29_item', 'Preuve histologique pré opératoire', NULL, 'Maladie pré thérapeutique', NULL, NULL, NULL, NULL, NULL, NULL, NULL),
(30, 'q30_item', 'Type histologique sur la biopsie', NULL, 'Maladie pré thérapeutique', NULL, NULL, NULL, NULL, NULL, NULL, NULL),
(31, 'q31_item', 'Différenciation histologique préopératoire', NULL, 'Maladie pré thérapeutique', NULL, NULL, NULL, NULL, NULL, NULL, NULL),
(32, 'q32_item', 'Présence de cellules indépendantes', NULL, 'Maladie pré thérapeutique', NULL, NULL, NULL, NULL, NULL, NULL, NULL),
(33, 'q33_item', 'Si TNE, KI67 (%)', NULL, 'Maladie pré thérapeutique', NULL, NULL, NULL, NULL, NULL, NULL, NULL),
(34, 'q34_item', 'TDM thoracique', NULL, 'Maladie pré thérapeutique', NULL, NULL, NULL, NULL, NULL, NULL, NULL),
(35, 'q35_item', 'TDM abdominale', NULL, 'Maladie pré thérapeutique', NULL, NULL, NULL, NULL, NULL, NULL, NULL),
(36, 'q36_item', 'TDM cervicale', NULL, 'Maladie pré thérapeutique', NULL, NULL, NULL, NULL, NULL, NULL, NULL),
(37, 'q37_item', 'IRM', NULL, 'Maladie pré thérapeutique', NULL, NULL, NULL, NULL, NULL, NULL, NULL),
(38, 'q38_item', 'IRM pelvienne', NULL, 'Maladie pré thérapeutique', NULL, NULL, NULL, NULL, NULL, NULL, NULL),
(39, 'q39_item', 'IRM pancréato-biliaire', NULL, 'Maladie pré thérapeutique', NULL, NULL, NULL, NULL, NULL, NULL, NULL),
(40, 'q40_item', 'IRM abdominale', NULL, 'Maladie pré thérapeutique', NULL, NULL, NULL, NULL, NULL, NULL, NULL),
(41, 'q41_item', 'Echo-endoscopie pancréato-biliaire', NULL, 'Maladie pré thérapeutique', NULL, NULL, NULL, NULL, NULL, NULL, NULL),
(42, 'q42_item', 'Echo-endoscopie rectale', NULL, 'Maladie pré thérapeutique', NULL, NULL, NULL, NULL, NULL, NULL, NULL),
(43, 'q43_item', 'Coloscopie totale', NULL, 'Maladie pré thérapeutique', NULL, NULL, NULL, NULL, NULL, NULL, NULL),
(44, 'q44_item', 'Videocapsule', NULL, 'Maladie pré thérapeutique', NULL, NULL, NULL, NULL, NULL, NULL, NULL),
(45, 'q45_item', 'Echo-endoscopie OGD', NULL, 'Maladie pré thérapeutique', NULL, NULL, NULL, NULL, NULL, NULL, NULL),
(46, 'q46_item', 'Bronscopie', NULL, 'Maladie pré thérapeutique', NULL, NULL, NULL, NULL, NULL, NULL, NULL),
(47, 'q47_item', 'FOGD', NULL, 'Maladie pré thérapeutique', NULL, NULL, NULL, NULL, NULL, NULL, NULL),
(48, 'q48_item', 'PET scan', NULL, 'Maladie pré thérapeutique', NULL, NULL, NULL, NULL, NULL, NULL, NULL),
(49, 'q49_item', 'Tumeur biliaire synchrone nécessitant une hépatectomie', NULL, 'Maladie pré thérapeutique', NULL, NULL, NULL, NULL, NULL, NULL, NULL),
(50, 'q50_item', 'Localisation tumorale présumée', NULL, 'Maladie pré thérapeutique', NULL, NULL, NULL, NULL, NULL, NULL, NULL),
(51, 'q51_item', 'délai de cholécystectomie-chirurgie', NULL, 'Maladie pré thérapeutique', NULL, NULL, NULL, NULL, NULL, NULL, NULL),
(52, 'q52_item', 'Nombre de nodules', NULL, 'Maladie pré thérapeutique', NULL, NULL, NULL, NULL, NULL, NULL, NULL),
(53, 'q53_item', 'Diamètre du plus grand nodule', NULL, 'Maladie pré thérapeutique', NULL, NULL, NULL, NULL, NULL, NULL, NULL),
(54, 'q54_item', 'Stade Bismuth', NULL, 'Maladie pré thérapeutique', NULL, NULL, NULL, NULL, NULL, NULL, NULL),
(55, 'q55_item', 'Siège par rapport à la marge anale', NULL, 'Maladie pré thérapeutique', NULL, NULL, NULL, NULL, NULL, NULL, NULL),
(56, 'q56_item', 'Tumeur colique synchrone', NULL, 'Maladie pré thérapeutique', NULL, NULL, NULL, NULL, NULL, NULL, NULL),
(57, 'q57_item', 'Siège de la tumeur', NULL, 'Maladie pré thérapeutique', NULL, NULL, NULL, NULL, NULL, NULL, NULL),
(58, 'q58_item', 'Tumeur colorectale synchrone', NULL, 'Maladie pré thérapeutique', NULL, NULL, NULL, NULL, NULL, NULL, NULL),
(59, 'q59_item', 'Siège de la tumeur de l\'angle de treitz', NULL, 'Maladie pré thérapeutique', NULL, NULL, NULL, NULL, NULL, NULL, NULL),
(60, 'q60_item', 'Si Pancréas, localisation(s)', NULL, 'Maladie pré thérapeutique', NULL, NULL, NULL, NULL, NULL, NULL, NULL),
(61, 'q61_item', 'Type d\'extension locale', NULL, 'Maladie pré thérapeutique', NULL, NULL, NULL, NULL, NULL, NULL, NULL),
(62, 'q62_item', 'Siège (arcades dentaires) ', NULL, 'Maladie pré thérapeutique', NULL, NULL, NULL, NULL, NULL, NULL, NULL),
(63, 'q63_item', 'Siège=tiers superieur', NULL, 'Maladie pré thérapeutique', NULL, NULL, NULL, NULL, NULL, NULL, NULL),
(64, 'q64_item', 'Siège = tiers moyen', NULL, 'Maladie pré thérapeutique', NULL, NULL, NULL, NULL, NULL, NULL, NULL),
(65, 'q65_item', 'Siège = tiers inférieur', NULL, 'Maladie pré thérapeutique', NULL, NULL, NULL, NULL, NULL, NULL, NULL),
(66, 'q66_item', 'Siège = Cardia', NULL, 'Maladie pré thérapeutique', NULL, NULL, NULL, NULL, NULL, NULL, NULL),
(67, 'q67_item', 'Stade T pré thérapeutique du primitif', NULL, 'Maladie pré thérapeutique', NULL, NULL, NULL, NULL, NULL, NULL, NULL),
(68, 'q68_item', 'Stade N pré thérapeutique du primitif', NULL, 'Maladie pré thérapeutique', NULL, NULL, NULL, NULL, NULL, NULL, NULL),
(69, 'q69_item', 'Stade M pré thérapeutique', NULL, 'Maladie pré thérapeutique', NULL, 'M', NULL, NULL, NULL, NULL, NULL),
(70, 'q70_item', 'Si M1, siège des métastases', NULL, 'Maladie pré thérapeutique', NULL, NULL, NULL, NULL, NULL, NULL, NULL),
(71, 'q71_item', 'Siège des métastases extra hépatiques', NULL, 'Maladie pré thérapeutique', NULL, NULL, NULL, NULL, NULL, NULL, NULL),
(72, 'q72_item', 'Date RCP avant le début du traitement', NULL, 'Traitement', NULL, NULL, NULL, NULL, NULL, NULL, NULL),
(73, 'q73_item', 'Date du début du traitement', NULL, 'Traitement', NULL, NULL, NULL, NULL, NULL, NULL, NULL),
(74, 'q74_item', 'Délai RCP - début de traitement', NULL, 'Traitement', NULL, NULL, NULL, NULL, NULL, NULL, NULL),
(75, 'q75_item', 'Traitement néo-adjuvant', NULL, 'Traitement', NULL, NULL, NULL, NULL, NULL, NULL, NULL),
(76, 'q76_item', 'Chimiothérapie(nombre de cycle)', NULL, 'Traitement', NULL, NULL, NULL, NULL, NULL, NULL, NULL),
(77, 'q77_item', 'Radiothérapie néoadjuvante', NULL, 'Traitement', NULL, NULL, NULL, NULL, NULL, NULL, NULL),
(78, 'q78_item', 'Date de début du traitement néo-adjuvant', NULL, 'Traitement', NULL, NULL, NULL, NULL, NULL, NULL, NULL),
(79, 'q79_item', 'Date de fin du traitement néo-adjuvant', NULL, 'Traitement', NULL, NULL, NULL, NULL, NULL, NULL, NULL),
(80, 'q80_item', 'Chimioembolisation', NULL, 'Traitement', NULL, NULL, NULL, NULL, NULL, NULL, NULL),
(81, 'q81_item', 'Destruction percutanée', NULL, 'Traitement', NULL, NULL, NULL, NULL, NULL, NULL, NULL),
(82, 'q82_item', 'Chimiothérapie (nombre de ligne)', NULL, 'Traitement', NULL, NULL, NULL, NULL, NULL, NULL, NULL),
(83, 'q83_item', 'Opérateur1', NULL, 'Traitement', NULL, NULL, NULL, NULL, NULL, NULL, NULL),
(84, 'q84_item', 'Opérateur2', NULL, 'Traitement', NULL, NULL, NULL, NULL, NULL, NULL, NULL),
(85, 'q85_item', 'Date de chirurgie', NULL, 'Traitement', NULL, NULL, NULL, NULL, NULL, NULL, NULL),
(86, 'q86_item', 'Opéré en urgence', NULL, 'Traitement', NULL, NULL, NULL, NULL, NULL, NULL, NULL),
(87, 'q87_item', 'Délai entre la fin du traitement néo-adjuvant et la chirurgie (jours)', NULL, 'Traitement', NULL, NULL, NULL, NULL, NULL, NULL, NULL),
(88, 'q88_item', 'Préparation nutritionnelle', NULL, 'Traitement', NULL, NULL, NULL, NULL, NULL, NULL, NULL),
(89, 'q89_item', 'Préparation colique', NULL, 'Traitement', NULL, NULL, NULL, NULL, NULL, NULL, NULL),
(90, 'q90_item', 'Hépatectomie en 2 temps', NULL, 'Traitement', NULL, NULL, NULL, NULL, NULL, NULL, NULL),
(91, 'q91_item', 'Embolisation portale', NULL, 'Traitement', NULL, NULL, NULL, NULL, NULL, NULL, NULL),
(92, 'q92_item', 'Ratio foie restant-poids corporel préopératoire (%)', NULL, 'Traitement', NULL, NULL, NULL, NULL, NULL, NULL, NULL),
(93, 'q93_item', 'Drainage biliaire préopératoire', NULL, 'Traitement', NULL, NULL, NULL, NULL, NULL, NULL, NULL),
(94, 'q94_item', 'Stomie d\'alimentation', NULL, 'Traitement', NULL, NULL, NULL, NULL, NULL, NULL, NULL),
(95, 'q95_item', 'Prothèse oesophagienne endoscopie', NULL, 'Traitement', NULL, NULL, NULL, NULL, NULL, NULL, NULL),
(96, 'q96_item', 'Voie d\'abord', NULL, 'Traitement', NULL, NULL, NULL, NULL, NULL, NULL, NULL),
(97, 'q97_item', 'Si Abord abdominal', NULL, 'Traitement', NULL, NULL, NULL, NULL, NULL, NULL, NULL),
(98, 'q98_item', 'Si Abord Thoracique', NULL, 'Traitement', NULL, NULL, NULL, NULL, NULL, NULL, NULL),
(99, 'q99_item', 'Résection', NULL, 'Traitement', NULL, NULL, NULL, NULL, NULL, NULL, NULL),
(100, 'q100_item', 'Type de geste', NULL, 'Traitement', NULL, NULL, NULL, NULL, NULL, NULL, NULL),
(101, 'q101_item', 'Type de résection oesophagienne', NULL, 'Traitement', NULL, NULL, NULL, NULL, NULL, NULL, NULL),
(102, 'q102_item', 'Type de résection gastrique', NULL, 'Traitement', NULL, NULL, NULL, NULL, NULL, NULL, NULL),
(103, 'q103_item', 'Type de curage', NULL, 'Traitement', NULL, NULL, NULL, NULL, NULL, NULL, NULL),
(104, 'q104_item', 'Type de rétablissement', NULL, 'Traitement', NULL, NULL, NULL, NULL, NULL, NULL, NULL),
(105, 'q105_item', 'Type de réservoir', NULL, 'Traitement', NULL, NULL, NULL, NULL, NULL, NULL, NULL),
(106, 'q106_item', 'Poumon réséqueé à distance', NULL, 'Traitement', NULL, NULL, NULL, NULL, NULL, NULL, NULL),
(107, 'q107_item', 'Type de reconstruction', NULL, 'Traitement', NULL, NULL, NULL, NULL, NULL, NULL, NULL),
(108, 'q108_item', 'Stomie de protection', NULL, 'Traitement', NULL, NULL, NULL, NULL, NULL, NULL, NULL),
(109, 'q109_item', 'Utilisation de l\'Echographie', NULL, 'Traitement', NULL, NULL, NULL, NULL, NULL, NULL, NULL),
(110, 'q110_item', 'Nombre d\'hépatectomies', NULL, 'Traitement', NULL, NULL, NULL, NULL, NULL, NULL, NULL),
(111, 'q111_item', 'Hépatectomie majeure?', NULL, 'Traitement', NULL, NULL, NULL, NULL, NULL, NULL, NULL),
(112, 'q112_item', 'Bisegmentectomie?', NULL, 'Traitement', NULL, NULL, NULL, NULL, NULL, NULL, NULL),
(113, 'q113_item', 'Segmentectomie ou tumorectomie?', NULL, 'Traitement', NULL, NULL, NULL, NULL, NULL, NULL, NULL),
(114, 'q114_item', 'Destruction locale?', NULL, 'Traitement', NULL, NULL, NULL, NULL, NULL, NULL, NULL),
(115, 'q115_item', 'Durée cumulée de clampage pédiculaire (min)', NULL, 'Traitement', NULL, NULL, NULL, NULL, NULL, NULL, NULL),
(116, 'q116_item', 'PVC en début d\'hépatectomie (cmH2O)', NULL, 'Traitement', NULL, NULL, NULL, NULL, NULL, NULL, NULL),
(117, 'q117_item', 'Anastomose bilio-digestive', NULL, 'Traitement', NULL, NULL, NULL, NULL, NULL, NULL, NULL),
(118, 'q118_item', 'Curage pédiculaire hépatique', NULL, 'Traitement', NULL, NULL, NULL, NULL, NULL, NULL, NULL),
(119, 'q119_item', 'Examen extemporané sur les ganglions', NULL, 'Traitement', NULL, NULL, NULL, NULL, NULL, NULL, NULL),
(120, 'q120_item', 'Examen extemporané sur les marges biliaires', NULL, 'Traitement', NULL, NULL, NULL, NULL, NULL, NULL, NULL),
(121, 'q121_item', 'Anastomose bilio-digestive', NULL, 'Traitement', NULL, NULL, NULL, NULL, NULL, NULL, NULL),
(122, 'q122_item', 'Anastomose pancréatico-digestive', NULL, 'Traitement', NULL, NULL, NULL, NULL, NULL, NULL, NULL),
(123, 'q123_item', 'Intubation de l\'anastomose pancréatico-digestive', NULL, 'Traitement', NULL, NULL, NULL, NULL, NULL, NULL, NULL),
(124, 'q124_item', 'Diamètre du Wirsung', NULL, 'Traitement', NULL, NULL, NULL, NULL, NULL, NULL, NULL),
(125, 'q125_item', 'Consistance du pancréas', NULL, 'Traitement', NULL, NULL, NULL, NULL, NULL, NULL, NULL),
(126, 'q126_item', 'Examen extemporané sur les ganglions', NULL, 'Traitement', NULL, NULL, NULL, NULL, NULL, NULL, NULL),
(127, 'q127_item', 'Examen extemporané sur les marges', NULL, 'Traitement', NULL, NULL, NULL, NULL, NULL, NULL, NULL),
(128, 'q128_item', 'Nombre de tumeurs réséquées', NULL, 'Traitement', NULL, NULL, NULL, NULL, NULL, NULL, NULL),
(129, 'q129_item', 'Longueur de grele réséquée', NULL, 'Traitement', NULL, NULL, NULL, NULL, NULL, NULL, NULL),
(130, 'q130_item', 'Nombre d\'anastomoses', NULL, 'Traitement', NULL, NULL, NULL, NULL, NULL, NULL, NULL),
(131, 'q131_item', 'Iléostomie', NULL, 'Traitement', NULL, NULL, NULL, NULL, NULL, NULL, NULL),
(132, 'q132_item', 'Si résection œsophagienne, type de plastie', NULL, 'Traitement', NULL, NULL, NULL, NULL, NULL, NULL, NULL),
(133, 'q133_item', 'type de reconstruction', NULL, 'Traitement', NULL, NULL, NULL, NULL, NULL, NULL, NULL),
(134, 'q134_item', 'Cytologie péritoneale', NULL, 'Traitement', NULL, NULL, NULL, NULL, NULL, NULL, NULL),
(135, 'q135_item', 'Résection associée', NULL, 'Traitement', NULL, NULL, NULL, NULL, NULL, NULL, NULL),
(136, 'q136_item', 'Résection locale Veine porte', NULL, 'Traitement', NULL, NULL, NULL, NULL, NULL, NULL, NULL),
(137, 'q137_item', 'Reconstruction Veine porte', NULL, 'Traitement', NULL, NULL, NULL, NULL, NULL, NULL, NULL),
(138, 'q138_item', 'Résection locale Veine cave', NULL, 'Traitement', NULL, NULL, NULL, NULL, NULL, NULL, NULL),
(139, 'q139_item', 'Reconstruction Veine cave', NULL, 'Traitement', NULL, NULL, NULL, NULL, NULL, NULL, NULL),
(140, 'q140_item', 'Résection locale Voies biliaires', NULL, 'Traitement', NULL, NULL, NULL, NULL, NULL, NULL, NULL),
(141, 'q141_item', 'Résection locale Diaphragme', NULL, 'Traitement', NULL, NULL, NULL, NULL, NULL, NULL, NULL),
(142, 'q142_item', 'Résection locale Colon', NULL, 'Traitement', NULL, NULL, NULL, NULL, NULL, NULL, NULL),
(143, 'q143_item', 'Résection locale Estomac', NULL, 'Traitement', NULL, NULL, NULL, NULL, NULL, NULL, NULL),
(144, 'q144_item', 'Organes réséqués en local', NULL, 'Traitement', NULL, NULL, NULL, NULL, NULL, NULL, NULL),
(145, 'q145_item', 'Organes réséqués à distance', NULL, 'Traitement', NULL, NULL, NULL, NULL, NULL, NULL, NULL),
(146, 'q146_item', 'Perforation tumorale per opératoire', NULL, 'Traitement', NULL, NULL, NULL, NULL, NULL, NULL, NULL),
(147, 'q147_item', 'Contamination per opératoire', NULL, 'Traitement', NULL, NULL, NULL, NULL, NULL, NULL, NULL),
(148, 'q148_item', 'Durée opératoire (minutes)', NULL, 'Traitement', NULL, NULL, NULL, NULL, NULL, NULL, NULL),
(149, 'q149_item', 'Pertes sanguines estimées (cc)', NULL, 'Traitement', NULL, NULL, NULL, NULL, NULL, NULL, NULL),
(150, 'q150_item', 'Culots globulaires transfusés en per opératoire', NULL, 'Traitement', NULL, NULL, NULL, NULL, NULL, NULL, NULL),
(151, 'q151_item', 'Hémorragie', NULL, 'Morbi-mortalité', NULL, NULL, NULL, NULL, NULL, NULL, NULL),
(152, 'q152_item', 'Culots globulaires transfusés en postopératoire', NULL, 'Morbi-mortalité', NULL, NULL, NULL, NULL, NULL, NULL, NULL),
(153, 'q153_item', 'Infection de paroi', NULL, 'Morbi-mortalité', NULL, NULL, NULL, NULL, NULL, NULL, NULL),
(154, 'q154_item', 'Collection profonde', NULL, 'Morbi-mortalité', NULL, NULL, NULL, NULL, NULL, NULL, NULL),
(155, 'q155_item', 'Fistule anastomotique', NULL, 'Morbi-mortalité', NULL, NULL, NULL, NULL, NULL, NULL, NULL),
(156, 'q156_item', 'Fistule digestive', NULL, 'Morbi-mortalité', NULL, NULL, NULL, NULL, NULL, NULL, NULL),
(157, 'q157_item', 'Fistule pancréatique', NULL, 'Morbi-mortalité', NULL, NULL, NULL, NULL, NULL, NULL, NULL),
(158, 'q158_item', 'Trouble de la vidange gastrique', NULL, 'Morbi-mortalité', NULL, NULL, NULL, NULL, NULL, NULL, NULL),
(159, 'q159_item', 'Dosage amylase ou lipase dans le drainage à partir de j3', NULL, 'Morbi-mortalité', NULL, NULL, NULL, NULL, NULL, NULL, NULL),
(160, 'q160_item', 'Insuffisance hépathique', NULL, 'Morbi-mortalité', NULL, NULL, NULL, NULL, NULL, NULL, NULL),
(161, 'q161_item', 'Fistule biliaire', NULL, 'Morbi-mortalité', NULL, NULL, NULL, NULL, NULL, NULL, NULL),
(162, 'q162_item', 'Ascite postopératoire', NULL, 'Morbi-mortalité', NULL, NULL, NULL, NULL, NULL, NULL, NULL),
(163, 'q163_item', 'Reprise chirurgicale', NULL, 'Morbi-mortalité', NULL, NULL, NULL, NULL, NULL, NULL, NULL),
(164, 'q164_item', 'Insuffisance rénale nécessitant une dialyse', NULL, 'Morbi-mortalité', NULL, NULL, NULL, NULL, NULL, NULL, NULL),
(165, 'q165_item', 'Complication médicales(clavien > 2)', NULL, 'Morbi-mortalité', NULL, NULL, NULL, NULL, NULL, NULL, NULL),
(166, 'q166_item', 'Durée de séjour en réanimation', NULL, 'Morbi-mortalité', NULL, NULL, NULL, NULL, NULL, NULL, NULL),
(167, 'q167_item', 'Score de Clavien maximal', NULL, 'Morbi-mortalité', NULL, NULL, NULL, NULL, NULL, NULL, NULL),
(168, 'q168_item', 'Date de sortie', NULL, 'Morbi-mortalité', NULL, NULL, NULL, NULL, NULL, NULL, NULL),
(169, 'q169_item', 'Durée de séjour', NULL, 'Morbi-mortalité', NULL, NULL, NULL, NULL, NULL, NULL, NULL),
(170, 'q170_item', 'Réadmission non programmée ', NULL, 'Morbi-mortalité', NULL, NULL, NULL, NULL, NULL, NULL, NULL),
(171, 'q171_item', 'Nombre de nodule sur pièce', NULL, 'Histologie de la pièce opérato', NULL, NULL, NULL, NULL, NULL, NULL, NULL),
(172, 'q172_item', 'Diamètre du plus grand nodule sur pièce', NULL, 'Histologie de la pièce opérato', NULL, NULL, NULL, NULL, NULL, NULL, NULL),
(173, 'q173_item', 'Localisation définitive', NULL, 'Histologie de la pièce opérato', NULL, NULL, NULL, NULL, NULL, NULL, NULL),
(174, 'q174_item', 'Type histologie', NULL, 'Histologie de la pièce opérato', NULL, NULL, NULL, NULL, NULL, NULL, NULL),
(175, 'q175_item', 'Différenciation', NULL, 'Histologie de la pièce opérato', NULL, NULL, NULL, NULL, NULL, NULL, NULL),
(176, 'q176_item', 'Pourcentage de mucine', NULL, 'Histologie de la pièce opérato', NULL, NULL, NULL, NULL, NULL, NULL, NULL),
(177, 'q177_item', 'Marge proximale minimale', NULL, 'Histologie de la pièce opérato', NULL, NULL, NULL, NULL, NULL, NULL, NULL),
(178, 'q178_item', 'Marge distale minimale', NULL, 'Histologie de la pièce opérato', NULL, NULL, NULL, NULL, NULL, NULL, NULL),
(179, 'q179_item', 'Marge circonferrentielle minimale', NULL, 'Histologie de la pièce opérato', NULL, NULL, NULL, NULL, NULL, NULL, NULL),
(180, 'q180_item', 'Marge gastrique minimale', NULL, 'Histologie de la pièce opérato', NULL, NULL, NULL, NULL, NULL, NULL, NULL),
(181, 'q181_item', 'Encrage de la lame rétroportale par le chirurgien', NULL, 'Histologie de la pièce opérato', NULL, NULL, NULL, NULL, NULL, NULL, NULL),
(182, 'q182_item', 'Marge pancréatique minimale', NULL, 'Histologie de la pièce opérato', NULL, NULL, NULL, NULL, NULL, NULL, NULL),
(183, 'q183_item', 'Marge grêlique minimale', NULL, 'Histologie de la pièce opérato', NULL, NULL, NULL, NULL, NULL, NULL, NULL),
(184, 'q184_item', 'Marge longitude la plus proche', NULL, 'Histologie de la pièce opérato', NULL, NULL, NULL, NULL, NULL, NULL, NULL),
(185, 'q185_item', 'Marge latérale', NULL, 'Histologie de la pièce opérato', NULL, NULL, NULL, NULL, NULL, NULL, NULL),
(186, 'q186_item', 'Marge hépatique minimale', NULL, 'Histologie de la pièce opérato', NULL, NULL, NULL, NULL, NULL, NULL, NULL),
(187, 'q187_item', 'Marge biliaire minimale', NULL, 'Histologie de la pièce opérato', NULL, NULL, NULL, NULL, NULL, NULL, NULL),
(188, 'q188_item', 'Marge digestive minimale', NULL, 'Histologie de la pièce opérato', NULL, NULL, NULL, NULL, NULL, NULL, NULL),
(189, 'q189_item', 'Marge rétroportale minimale', NULL, 'Histologie de la pièce opérato', NULL, NULL, NULL, NULL, NULL, NULL, NULL),
(190, 'q190_item', 'Marge veineuse portale minimale', NULL, 'Histologie de la pièce opérato', NULL, NULL, NULL, NULL, NULL, NULL, NULL),
(191, 'q191_item', 'Marge veineuse cave  minimale', NULL, 'Histologie de la pièce opérato', NULL, NULL, NULL, NULL, NULL, NULL, NULL),
(192, 'q192_item', 'Qualité du mésorectum', NULL, 'Histologie de la pièce opérato', NULL, NULL, NULL, NULL, NULL, NULL, NULL),
(193, 'q193_item', 'Nombre de ganglions examinés', NULL, 'Histologie de la pièce opérato', NULL, NULL, NULL, NULL, NULL, NULL, NULL),
(194, 'q194_item', 'Nombre de ganglions envahis', NULL, 'Histologie de la pièce opérato', NULL, NULL, NULL, NULL, NULL, NULL, NULL),
(195, 'q195_item', 'Stade T', NULL, 'Histologie de la pièce opérato', NULL, NULL, NULL, NULL, NULL, NULL, NULL),
(196, 'q196_item', 'Stade N', NULL, 'Histologie de la pièce opérato', NULL, NULL, NULL, NULL, NULL, NULL, NULL),
(197, 'q197_item', 'Stade M', NULL, 'Histologie de la pièce opérato', NULL, NULL, NULL, NULL, NULL, NULL, NULL),
(198, 'q198_item', 'Si tne,KI67%', NULL, 'Histologie de la pièce opérato', NULL, NULL, NULL, NULL, NULL, NULL, NULL),
(199, 'q199_item', 'Réponse histologie', NULL, 'Histologie de la pièce opérato', NULL, NULL, NULL, NULL, NULL, NULL, NULL),
(200, 'q200_item', 'Fibrose du foie non tumorale', NULL, 'Histologie de la pièce opérato', NULL, NULL, NULL, NULL, NULL, NULL, NULL),
(201, 'q201_item', 'Stéatose du foie non tumoral', NULL, 'Histologie de la pièce opérato', NULL, NULL, NULL, NULL, NULL, NULL, NULL),
(202, 'q202_item', 'Radicalité', NULL, 'Histologie de la pièce opérato', NULL, NULL, NULL, NULL, NULL, NULL, NULL),
(203, 'q203_item', 'Traitement adjuvant', NULL, 'Histologie de la pièce opérato', NULL, NULL, NULL, NULL, NULL, NULL, NULL),
(204, 'q204_item', 'Date de début du traitement adjuvant', NULL, 'Histologie de la pièce opérato', NULL, NULL, NULL, NULL, NULL, NULL, NULL),
(205, 'q205_item', 'Délai entre la chirurgie et le  traitement adjuvant', NULL, 'Histologie de la pièce opérato', NULL, NULL, NULL, NULL, NULL, NULL, NULL),
(206, 'q206_item', 'Date fermeture de stomie', NULL, 'A long terme', NULL, NULL, NULL, NULL, NULL, NULL, NULL),
(207, 'q207_item', 'Délai fermeture de stomie(semaines)', NULL, 'A long terme', NULL, NULL, NULL, NULL, NULL, NULL, NULL),
(208, 'q208_item', 'Date des dérnières nouvelle', NULL, 'A long terme', NULL, NULL, NULL, NULL, NULL, NULL, NULL),
(209, 'q209_item', 'Recul', NULL, 'A long terme', NULL, NULL, NULL, NULL, NULL, NULL, NULL),
(210, 'q210_item', 'Statut du patient', NULL, 'A long terme', NULL, NULL, NULL, NULL, NULL, NULL, NULL),
(211, 'q211_item', 'Récidive locale', NULL, 'A long terme', NULL, NULL, NULL, NULL, NULL, NULL, NULL),
(212, 'q212_item', 'Date de découverte de la récidive locale', NULL, 'A long terme', NULL, NULL, NULL, NULL, NULL, NULL, NULL),
(213, 'q213_item', 'Délai entre chirurgie et la récidive locale', NULL, 'A long terme', NULL, NULL, NULL, NULL, NULL, NULL, NULL),
(214, 'q214_item', 'Récidive à distance', NULL, 'A long terme', NULL, NULL, NULL, NULL, NULL, NULL, NULL),
(215, 'q215_item', 'Si Récidive à distance, préciser site(s)', NULL, 'A long terme', NULL, NULL, NULL, NULL, NULL, NULL, NULL),
(216, 'q216_item', 'Date de découverte de la récidive à distance', NULL, 'A long terme', NULL, NULL, NULL, NULL, NULL, NULL, NULL),
(217, 'q217_item', 'poumon', NULL, 'Maladie pré thérapeutique', NULL, NULL, NULL, NULL, NULL, NULL, NULL),
(218, 'q218_item', 'foie', NULL, 'Maladie pré thérapeutique', NULL, NULL, NULL, NULL, NULL, NULL, NULL),
(219, 'q219_item', 'péritoine', NULL, 'Maladie pré thérapeutique', NULL, NULL, NULL, NULL, NULL, NULL, NULL),
(220, 'q220_item', 'ovaire', NULL, 'Maladie pré thérapeutique', NULL, NULL, NULL, NULL, NULL, NULL, NULL),
(221, 'q221_item', 'Organes réséqués à distance_Péritoine', 'traitement', 'Traitement', NULL, NULL, NULL, NULL, NULL, NULL, NULL),
(222, 'q222_item', 'Organes réséqués à distance_Ovaire', 'traitement', 'Traitement', NULL, NULL, NULL, NULL, NULL, NULL, NULL),
(223, 'q223_item', 'Pleuro-pulmonaire', NULL, 'Morbi-mortalité', NULL, NULL, NULL, NULL, NULL, NULL, NULL),
(224, 'q224_item', 'Cardiaque', NULL, 'Morbi-mortalité', NULL, NULL, NULL, NULL, NULL, NULL, NULL),
(225, 'q225_item', 'Thrombo embolique', NULL, 'Morbi-mortalité', NULL, NULL, NULL, NULL, NULL, NULL, NULL),
(226, 'q226_item', 'Bague à chaton', NULL, 'Histologie de la pièce opérato', NULL, NULL, NULL, NULL, NULL, NULL, NULL),
(227, 'q227_item', 'Embols vasculaires', NULL, 'Histologie de la pièce opérato', NULL, NULL, NULL, NULL, NULL, NULL, NULL),
(228, 'q228_item', 'Engainement périnervreux', NULL, 'Histologie de la pièce opérato', NULL, NULL, NULL, NULL, NULL, NULL, NULL),
(229, 'q229_item', 'Délai entre chirurgie et la récidive à distance', NULL, 'A long terme', NULL, NULL, NULL, NULL, NULL, NULL, NULL),
(230, 'q230_item', 'Geste interventionnel endoscopique et/ou radiologique dans les 90 jours postopératoires', NULL, 'Morbi-mortalité', NULL, NULL, NULL, NULL, NULL, NULL, NULL),
(231, 'q231_item', 'Score de Clavien maximal dans les 90 jours postopératoires', NULL, 'Morbi-mortalité', NULL, NULL, NULL, NULL, NULL, NULL, NULL),
(232, 'q232_item', 'Organe réséqué locale Plèvre', NULL, 'Traitement', NULL, NULL, NULL, NULL, NULL, NULL, NULL),
(233, 'q233_item', 'Organe réséqué locale Pericarde', NULL, 'Traitement', NULL, NULL, NULL, NULL, NULL, NULL, NULL),
(234, 'q234_item', 'Organe réséqué locale  Diaphragme', NULL, 'Traitement', NULL, NULL, NULL, NULL, NULL, NULL, NULL),
(235, 'q235_item', 'Organe réséqué locale Colon', NULL, 'Traitement', NULL, NULL, NULL, NULL, NULL, NULL, NULL),
(236, 'q236_item', 'Organe réséqué locale Mésocolon', NULL, 'Traitement', NULL, NULL, NULL, NULL, NULL, NULL, NULL),
(237, 'q237_item', 'Organe réséqué locale Pancréas', NULL, 'Traitement', NULL, NULL, NULL, NULL, NULL, NULL, NULL),
(238, 'q238_item', 'Organe réséqué locale Rate', NULL, 'Traitement', NULL, NULL, NULL, NULL, NULL, NULL, NULL),
(239, 'q239_item', 'Organe réséqué locale Vésicule bilaire', NULL, 'Traitement', NULL, NULL, NULL, NULL, NULL, NULL, NULL),
(240, 'q240_item', 'Organe réséqué locale Foie', NULL, 'Traitement', NULL, NULL, NULL, NULL, NULL, NULL, NULL),
(241, 'q241_item', 'Foie distance traitement', NULL, 'Traitement', NULL, NULL, NULL, NULL, NULL, NULL, NULL),
(242, 'q242_item', 'Curage abdominal', NULL, 'Traitement', NULL, NULL, NULL, NULL, NULL, NULL, NULL),
(243, 'q243_item', 'Curage thoracique', NULL, 'Traitement', NULL, NULL, NULL, NULL, NULL, NULL, NULL),
(244, 'q244_item', 'Curage cervical', NULL, 'Traitement', NULL, NULL, NULL, NULL, NULL, NULL, NULL),
(245, 'q245_item', 'Fundus', NULL, 'Maladie pré thérapeutique', NULL, NULL, NULL, NULL, NULL, NULL, NULL),
(246, 'q246_item', 'Corps', NULL, 'Maladie pré thérapeutique', NULL, NULL, NULL, NULL, NULL, NULL, NULL),
(247, 'q247_item', 'Petit courbure', NULL, 'Maladie pré thérapeutique', NULL, NULL, NULL, NULL, NULL, NULL, NULL),
(248, 'q248_item', 'Grand courbure', NULL, 'Maladie pré thérapeutique', NULL, NULL, NULL, NULL, NULL, NULL, NULL),
(249, 'q249_item', 'Antre', NULL, 'Maladie pré thérapeutique', NULL, NULL, NULL, NULL, NULL, NULL, NULL),
(250, 'q250_item', 'Pylore', NULL, 'Maladie pré thérapeutique', NULL, NULL, NULL, NULL, NULL, NULL, NULL),
(251, 'q251_item', 'Appendice', NULL, 'Maladie pré thérapeutique', NULL, NULL, NULL, NULL, NULL, NULL, NULL),
(252, 'q252_item', 'Colon droit', NULL, 'Maladie pré thérapeutique', NULL, NULL, NULL, NULL, NULL, NULL, NULL),
(253, 'q253_item', 'Colon transverse', NULL, 'Maladie pré thérapeutique', NULL, NULL, NULL, NULL, NULL, NULL, NULL),
(254, 'q254_item', 'Colon descendant', NULL, 'Maladie pré thérapeutique', NULL, NULL, NULL, NULL, NULL, NULL, NULL),
(255, 'q255_item', 'Sigmoide', NULL, 'Maladie pré thérapeutique', NULL, NULL, NULL, NULL, NULL, NULL, NULL),
(256, 'q256_item', 'Organe réséqué locale paroi', NULL, 'Traitement', NULL, NULL, NULL, NULL, NULL, NULL, NULL),
(257, 'q257_item', 'Organe réséqué locale Urinaire', NULL, 'Traitement', NULL, NULL, NULL, NULL, NULL, NULL, NULL),
(258, 'q258_item', 'Organe réséqué locale Utérus', NULL, 'Traitement', NULL, NULL, NULL, NULL, NULL, NULL, NULL),
(259, 'q259_item', 'Organe réséqué locale Ovaire', NULL, 'Traitement', NULL, NULL, NULL, NULL, NULL, NULL, NULL),
(260, 'q260_item', 'Organe réséqué locale Péritoine', NULL, 'Traitement', NULL, NULL, NULL, NULL, NULL, NULL, NULL),
(261, 'q261_item', 'Création d\'anastomose', NULL, 'Traitement', NULL, NULL, NULL, NULL, NULL, NULL, NULL),
(262, 'q262_item', 'Organe réséqué locale Grêle', NULL, 'Traitement', NULL, NULL, NULL, NULL, NULL, NULL, NULL),
(263, 'q263_item', 'Organe réséqué locale Duodénum', NULL, 'Traitement', NULL, NULL, NULL, NULL, NULL, NULL, NULL),
(264, 'q264_item', 'Organe réséqué locale Vaisseaux iliaques', NULL, 'Traitement', NULL, NULL, NULL, NULL, NULL, NULL, NULL),
(265, 'q265_item', 'Organe réséqué locale Vagin', NULL, 'Traitement', NULL, NULL, NULL, NULL, NULL, NULL, NULL),
(266, 'q266_item', 'Réponse morphologique au traitement néo-adjuvant (RECIST)', '', 'Traitement', NULL, NULL, NULL, NULL, NULL, NULL, NULL),
(267, 'q267_item', 'Réponse des marqueurs au traitement néo-adjuvant', NULL, 'Traitement', NULL, NULL, NULL, NULL, NULL, NULL, NULL),
(268, 'q268_item', 'Complications médicales Infectueuse', NULL, 'Morbi-mortalité', NULL, NULL, NULL, NULL, NULL, NULL, NULL);

-- --------------------------------------------------------

--
-- Structure de la table `medecin`
--

CREATE TABLE `medecin` (
  `id` int(11) NOT NULL,
  `nom` varchar(30) NOT NULL,
  `prenom` varchar(30) NOT NULL,
  `code` varchar(30) NOT NULL,
  `telephone` varchar(20) DEFAULT NULL,
  `mail` varchar(100) DEFAULT NULL,
  `statut` varchar(100) NOT NULL,
  `id_service` int(11) NOT NULL
) ENGINE=InnoDB DEFAULT CHARSET=utf8;

--
-- Déchargement des données de la table `medecin`
--

INSERT INTO `medecin` (`id`, `nom`, `prenom`, `code`, `telephone`, `mail`, `statut`, `id_service`) VALUES
(36, 'RAOUF', 'Mohsin', '', '', '', '', 3),
(37, 'SOUADKA', 'Amine', '', '', '', '', 3),
(38, 'BENKABOU', 'Amine', '', '', '', '', 3),
(39, 'MAJBAR', 'Anas', '', '', '', '', 3),
(40, 'BOUGTAB', 'Abdeslam', '', '', '', '', 3),
(41, 'BELKOUCHI', 'Abdelkader', '', '', '', '', 2),
(42, 'IFRINE', 'Lahssan', '', '', '', '', 2),
(43, 'MALKI', 'Hadj Omar', '', '', '', '', 2),
(44, 'CHEFCHAOUNI', 'Mountassir', '', '', '', '', 2),
(45, 'AHALLAT', 'Mohamed', '', '', '', '', 1),
(46, 'HRORA', 'Abdelmalek', '', '', '', '', 1),
(47, 'RAISS', 'Mohamed', '', '', '', '', 1),
(48, 'SABBAH', 'Farid', '', '', '', '', 1),
(49, 'MAJBAR', 'Anas', '', '', '', '', 1),
(50, 'ELHARROUDI', 'TIJANI', '', '', '', '', 4),
(51, 'ALAOUI', 'Mouna', '', '', '', '', 1),
(52, 'SERJI', 'Badr', '', '', '', '', 4);

-- --------------------------------------------------------

--
-- Structure de la table `organe`
--

CREATE TABLE `organe` (
  `id` int(11) NOT NULL,
  `intitule` varchar(100) NOT NULL,
  `code` varchar(20) DEFAULT NULL
) ENGINE=InnoDB DEFAULT CHARSET=utf8;

--
-- Déchargement des données de la table `organe`
--

INSERT INTO `organe` (`id`, `intitule`, `code`) VALUES
(1, 'Oesophage et Cardia', 'A'),
(2, 'Estomac', 'B'),
(3, 'Pancréas-Voies bilaire', 'C'),
(4, 'Grêle', 'D'),
(5, 'Colon et de l\'Appendice', 'E'),
(6, 'Rectum et de l\'Anus', 'F'),
(7, 'Foie primitif', 'G'),
(8, 'Foie métastasique', 'H');

-- --------------------------------------------------------

--
-- Structure de la table `patient`
--

CREATE TABLE `patient` (
  `id` int(11) NOT NULL,
  `code` varchar(255) DEFAULT NULL,
  `sexe` varchar(10) DEFAULT NULL,
  `age` int(3) DEFAULT NULL,
  `serie` varchar(10) DEFAULT NULL,
  `serieComplete` varchar(100) DEFAULT NULL
) ENGINE=InnoDB DEFAULT CHARSET=utf8;

--
-- Déchargement des données de la table `patient`
--

INSERT INTO `patient` (`id`, `code`, `sexe`, `age`, `serie`, `serieComplete`) VALUES
(33, '902e31ca-9699-480b-8908-dafab4ba0254', NULL, 0, NULL, NULL),
(34, '1753181e-508d-43ac-a40d-58dcde22c51b', NULL, 0, NULL, NULL),
(35, 'f0138477-6f3f-4a72-9af9-fc77f8243fa1', 'f', 25, '1234', '2-1234-E'),
(36, '5ae60e4d-0cae-4c80-b234-b9813e0361a7', 'f', 25, '4758', '2-4758-E'),
(37, 'cb63f394-7c39-496a-8b60-92ff1db1f106', 'f', 85, '7885', '2-7885-B'),
(38, 'c12200bf-2c76-4f4d-b53e-8cd27e044007', 'f', 20, '2587', '2-2587-E'),
(39, '3daf1992-10ff-43ab-9895-1a54c4a84f40', 'f', 30, '9856', '2-9856-E'),
(40, 'ebfd983e-94ba-4413-a562-127555a4d85d', 'f', 89, '2563', '2-2563-C'),
(41, 'bf0fae4d-77b2-4c90-8fd2-553b9eb381b5', NULL, 0, NULL, NULL),
(42, 'a1e6e8c5-1dc6-4d89-9178-50f7133dab16', 'f', 85, '2563', '2-2563-F'),
(43, '859a5bb8-e5c3-47d4-9203-56b8f364a477', NULL, 0, NULL, NULL),
(44, 'c51cc692-2798-4418-a4ea-0021291b9632', 'f', 31, '2563', '2-2563-F'),
(45, 'a08c6e33-31b4-4010-816d-7e97123f8b09', 'f', 31, '2568', '2-2568-B'),
(46, '66016ec9-b336-4ff1-9249-4bc96c775f28', 'f', 89, '2563', '2-2563-G'),
(47, '78f4e484-3a98-409e-bf8f-0db546e4196d', 'f', 26, '1452', '2-1452-E'),
(48, '726e955b-8375-4c17-a08f-54a914526cc4', 'f', 29, '5896', '2-5896-H'),
(49, '36aa38e9-d12c-40b6-8c03-4f9486d3cf60', 'f', 56, '8988', '2-8988-D'),
(50, '594bc5bf-f5b5-4454-b230-ec6a7bbc83dd', 'f', 51, '856', '2-856-A'),
(51, '3e8032e2-8fcb-4ed8-b72e-6acbd938d7a2', 'f', 27, '2563', '2-2563-E'),
(52, 'a6ea372c-2d74-46dc-ad7f-1dd0f591c9cd', 'f', 70, '2563', '2-2563-E'),
(53, '2e49b847-c181-4312-995b-6d9aaa15e83b', NULL, 0, NULL, NULL),
(54, '0ae19aa2-cbdc-4832-a7df-31cb49c8987a', NULL, 0, NULL, NULL),
(55, 'c1a167d6-3aa6-4188-b611-c2d079f203d7', NULL, 0, NULL, NULL),
(56, '6588f866-f4c4-4859-a5cc-3a0d01652b6c', NULL, 0, NULL, NULL),
(57, '1dcf0052-de78-40bf-bf20-9b5fea8aa3f5', NULL, 0, NULL, NULL),
(58, 'bbc2ac7f-888c-4c60-9bdc-84f3b527e29f', 'm', 78, '2365', '2-2365-C'),
(59, 'd76738c5-8020-415b-b580-de1d8632429b', 'f', 85, '2563', '2-2563-C'),
(60, '56a6ddef-f5bf-46d3-ab2b-ff01802309e8', 'f', 85, '7453', '2-7453-C'),
(61, '526ea88e-7b94-4126-a9b4-4b6f8550ea8c', 'f', 45, '2564', '2-2564-C'),
(62, '2120727d-0f75-4cb8-a694-f9769521bc91', NULL, 0, NULL, NULL),
(63, 'd2702012-8736-4bab-ae8f-1590e9c0143e', 'f', 98, '7896', '2-7896-F'),
(64, 'be95804c-c80c-4614-af6f-5c515614be66', 'm', 44, '7896', '2-7896-F'),
(65, '103aa7b1-f4a9-4aaa-b38a-5db67a900f36', 'f', 58, '745', '2-745-A'),
(66, 'dbdfd5d9-3e3e-4fe7-83ac-b9f620dd841b', 'f', 45, '7456', '2-7456-B'),
(67, 'd6d6dd69-285c-4652-a2ae-b1369a481e31', 'f', 15, '7896', '2-7896-F'),
(68, 'cb05e3fd-ca0c-44e5-9cfd-b96d6bd49dca', 'f', 20, '7896', '2-7896-F'),
(69, '463e0834-5e91-473a-ab59-655b21e21310', NULL, 0, NULL, NULL),
(70, '9ffe6fbd-5f58-444d-84fd-48ec5c26cc9e', 'f', 89, '8889', '1-8889-A'),
(71, '61955ec2-ffca-445c-8b83-e2cefa01c2bf', NULL, 0, NULL, NULL),
(72, '6e409849-06e3-43e5-99e2-dfbc7ada95e2', 'm', 30, '0005', '2-0005-F'),
(73, '54827152-c31d-4be9-94bb-9ccac73a6f07', 'f', 56, '555', '2-555-F'),
(74, '37d8b9d9-bacc-4f8d-a589-abb6594b1f13', 'f', 78, '9996', '2-9996-E'),
(75, 'f5957831-19a2-4acf-a063-8a1a04f1efa1', 'f', 89, '745', '2-745-B'),
(76, '7ee83b81-f109-49fe-ac86-814b94ab3ae2', NULL, 0, NULL, NULL),
(77, '273dfeef-cfda-495c-aae8-e5b50682452b', NULL, 0, NULL, NULL),
(78, 'fed64253-15d9-486f-8baa-a663df938852', NULL, 0, NULL, NULL),
(79, '584da1bd-0810-402c-91be-d9cf4cdf0400', NULL, 0, NULL, NULL),
(80, '4d6c607a-91a2-4719-a1ac-af5974c444ab', 'f', 23, '1236', '2-1236-B'),
(81, '04f059e9-ce11-4fa1-8ed3-7721bfcf545d', 'f', 78, '15236', '2-15236-E'),
(82, 'b0f73fc9-85bd-44bf-8eb2-a4cbd2005d95', 'f', 81, '6589', '2-6589-E'),
(83, '1577187b-f3cf-4cc4-9820-f486800a321c', 'f', 84, '2580', '2-2580-E');

-- --------------------------------------------------------

--
-- Structure de la table `pj_item`
--

CREATE TABLE `pj_item` (
  `id_pj` int(11) NOT NULL,
  `nom` varchar(250) DEFAULT NULL,
  `type` varchar(50) DEFAULT NULL,
  `contenu` text
) ENGINE=InnoDB DEFAULT CHARSET=utf8;

--
-- Déchargement des données de la table `pj_item`
--

INSERT INTO `pj_item` (`id_pj`, `nom`, `type`, `contenu`) VALUES
(1, '34-Capture_masse_180713000157', 'PNG', '34-Capture_masse_180713000157.PNG'),
(2, '245-Capture5_180713000157', 'PNG', '245-Capture5_180713000157.PNG'),
(3, '26-Capture4_180719172654', 'PNG', '26-Capture4_180719172654.PNG');

-- --------------------------------------------------------

--
-- Structure de la table `role`
--

CREATE TABLE `role` (
  `id` int(11) NOT NULL,
  `intitule` varchar(200) DEFAULT NULL
) ENGINE=InnoDB DEFAULT CHARSET=utf8;

--
-- Déchargement des données de la table `role`
--

INSERT INTO `role` (`id`, `intitule`) VALUES
(1, 'admin'),
(2, 'medecin_admin'),
(3, 'medecin'),
(4, 'stratans_arc'),
(5, 'stratans_tec'),
(6, 'resident');

-- --------------------------------------------------------

--
-- Structure de la table `service`
--

CREATE TABLE `service` (
  `id` int(11) NOT NULL,
  `intitule` varchar(255) NOT NULL,
  `code` varchar(255) DEFAULT NULL
) ENGINE=InnoDB DEFAULT CHARSET=utf8;

--
-- Déchargement des données de la table `service`
--

INSERT INTO `service` (`id`, `intitule`, `code`) VALUES
(1, 'Chirurgie C', '1'),
(2, 'Chirurgie A', '0'),
(3, 'INO', '2'),
(4, 'OUJDA', '3');

-- --------------------------------------------------------

--
-- Structure de la table `utilisateur`
--

CREATE TABLE `utilisateur` (
  `id` int(11) NOT NULL,
  `code` varchar(255) DEFAULT NULL,
  `nom_prenom` varchar(250) DEFAULT NULL,
  `nom_utilisateur` varchar(255) DEFAULT NULL,
  `mdp` varchar(255) DEFAULT NULL,
  `localisation_ip` varchar(255) DEFAULT NULL,
  `statut` varchar(50) DEFAULT NULL,
  `mail` varchar(50) DEFAULT NULL,
  `telephone` varchar(20) DEFAULT NULL,
  `date_derniere_cnx` datetime DEFAULT NULL,
  `question_securite` varchar(255) DEFAULT NULL,
  `reponse_question` varchar(255) DEFAULT NULL,
  `token` varchar(255) DEFAULT NULL,
  `id_role` int(11) DEFAULT NULL,
  `id_service` int(11) DEFAULT NULL
) ENGINE=InnoDB DEFAULT CHARSET=utf8;

--
-- Déchargement des données de la table `utilisateur`
--

INSERT INTO `utilisateur` (`id`, `code`, `nom_prenom`, `nom_utilisateur`, `mdp`, `localisation_ip`, `statut`, `mail`, `telephone`, `date_derniere_cnx`, `question_securite`, `reponse_question`, `token`, `id_role`, `id_service`) VALUES
(1, NULL, 'yasmine_taous4', 'yasmine.taous4', '5ea345ab330cf29f81d8de9bf5466f508fe351e1', NULL, NULL, 'yasmine.taous@gmail.com', NULL, NULL, NULL, NULL, NULL, 1, 1),
(2, NULL, 'yasmine_taous2', 'yasmine.taous2', '5ea345ab330cf29f81d8de9bf5466f508fe351e1', NULL, NULL, 'yasmine.taous@gmail.com', NULL, NULL, NULL, NULL, NULL, 6, 1),
(3, NULL, 'yasmine_taous3', 'yasmine.taous3', '5ea345ab330cf29f81d8de9bf5466f508fe351e1', NULL, NULL, 'yasmine.taous@gmail.com', NULL, NULL, NULL, NULL, NULL, 4, 2),
(4, NULL, 'yasmine_taous', 'yasmine.taous4', '5ea345ab330cf29f81d8de9bf5466f508fe351e1', NULL, NULL, 'yasmine.taous@gmail.com', NULL, NULL, NULL, NULL, NULL, 3, 2),
(5, NULL, 'yasmine_taous5', 'yasmine.taous5', '5ea345ab330cf29f81d8de9bf5466f508fe351e1', NULL, NULL, 'yasmine.taous@gmail.com', NULL, NULL, NULL, NULL, NULL, 1, NULL),
(6, NULL, 'medecin test', 'medecin_test', '5ea345ab330cf29f81d8de9bf5466f508fe351e1', NULL, NULL, 'yasmine.taous@gmail.com', NULL, NULL, NULL, NULL, NULL, 3, 1),
(7, NULL, 'medecin test', 'medecin_test', '5ea345ab330cf29f81d8de9bf5466f508fe351e1', NULL, NULL, 'yasmine.taous@gmail.com', NULL, NULL, NULL, NULL, NULL, 3, 3),
(8, NULL, 'medecin ino', 'medecin_ino', 'ebb9046a83699871733341885da33aead8cc37fb', NULL, NULL, 'yasmine.taous@gmail.com', NULL, NULL, NULL, NULL, 'c0c807bd-ec2d-4056-85fc-358ae1bdb2a5', 3, 3),
(9, NULL, 'medecin oujda', 'medecin_oujda', '5ea345ab330cf29f81d8de9bf5466f508fe351e1', NULL, NULL, 'yasmine.taous@gmail.com', NULL, NULL, NULL, NULL, NULL, 3, 4),
(10, NULL, 'medecin CA', 'medecin_ca', '5ea345ab330cf29f81d8de9bf5466f508fe351e1', NULL, NULL, 'yasmine.taous@gmail.com', NULL, NULL, NULL, NULL, NULL, 3, 2),
(11, NULL, 'medecin CC', 'medecin_cc', '5ea345ab330cf29f81d8de9bf5466f508fe351e1', NULL, NULL, 'yasmine.taous@gmail.com', NULL, NULL, NULL, NULL, NULL, 3, 1),
(12, NULL, 'resident ino', 'resident_ino', '5ea345ab330cf29f81d8de9bf5466f508fe351e1', NULL, NULL, 'yasmine.taous@gmail.com', NULL, NULL, NULL, NULL, NULL, 6, 3),
(13, NULL, 'resident oujda', 'resident_oujda', '5ea345ab330cf29f81d8de9bf5466f508fe351e1', NULL, NULL, 'yasmine.taous@gmail.com', NULL, NULL, NULL, NULL, NULL, 6, 4),
(14, NULL, 'resident CA', 'resident_ca', '5ea345ab330cf29f81d8de9bf5466f508fe351e1', NULL, NULL, 'yasmine.taous@gmail.com', NULL, NULL, NULL, NULL, NULL, 6, 2),
(15, NULL, 'resident CC', 'resident_cc', '5ea345ab330cf29f81d8de9bf5466f508fe351e1', NULL, NULL, 'yasmine.taous@gmail.com', NULL, NULL, NULL, NULL, NULL, 6, 1),
(16, NULL, 'stratans arc', 'stratans_arc', '5ea345ab330cf29f81d8de9bf5466f508fe351e1', NULL, NULL, 'yasmine.taous@gmail.com', NULL, NULL, NULL, NULL, NULL, 4, 1),
(17, NULL, 'stratans tec', 'stratans_tec', '5ea345ab330cf29f81d8de9bf5466f508fe351e1', NULL, NULL, 'yasmine.taous@gmail.com', NULL, NULL, NULL, NULL, NULL, 5, 3),
(18, NULL, 'admin test', 'admin_test', '5ea345ab330cf29f81d8de9bf5466f508fe351e1', NULL, NULL, 'yasmine.taous@gmail.com', NULL, NULL, NULL, NULL, NULL, 1, NULL),
(19, NULL, 'dfgdfg_fdsfs', 'dfgdg', '5ea345ab330cf29f81d8de9bf5466f508fe351e1', NULL, NULL, 'dfgdfgf@sdfdsg.com', NULL, NULL, NULL, NULL, NULL, NULL, NULL),
(20, NULL, 'taous_yasmine', 'yasmine', '5ea345ab330cf29f81d8de9bf5466f508fe351e1', NULL, NULL, 'yass.test@gmail.com', NULL, NULL, NULL, NULL, NULL, 4, 1),
(21, NULL, 'taous_yasmine', 'abcdef', '862bffd3a14f343f266de6ae527e300e23798289', NULL, NULL, 'yass.test@gmail.com', NULL, NULL, NULL, NULL, NULL, 4, 2);

--
-- Index pour les tables déchargées
--

--
-- Index pour la table `commentaire`
--
ALTER TABLE `commentaire`
  ADD PRIMARY KEY (`id`),
  ADD KEY `fk_user1` (`emetteur`),
  ADD KEY `fk_user2` (`recepteur`),
  ADD KEY `fk_fi` (`form_item_id`),
  ADD KEY `fk_parent` (`id_parent`);

--
-- Index pour la table `commentaire_reponse`
--
ALTER TABLE `commentaire_reponse`
  ADD PRIMARY KEY (`id`),
  ADD KEY `fk_comment` (`id_commentaire`);

--
-- Index pour la table `formulaire`
--
ALTER TABLE `formulaire`
  ADD PRIMARY KEY (`id`),
  ADD KEY `organeID_fk` (`id_organe`),
  ADD KEY `patientID_fk` (`id_patient`);

--
-- Index pour la table `formulaire_historique`
--
ALTER TABLE `formulaire_historique`
  ADD PRIMARY KEY (`id`),
  ADD KEY `fk_user` (`id_utilisateur`),
  ADD KEY `fk_form` (`id_formulaire`);

--
-- Index pour la table `formulaire_item`
--
ALTER TABLE `formulaire_item`
  ADD PRIMARY KEY (`id`),
  ADD KEY `itemID_fk` (`id_item`),
  ADD KEY `formID_fk` (`id_formulaire`),
  ADD KEY `pjID_fk` (`id_pj`);

--
-- Index pour la table `item`
--
ALTER TABLE `item`
  ADD PRIMARY KEY (`id`);

--
-- Index pour la table `medecin`
--
ALTER TABLE `medecin`
  ADD PRIMARY KEY (`id`),
  ADD KEY `serviceID_fk` (`id_service`);

--
-- Index pour la table `organe`
--
ALTER TABLE `organe`
  ADD PRIMARY KEY (`id`);

--
-- Index pour la table `patient`
--
ALTER TABLE `patient`
  ADD PRIMARY KEY (`id`);

--
-- Index pour la table `pj_item`
--
ALTER TABLE `pj_item`
  ADD PRIMARY KEY (`id_pj`);

--
-- Index pour la table `role`
--
ALTER TABLE `role`
  ADD PRIMARY KEY (`id`);

--
-- Index pour la table `service`
--
ALTER TABLE `service`
  ADD PRIMARY KEY (`id`);

--
-- Index pour la table `utilisateur`
--
ALTER TABLE `utilisateur`
  ADD PRIMARY KEY (`id`),
  ADD KEY `roleID_fk` (`id_role`),
  ADD KEY `serviceUserID_fk` (`id_service`);

--
-- AUTO_INCREMENT pour les tables déchargées
--

--
-- AUTO_INCREMENT pour la table `commentaire`
--
ALTER TABLE `commentaire`
  MODIFY `id` int(11) NOT NULL AUTO_INCREMENT, AUTO_INCREMENT=12;

--
-- AUTO_INCREMENT pour la table `commentaire_reponse`
--
ALTER TABLE `commentaire_reponse`
  MODIFY `id` int(11) NOT NULL AUTO_INCREMENT, AUTO_INCREMENT=5;

--
-- AUTO_INCREMENT pour la table `formulaire`
--
ALTER TABLE `formulaire`
  MODIFY `id` int(11) NOT NULL AUTO_INCREMENT, AUTO_INCREMENT=52;

--
-- AUTO_INCREMENT pour la table `formulaire_historique`
--
ALTER TABLE `formulaire_historique`
  MODIFY `id` int(11) NOT NULL AUTO_INCREMENT, AUTO_INCREMENT=47;

--
-- AUTO_INCREMENT pour la table `formulaire_item`
--
ALTER TABLE `formulaire_item`
  MODIFY `id` int(11) NOT NULL AUTO_INCREMENT, AUTO_INCREMENT=974;

--
-- AUTO_INCREMENT pour la table `item`
--
ALTER TABLE `item`
  MODIFY `id` int(11) NOT NULL AUTO_INCREMENT, AUTO_INCREMENT=269;

--
-- AUTO_INCREMENT pour la table `medecin`
--
ALTER TABLE `medecin`
  MODIFY `id` int(11) NOT NULL AUTO_INCREMENT, AUTO_INCREMENT=53;

--
-- AUTO_INCREMENT pour la table `organe`
--
ALTER TABLE `organe`
  MODIFY `id` int(11) NOT NULL AUTO_INCREMENT, AUTO_INCREMENT=9;

--
-- AUTO_INCREMENT pour la table `patient`
--
ALTER TABLE `patient`
  MODIFY `id` int(11) NOT NULL AUTO_INCREMENT, AUTO_INCREMENT=84;

--
-- AUTO_INCREMENT pour la table `pj_item`
--
ALTER TABLE `pj_item`
  MODIFY `id_pj` int(11) NOT NULL AUTO_INCREMENT, AUTO_INCREMENT=4;

--
-- AUTO_INCREMENT pour la table `role`
--
ALTER TABLE `role`
  MODIFY `id` int(11) NOT NULL AUTO_INCREMENT, AUTO_INCREMENT=7;

--
-- AUTO_INCREMENT pour la table `service`
--
ALTER TABLE `service`
  MODIFY `id` int(11) NOT NULL AUTO_INCREMENT, AUTO_INCREMENT=5;

--
-- AUTO_INCREMENT pour la table `utilisateur`
--
ALTER TABLE `utilisateur`
  MODIFY `id` int(11) NOT NULL AUTO_INCREMENT, AUTO_INCREMENT=22;

--
-- Contraintes pour les tables déchargées
--

--
-- Contraintes pour la table `commentaire`
--
ALTER TABLE `commentaire`
  ADD CONSTRAINT `fk_fi` FOREIGN KEY (`form_item_id`) REFERENCES `formulaire_item` (`id`) ON DELETE CASCADE ON UPDATE CASCADE,
  ADD CONSTRAINT `fk_parent` FOREIGN KEY (`id_parent`) REFERENCES `commentaire` (`id`) ON DELETE CASCADE ON UPDATE CASCADE,
  ADD CONSTRAINT `fk_user1` FOREIGN KEY (`emetteur`) REFERENCES `utilisateur` (`id`) ON DELETE CASCADE ON UPDATE CASCADE,
  ADD CONSTRAINT `fk_user2` FOREIGN KEY (`recepteur`) REFERENCES `utilisateur` (`id`) ON DELETE CASCADE ON UPDATE CASCADE;

--
-- Contraintes pour la table `commentaire_reponse`
--
ALTER TABLE `commentaire_reponse`
  ADD CONSTRAINT `fk_comment` FOREIGN KEY (`id_commentaire`) REFERENCES `commentaire` (`id`) ON DELETE CASCADE ON UPDATE CASCADE;

--
-- Contraintes pour la table `formulaire`
--
ALTER TABLE `formulaire`
  ADD CONSTRAINT `organeID_fk` FOREIGN KEY (`id_organe`) REFERENCES `organe` (`id`) ON DELETE CASCADE ON UPDATE CASCADE,
  ADD CONSTRAINT `patientID_fk` FOREIGN KEY (`id_patient`) REFERENCES `patient` (`id`) ON DELETE CASCADE ON UPDATE CASCADE;

--
-- Contraintes pour la table `formulaire_historique`
--
ALTER TABLE `formulaire_historique`
  ADD CONSTRAINT `fk_form` FOREIGN KEY (`id_formulaire`) REFERENCES `formulaire` (`id`) ON DELETE CASCADE ON UPDATE CASCADE,
  ADD CONSTRAINT `fk_user` FOREIGN KEY (`id_utilisateur`) REFERENCES `utilisateur` (`id`) ON DELETE CASCADE ON UPDATE CASCADE;

--
-- Contraintes pour la table `formulaire_item`
--
ALTER TABLE `formulaire_item`
  ADD CONSTRAINT `formID_fk` FOREIGN KEY (`id_formulaire`) REFERENCES `formulaire` (`id`) ON DELETE CASCADE ON UPDATE CASCADE,
  ADD CONSTRAINT `itemID_fk` FOREIGN KEY (`id_item`) REFERENCES `item` (`id`) ON DELETE CASCADE ON UPDATE CASCADE,
  ADD CONSTRAINT `pjID_fk` FOREIGN KEY (`id_pj`) REFERENCES `pj_item` (`id_pj`) ON DELETE CASCADE ON UPDATE CASCADE;

--
-- Contraintes pour la table `medecin`
--
ALTER TABLE `medecin`
  ADD CONSTRAINT `serviceID_fk` FOREIGN KEY (`id_service`) REFERENCES `service` (`id`) ON DELETE CASCADE ON UPDATE CASCADE;

--
-- Contraintes pour la table `utilisateur`
--
ALTER TABLE `utilisateur`
  ADD CONSTRAINT `roleID_fk` FOREIGN KEY (`id_role`) REFERENCES `role` (`id`) ON DELETE CASCADE ON UPDATE CASCADE,
  ADD CONSTRAINT `serviceUserID_fk` FOREIGN KEY (`id_service`) REFERENCES `service` (`id`) ON DELETE CASCADE ON UPDATE CASCADE;
COMMIT;

/*!40101 SET CHARACTER_SET_CLIENT=@OLD_CHARACTER_SET_CLIENT */;
/*!40101 SET CHARACTER_SET_RESULTS=@OLD_CHARACTER_SET_RESULTS */;
/*!40101 SET COLLATION_CONNECTION=@OLD_COLLATION_CONNECTION */;
